FullName,DirectoryName,Name,category,category_name,title,slug,price,compare_at_price,badge,ref_code,height_cm,width_cm,short_description,description,seo_title,seo_description,alt_text,image_filename,source_full_path,stock_qty,is_active,is_in_stock,material,colour_finish,specifications
C:\Dev\ram-potteey-ecom\public\product-images-optimized\ceramic-tulsi-pot-rs-1100-ref-10048g-h25-w18cm.webp,C:\Dev\ram-potteey-ecom\public\product-images-optimized,ceramic-tulsi-pot-rs-1100-ref-10048g-h25-w18cm.webp,Ceramic Tulsi Pot,Ceramic Tulsi Pot,Ceramic Tulsi Pot Ref 10048G,ceramic-tulsi-pot-ref-10048g,1100,1375,,10048G,25,18,"Handcrafted ceramic piece from Ram Pottery Mauritius, ideal for tulsi planting, prayer areas, balconies, courtyards and traditional home décor.","Ceramic Tulsi Pot Ref 10048G is a refined handmade ceramic tulsi pot from Ram Pottery Mauritius, created to bring a graceful traditional touch to prayer areas, balconies and home gardens.

This piece is ideal for tulsi planting, prayer areas, balconies, courtyards and traditional home décor. Each item carries the natural charm of handmade pottery, with small variations in tone, texture and finish that make every product unique. It is a beautiful choice for customers looking for authentic Mauritian craftsmanship, meaningful gifts, traditional pieces and elegant décor.

Specifications:
- Category: Ceramic Tulsi Pot
- Material: Ceramic
- Colour/finish: As shown in product image
- Reference code: 10048G
- Approximate size: H 25 cm × W/D 18 cm
- Price: Rs 1100
- Origin: Ram Pottery Mauritius
- Care: Handle with care; wipe gently with a soft cloth; avoid sudden impact or harsh cleaning chemicals.",Ceramic Tulsi Pot Ref 10048G | Handmade Pottery Mauritius,"Buy Ceramic Tulsi Pot Ref 10048G from Ram Pottery Mauritius. Handmade ceramic for ceramic tulsi pot, décor, gifting and traditional use. Ref 10048G. Rs 1100.",Ceramic Tulsi Pot Ref 10048G - Ceramic Tulsi Pot handmade by Ram Pottery Mauritius,ceramic-tulsi-pot-rs-1100-ref-10048g-h25-w18cm.webp,C:\Dev\ram-potteey-ecom\public\product-images-optimized\ceramic-tulsi-pot-rs-1100-ref-10048g-h25-w18cm.webp,1000,TRUE,TRUE,Ceramic,As shown in product image,Category: Ceramic Tulsi Pot | Material: Ceramic | Colour/finish: As shown in product image | Reference: 10048G | Size: H 25 cm × W/D 18 cm | Stock: 1000
C:\Dev\ram-potteey-ecom\public\product-images-optimized\ceramic-tulsi-pot-ref-10046s-rs-675-h-18cm-w-16cm.webp,C:\Dev\ram-potteey-ecom\public\product-images-optimized,ceramic-tulsi-pot-ref-10046s-rs-675-h-18cm-w-16cm.webp,Ceramic Tulsi Pot,Ceramic Tulsi Pot,Ceramic Tulsi Pot Ref 10046S,ceramic-tulsi-pot-ref-10046s,675,844,Best Deal,10046S,18,16,"Handcrafted ceramic piece from Ram Pottery Mauritius, ideal for tulsi planting, prayer areas, balconies, courtyards and traditional home décor.","Ceramic Tulsi Pot Ref 10046S is a refined handmade ceramic tulsi pot from Ram Pottery Mauritius, created to bring a graceful traditional touch to prayer areas, balconies and home gardens.

This piece is ideal for tulsi planting, prayer areas, balconies, courtyards and traditional home décor. Each item carries the natural charm of handmade pottery, with small variations in tone, texture and finish that make every product unique. It is a beautiful choice for customers looking for authentic Mauritian craftsmanship, meaningful gifts, traditional pieces and elegant décor.

Specifications:
- Category: Ceramic Tulsi Pot
- Material: Ceramic
- Colour/finish: As shown in product image
- Reference code: 10046S
- Approximate size: H 18 cm × W/D 16 cm
- Price: Rs 675
- Origin: Ram Pottery Mauritius
- Care: Handle with care; wipe gently with a soft cloth; avoid sudden impact or harsh cleaning chemicals.",Ceramic Tulsi Pot Ref 10046S | Handmade Pottery Mauritius,"Buy Ceramic Tulsi Pot Ref 10046S from Ram Pottery Mauritius. Handmade ceramic for ceramic tulsi pot, décor, gifting and traditional use. Ref 10046S. Rs 675.",Ceramic Tulsi Pot Ref 10046S - Ceramic Tulsi Pot handmade by Ram Pottery Mauritius,ceramic-tulsi-pot-ref-10046s-rs-675-h-18cm-w-16cm.webp,C:\Dev\ram-potteey-ecom\public\product-images-optimized\ceramic-tulsi-pot-ref-10046s-rs-675-h-18cm-w-16cm.webp,1000,TRUE,TRUE,Ceramic,As shown in product image,Category: Ceramic Tulsi Pot | Material: Ceramic | Colour/finish: As shown in product image | Reference: 10046S | Size: H 18 cm × W/D 16 cm | Stock: 1000
C:\Dev\ram-potteey-ecom\public\product-images-optimized\ceramic-tulsi-pot-ref-10049g-rs-1175-h26cm-w20cm.webp,C:\Dev\ram-potteey-ecom\public\product-images-optimized,ceramic-tulsi-pot-ref-10049g-rs-1175-h26cm-w20cm.webp,Ceramic Tulsi Pot,Ceramic Tulsi Pot,Ceramic Tulsi Pot Ref 10049G,ceramic-tulsi-pot-ref-10049g,1175,1469,,10049G,26,20,"Handcrafted ceramic piece from Ram Pottery Mauritius, ideal for tulsi planting, prayer areas, balconies, courtyards and traditional home décor.","Ceramic Tulsi Pot Ref 10049G is a refined handmade ceramic tulsi pot from Ram Pottery Mauritius, created to bring a graceful traditional touch to prayer areas, balconies and home gardens.

This piece is ideal for tulsi planting, prayer areas, balconies, courtyards and traditional home décor. Each item carries the natural charm of handmade pottery, with small variations in tone, texture and finish that make every product unique. It is a beautiful choice for customers looking for authentic Mauritian craftsmanship, meaningful gifts, traditional pieces and elegant décor.

Specifications:
- Category: Ceramic Tulsi Pot
- Material: Ceramic
- Colour/finish: As shown in product image
- Reference code: 10049G
- Approximate size: H 26 cm × W/D 20 cm
- Price: Rs 1175
- Origin: Ram Pottery Mauritius
- Care: Handle with care; wipe gently with a soft cloth; avoid sudden impact or harsh cleaning chemicals.",Ceramic Tulsi Pot Ref 10049G | Handmade Pottery Mauritius,"Buy Ceramic Tulsi Pot Ref 10049G from Ram Pottery Mauritius. Handmade ceramic for ceramic tulsi pot, décor, gifting and traditional use. Ref 10049G. Rs 1175.",Ceramic Tulsi Pot Ref 10049G - Ceramic Tulsi Pot handmade by Ram Pottery Mauritius,ceramic-tulsi-pot-ref-10049g-rs-1175-h26cm-w20cm.webp,C:\Dev\ram-potteey-ecom\public\product-images-optimized\ceramic-tulsi-pot-ref-10049g-rs-1175-h26cm-w20cm.webp,1000,TRUE,TRUE,Ceramic,As shown in product image,Category: Ceramic Tulsi Pot | Material: Ceramic | Colour/finish: As shown in product image | Reference: 10049G | Size: H 26 cm × W/D 20 cm | Stock: 1000
C:\Dev\ram-potteey-ecom\public\product-images-optimized\ceramic-tulsi-pot-ref-10052s-rs-2000-h32-w-26.webp,C:\Dev\ram-potteey-ecom\public\product-images-optimized,ceramic-tulsi-pot-ref-10052s-rs-2000-h32-w-26.webp,Ceramic Tulsi Pot,Ceramic Tulsi Pot,Ceramic Tulsi Pot Ref 10052S,ceramic-tulsi-pot-ref-10052s,2000,2500,Featured,10052S,32,26,"Handcrafted ceramic piece from Ram Pottery Mauritius, ideal for tulsi planting, prayer areas, balconies, courtyards and traditional home décor.","Ceramic Tulsi Pot Ref 10052S is a refined handmade ceramic tulsi pot from Ram Pottery Mauritius, created to bring a graceful traditional touch to prayer areas, balconies and home gardens.

This piece is ideal for tulsi planting, prayer areas, balconies, courtyards and traditional home décor. Each item carries the natural charm of handmade pottery, with small variations in tone, texture and finish that make every product unique. It is a beautiful choice for customers looking for authentic Mauritian craftsmanship, meaningful gifts, traditional pieces and elegant décor.

Specifications:
- Category: Ceramic Tulsi Pot
- Material: Ceramic
- Colour/finish: As shown in product image
- Reference code: 10052S
- Approximate size: H 32 cm × W/D 26 cm
- Price: Rs 2000
- Origin: Ram Pottery Mauritius
- Care: Handle with care; wipe gently with a soft cloth; avoid sudden impact or harsh cleaning chemicals.",Ceramic Tulsi Pot Ref 10052S | Handmade Pottery Mauritius,"Buy Ceramic Tulsi Pot Ref 10052S from Ram Pottery Mauritius. Handmade ceramic for ceramic tulsi pot, décor, gifting and traditional use. Ref 10052S. Rs 2000.",Ceramic Tulsi Pot Ref 10052S - Ceramic Tulsi Pot handmade by Ram Pottery Mauritius,ceramic-tulsi-pot-ref-10052s-rs-2000-h32-w-26.webp,C:\Dev\ram-potteey-ecom\public\product-images-optimized\ceramic-tulsi-pot-ref-10052s-rs-2000-h32-w-26.webp,1000,TRUE,TRUE,Ceramic,As shown in product image,Category: Ceramic Tulsi Pot | Material: Ceramic | Colour/finish: As shown in product image | Reference: 10052S | Size: H 32 cm × W/D 26 cm | Stock: 1000
C:\Dev\ram-potteey-ecom\public\product-images-optimized\ceramic-tulsi-pot-ref-10053-h38-w31-rs-2300.webp,C:\Dev\ram-potteey-ecom\public\product-images-optimized,ceramic-tulsi-pot-ref-10053-h38-w31-rs-2300.webp,Ceramic Tulsi Pot,Ceramic Tulsi Pot,Ceramic Tulsi Pot Ref 10053,ceramic-tulsi-pot-ref-10053,2300,2875,Featured,10053,38,31,"Handcrafted ceramic piece from Ram Pottery Mauritius, ideal for tulsi planting, prayer areas, balconies, courtyards and traditional home décor.","Ceramic Tulsi Pot Ref 10053 is a refined handmade ceramic tulsi pot from Ram Pottery Mauritius, created to bring a graceful traditional touch to prayer areas, balconies and home gardens.

This piece is ideal for tulsi planting, prayer areas, balconies, courtyards and traditional home décor. Each item carries the natural charm of handmade pottery, with small variations in tone, texture and finish that make every product unique. It is a beautiful choice for customers looking for authentic Mauritian craftsmanship, meaningful gifts, traditional pieces and elegant décor.

Specifications:
- Category: Ceramic Tulsi Pot
- Material: Ceramic
- Colour/finish: As shown in product image
- Reference code: 10053
- Approximate size: H 38 cm × W/D 31 cm
- Price: Rs 2300
- Origin: Ram Pottery Mauritius
- Care: Handle with care; wipe gently with a soft cloth; avoid sudden impact or harsh cleaning chemicals.",Ceramic Tulsi Pot Ref 10053 | Handmade Pottery Mauritius,"Buy Ceramic Tulsi Pot Ref 10053 from Ram Pottery Mauritius. Handmade ceramic for ceramic tulsi pot, décor, gifting and traditional use. Ref 10053. Rs 2300.",Ceramic Tulsi Pot Ref 10053 - Ceramic Tulsi Pot handmade by Ram Pottery Mauritius,ceramic-tulsi-pot-ref-10053-h38-w31-rs-2300.webp,C:\Dev\ram-potteey-ecom\public\product-images-optimized\ceramic-tulsi-pot-ref-10053-h38-w31-rs-2300.webp,1000,TRUE,TRUE,Ceramic,As shown in product image,Category: Ceramic Tulsi Pot | Material: Ceramic | Colour/finish: As shown in product image | Reference: 10053 | Size: H 38 cm × W/D 31 cm | Stock: 1000
C:\Dev\ram-potteey-ecom\public\product-images-optimized\ceramic-tulsi-pot-ref-10279g-rs-1925-h32-w-23.webp,C:\Dev\ram-potteey-ecom\public\product-images-optimized,ceramic-tulsi-pot-ref-10279g-rs-1925-h32-w-23.webp,Ceramic Tulsi Pot,Ceramic Tulsi Pot,Ceramic Tulsi Pot Ref 10279G,ceramic-tulsi-pot-ref-10279g,1925,2407,,10279G,32,23,"Handcrafted ceramic piece from Ram Pottery Mauritius, ideal for tulsi planting, prayer areas, balconies, courtyards and traditional home décor.","Ceramic Tulsi Pot Ref 10279G is a refined handmade ceramic tulsi pot from Ram Pottery Mauritius, created to bring a graceful traditional touch to prayer areas, balconies and home gardens.

This piece is ideal for tulsi planting, prayer areas, balconies, courtyards and traditional home décor. Each item carries the natural charm of handmade pottery, with small variations in tone, texture and finish that make every product unique. It is a beautiful choice for customers looking for authentic Mauritian craftsmanship, meaningful gifts, traditional pieces and elegant décor.

Specifications:
- Category: Ceramic Tulsi Pot
- Material: Ceramic
- Colour/finish: As shown in product image
- Reference code: 10279G
- Approximate size: H 32 cm × W/D 23 cm
- Price: Rs 1925
- Origin: Ram Pottery Mauritius
- Care: Handle with care; wipe gently with a soft cloth; avoid sudden impact or harsh cleaning chemicals.",Ceramic Tulsi Pot Ref 10279G | Handmade Pottery Mauritius,"Buy Ceramic Tulsi Pot Ref 10279G from Ram Pottery Mauritius. Handmade ceramic for ceramic tulsi pot, décor, gifting and traditional use. Ref 10279G. Rs 1925.",Ceramic Tulsi Pot Ref 10279G - Ceramic Tulsi Pot handmade by Ram Pottery Mauritius,ceramic-tulsi-pot-ref-10279g-rs-1925-h32-w-23.webp,C:\Dev\ram-potteey-ecom\public\product-images-optimized\ceramic-tulsi-pot-ref-10279g-rs-1925-h32-w-23.webp,1000,TRUE,TRUE,Ceramic,As shown in product image,Category: Ceramic Tulsi Pot | Material: Ceramic | Colour/finish: As shown in product image | Reference: 10279G | Size: H 32 cm × W/D 23 cm | Stock: 1000
C:\Dev\ram-potteey-ecom\public\product-images-optimized\ceramic-tulsi-pot-rs-2050-ref-10057g-h37-w-27.webp,C:\Dev\ram-potteey-ecom\public\product-images-optimized,ceramic-tulsi-pot-rs-2050-ref-10057g-h37-w-27.webp,Ceramic Tulsi Pot,Ceramic Tulsi Pot,Ceramic Tulsi Pot Ref 10057G,ceramic-tulsi-pot-ref-10057g,2050,2563,Featured,10057G,37,27,"Handcrafted ceramic piece from Ram Pottery Mauritius, ideal for tulsi planting, prayer areas, balconies, courtyards and traditional home décor.","Ceramic Tulsi Pot Ref 10057G is a refined handmade ceramic tulsi pot from Ram Pottery Mauritius, created to bring a graceful traditional touch to prayer areas, balconies and home gardens.

This piece is ideal for tulsi planting, prayer areas, balconies, courtyards and traditional home décor. Each item carries the natural charm of handmade pottery, with small variations in tone, texture and finish that make every product unique. It is a beautiful choice for customers looking for authentic Mauritian craftsmanship, meaningful gifts, traditional pieces and elegant décor.

Specifications:
- Category: Ceramic Tulsi Pot
- Material: Ceramic
- Colour/finish: As shown in product image
- Reference code: 10057G
- Approximate size: H 37 cm × W/D 27 cm
- Price: Rs 2050
- Origin: Ram Pottery Mauritius
- Care: Handle with care; wipe gently with a soft cloth; avoid sudden impact or harsh cleaning chemicals.",Ceramic Tulsi Pot Ref 10057G | Handmade Pottery Mauritius,"Buy Ceramic Tulsi Pot Ref 10057G from Ram Pottery Mauritius. Handmade ceramic for ceramic tulsi pot, décor, gifting and traditional use. Ref 10057G. Rs 2050.",Ceramic Tulsi Pot Ref 10057G - Ceramic Tulsi Pot handmade by Ram Pottery Mauritius,ceramic-tulsi-pot-rs-2050-ref-10057g-h37-w-27.webp,C:\Dev\ram-potteey-ecom\public\product-images-optimized\ceramic-tulsi-pot-rs-2050-ref-10057g-h37-w-27.webp,1000,TRUE,TRUE,Ceramic,As shown in product image,Category: Ceramic Tulsi Pot | Material: Ceramic | Colour/finish: As shown in product image | Reference: 10057G | Size: H 37 cm × W/D 27 cm | Stock: 1000
C:\Dev\ram-potteey-ecom\public\product-images-optimized\ceramic-tulsi-pot-rs-675-ref-10044g-h20-w16.webp,C:\Dev\ram-potteey-ecom\public\product-images-optimized,ceramic-tulsi-pot-rs-675-ref-10044g-h20-w16.webp,Ceramic Tulsi Pot,Ceramic Tulsi Pot,Ceramic Tulsi Pot Ref 10044G,ceramic-tulsi-pot-ref-10044g,675,844,Best Deal,10044G,20,16,"Handcrafted ceramic piece from Ram Pottery Mauritius, ideal for tulsi planting, prayer areas, balconies, courtyards and traditional home décor.","Ceramic Tulsi Pot Ref 10044G is a refined handmade ceramic tulsi pot from Ram Pottery Mauritius, created to bring a graceful traditional touch to prayer areas, balconies and home gardens.

This piece is ideal for tulsi planting, prayer areas, balconies, courtyards and traditional home décor. Each item carries the natural charm of handmade pottery, with small variations in tone, texture and finish that make every product unique. It is a beautiful choice for customers looking for authentic Mauritian craftsmanship, meaningful gifts, traditional pieces and elegant décor.

Specifications:
- Category: Ceramic Tulsi Pot
- Material: Ceramic
- Colour/finish: As shown in product image
- Reference code: 10044G
- Approximate size: H 20 cm × W/D 16 cm
- Price: Rs 675
- Origin: Ram Pottery Mauritius
- Care: Handle with care; wipe gently with a soft cloth; avoid sudden impact or harsh cleaning chemicals.",Ceramic Tulsi Pot Ref 10044G | Handmade Pottery Mauritius,"Buy Ceramic Tulsi Pot Ref 10044G from Ram Pottery Mauritius. Handmade ceramic for ceramic tulsi pot, décor, gifting and traditional use. Ref 10044G. Rs 675.",Ceramic Tulsi Pot Ref 10044G - Ceramic Tulsi Pot handmade by Ram Pottery Mauritius,ceramic-tulsi-pot-rs-675-ref-10044g-h20-w16.webp,C:\Dev\ram-potteey-ecom\public\product-images-optimized\ceramic-tulsi-pot-rs-675-ref-10044g-h20-w16.webp,1000,TRUE,TRUE,Ceramic,As shown in product image,Category: Ceramic Tulsi Pot | Material: Ceramic | Colour/finish: As shown in product image | Reference: 10044G | Size: H 20 cm × W/D 16 cm | Stock: 1000
C:\Dev\ram-potteey-ecom\public\product-images-optimized\ceramic-flower-pot-h-20cm-d21cm-rs-650-material-ceramic-colour-blue.webp,C:\Dev\ram-potteey-ecom\public\product-images-optimized,ceramic-flower-pot-h-20cm-d21cm-rs-650-material-ceramic-colour-blue.webp,Ceramic Vase,Ceramic Vase,Ceramic Flower Pot,ceramic-flower-pot,650,813,Best Deal,,20,,"Handcrafted ceramic piece from Ram Pottery Mauritius, ideal for gardens, patios, balconies, hotel spaces and elegant indoor greenery.","Ceramic Flower Pot is an elegant handmade ceramic vase from Ram Pottery Mauritius, designed to elevate floral displays, reception areas and premium interior spaces.

This piece is ideal for gardens, patios, balconies, hotel spaces and elegant indoor greenery. Each item carries the natural charm of handmade pottery, with small variations in tone, texture and finish that make every product unique. It is a beautiful choice for customers looking for authentic Mauritian craftsmanship, meaningful gifts, traditional pieces and elegant décor.

Specifications:
- Category: Ceramic Vase
- Material: Ceramic
- Colour/finish: Blue
- Approximate size: H 20 cm
- Price: Rs 650
- Origin: Ram Pottery Mauritius
- Care: Handle with care; wipe gently with a soft cloth; avoid sudden impact or harsh cleaning chemicals.",Ceramic Flower Pot | Handmade Pottery Mauritius,"Buy Ceramic Flower Pot from Ram Pottery Mauritius. Handmade ceramic for ceramic vase, décor, gifting and traditional use. Rs 650.",Ceramic Flower Pot - Ceramic Vase handmade by Ram Pottery Mauritius,ceramic-flower-pot-h-20cm-d21cm-rs-650-material-ceramic-colour-blue.webp,C:\Dev\ram-potteey-ecom\public\product-images-optimized\ceramic-flower-pot-h-20cm-d21cm-rs-650-material-ceramic-colour-blue.webp,1000,TRUE,TRUE,Ceramic,Blue,Category: Ceramic Vase | Material: Ceramic | Colour/finish: Blue | Size: H 20 cm | Stock: 1000
C:\Dev\ram-potteey-ecom\public\product-images-optimized\ceramic-flower-pot-h-20cm-d21cm-rs-650-material-ceramic-colour-brown.webp,C:\Dev\ram-potteey-ecom\public\product-images-optimized,ceramic-flower-pot-h-20cm-d21cm-rs-650-material-ceramic-colour-brown.webp,Ceramic Vase,Ceramic Vase,Ceramic Flower Pot,ceramic-flower-pot-2,650,813,Best Deal,,20,,"Handcrafted ceramic piece from Ram Pottery Mauritius, ideal for gardens, patios, balconies, hotel spaces and elegant indoor greenery.","Ceramic Flower Pot is an elegant handmade ceramic vase from Ram Pottery Mauritius, designed to elevate floral displays, reception areas and premium interior spaces.

This piece is ideal for gardens, patios, balconies, hotel spaces and elegant indoor greenery. Each item carries the natural charm of handmade pottery, with small variations in tone, texture and finish that make every product unique. It is a beautiful choice for customers looking for authentic Mauritian craftsmanship, meaningful gifts, traditional pieces and elegant décor.

Specifications:
- Category: Ceramic Vase
- Material: Ceramic
- Colour/finish: Brown
- Approximate size: H 20 cm
- Price: Rs 650
- Origin: Ram Pottery Mauritius
- Care: Handle with care; wipe gently with a soft cloth; avoid sudden impact or harsh cleaning chemicals.",Ceramic Flower Pot | Handmade Pottery Mauritius,"Buy Ceramic Flower Pot from Ram Pottery Mauritius. Handmade ceramic for ceramic vase, décor, gifting and traditional use. Rs 650.",Ceramic Flower Pot - Ceramic Vase handmade by Ram Pottery Mauritius,ceramic-flower-pot-h-20cm-d21cm-rs-650-material-ceramic-colour-brown.webp,C:\Dev\ram-potteey-ecom\public\product-images-optimized\ceramic-flower-pot-h-20cm-d21cm-rs-650-material-ceramic-colour-brown.webp,1000,TRUE,TRUE,Ceramic,Brown,Category: Ceramic Vase | Material: Ceramic | Colour/finish: Brown | Size: H 20 cm | Stock: 1000
C:\Dev\ram-potteey-ecom\public\product-images-optimized\ceramic-flower-pot-h-40cm-d-30cm-rs-2000-material-ceramic-colour-brown-and-white.webp,C:\Dev\ram-potteey-ecom\public\product-images-optimized,ceramic-flower-pot-h-40cm-d-30cm-rs-2000-material-ceramic-colour-brown-and-white.webp,Ceramic Vase,Ceramic Vase,Ceramic Flower Pot,ceramic-flower-pot-2-2,2000,2500,Featured,,40,,"Handcrafted ceramic piece from Ram Pottery Mauritius, ideal for gardens, patios, balconies, hotel spaces and elegant indoor greenery.","Ceramic Flower Pot is an elegant handmade ceramic vase from Ram Pottery Mauritius, designed to elevate floral displays, reception areas and premium interior spaces.

This piece is ideal for gardens, patios, balconies, hotel spaces and elegant indoor greenery. Each item carries the natural charm of handmade pottery, with small variations in tone, texture and finish that make every product unique. It is a beautiful choice for customers looking for authentic Mauritian craftsmanship, meaningful gifts, traditional pieces and elegant décor.

Specifications:
- Category: Ceramic Vase
- Material: Ceramic
- Colour/finish: Brown
- Approximate size: H 40 cm
- Price: Rs 2000
- Origin: Ram Pottery Mauritius
- Care: Handle with care; wipe gently with a soft cloth; avoid sudden impact or harsh cleaning chemicals.",Ceramic Flower Pot | Handmade Pottery Mauritius,"Buy Ceramic Flower Pot from Ram Pottery Mauritius. Handmade ceramic for ceramic vase, décor, gifting and traditional use. Rs 2000.",Ceramic Flower Pot - Ceramic Vase handmade by Ram Pottery Mauritius,ceramic-flower-pot-h-40cm-d-30cm-rs-2000-material-ceramic-colour-brown-and-white.webp,C:\Dev\ram-potteey-ecom\public\product-images-optimized\ceramic-flower-pot-h-40cm-d-30cm-rs-2000-material-ceramic-colour-brown-and-white.webp,1000,TRUE,TRUE,Ceramic,Brown,Category: Ceramic Vase | Material: Ceramic | Colour/finish: Brown | Size: H 40 cm | Stock: 1000
C:\Dev\ram-potteey-ecom\public\product-images-optimized\ceramic-flower-pot-h-46cm-d-31cm-rs-1800-material-ceramic-color-white.webp,C:\Dev\ram-potteey-ecom\public\product-images-optimized,ceramic-flower-pot-h-46cm-d-31cm-rs-1800-material-ceramic-color-white.webp,Ceramic Vase,Ceramic Vase,Ceramic Flower Pot,ceramic-flower-pot-2-3,1800,2250,,,46,,"Handcrafted ceramic piece from Ram Pottery Mauritius, ideal for gardens, patios, balconies, hotel spaces and elegant indoor greenery.","Ceramic Flower Pot is an elegant handmade ceramic vase from Ram Pottery Mauritius, designed to elevate floral displays, reception areas and premium interior spaces.

This piece is ideal for gardens, patios, balconies, hotel spaces and elegant indoor greenery. Each item carries the natural charm of handmade pottery, with small variations in tone, texture and finish that make every product unique. It is a beautiful choice for customers looking for authentic Mauritian craftsmanship, meaningful gifts, traditional pieces and elegant décor.

Specifications:
- Category: Ceramic Vase
- Material: Ceramic
- Colour/finish: White
- Approximate size: H 46 cm
- Price: Rs 1800
- Origin: Ram Pottery Mauritius
- Care: Handle with care; wipe gently with a soft cloth; avoid sudden impact or harsh cleaning chemicals.",Ceramic Flower Pot | Handmade Pottery Mauritius,"Buy Ceramic Flower Pot from Ram Pottery Mauritius. Handmade ceramic for ceramic vase, décor, gifting and traditional use. Rs 1800.",Ceramic Flower Pot - Ceramic Vase handmade by Ram Pottery Mauritius,ceramic-flower-pot-h-46cm-d-31cm-rs-1800-material-ceramic-color-white.webp,C:\Dev\ram-potteey-ecom\public\product-images-optimized\ceramic-flower-pot-h-46cm-d-31cm-rs-1800-material-ceramic-color-white.webp,1000,TRUE,TRUE,Ceramic,White,Category: Ceramic Vase | Material: Ceramic | Colour/finish: White | Size: H 46 cm | Stock: 1000
C:\Dev\ram-potteey-ecom\public\product-images-optimized\ceramic-flower-pot-h22cm-d-25cm-rs-650.webp,C:\Dev\ram-potteey-ecom\public\product-images-optimized,ceramic-flower-pot-h22cm-d-25cm-rs-650.webp,Ceramic Vase,Ceramic Vase,Ceramic Flower Pot,ceramic-flower-pot-2-4,650,813,Best Deal,,22,,"Handcrafted ceramic piece from Ram Pottery Mauritius, ideal for gardens, patios, balconies, hotel spaces and elegant indoor greenery.","Ceramic Flower Pot is an elegant handmade ceramic vase from Ram Pottery Mauritius, designed to elevate floral displays, reception areas and premium interior spaces.

This piece is ideal for gardens, patios, balconies, hotel spaces and elegant indoor greenery. Each item carries the natural charm of handmade pottery, with small variations in tone, texture and finish that make every product unique. It is a beautiful choice for customers looking for authentic Mauritian craftsmanship, meaningful gifts, traditional pieces and elegant décor.

Specifications:
- Category: Ceramic Vase
- Material: Ceramic
- Colour/finish: As shown in product image
- Approximate size: H 22 cm
- Price: Rs 650
- Origin: Ram Pottery Mauritius
- Care: Handle with care; wipe gently with a soft cloth; avoid sudden impact or harsh cleaning chemicals.",Ceramic Flower Pot | Handmade Pottery Mauritius,"Buy Ceramic Flower Pot from Ram Pottery Mauritius. Handmade ceramic for ceramic vase, décor, gifting and traditional use. Rs 650.",Ceramic Flower Pot - Ceramic Vase handmade by Ram Pottery Mauritius,ceramic-flower-pot-h22cm-d-25cm-rs-650.webp,C:\Dev\ram-potteey-ecom\public\product-images-optimized\ceramic-flower-pot-h22cm-d-25cm-rs-650.webp,1000,TRUE,TRUE,Ceramic,As shown in product image,Category: Ceramic Vase | Material: Ceramic | Colour/finish: As shown in product image | Size: H 22 cm | Stock: 1000
C:\Dev\ram-potteey-ecom\public\product-images-optimized\ceramic-flower-pot-h22cm-d25cm-rs-650.webp,C:\Dev\ram-potteey-ecom\public\product-images-optimized,ceramic-flower-pot-h22cm-d25cm-rs-650.webp,Ceramic Vase,Ceramic Vase,Ceramic Flower Pot,ceramic-flower-pot-2-5,650,813,Best Deal,,22,,"Handcrafted ceramic piece from Ram Pottery Mauritius, ideal for gardens, patios, balconies, hotel spaces and elegant indoor greenery.","Ceramic Flower Pot is an elegant handmade ceramic vase from Ram Pottery Mauritius, designed to elevate floral displays, reception areas and premium interior spaces.

This piece is ideal for gardens, patios, balconies, hotel spaces and elegant indoor greenery. Each item carries the natural charm of handmade pottery, with small variations in tone, texture and finish that make every product unique. It is a beautiful choice for customers looking for authentic Mauritian craftsmanship, meaningful gifts, traditional pieces and elegant décor.

Specifications:
- Category: Ceramic Vase
- Material: Ceramic
- Colour/finish: As shown in product image
- Approximate size: H 22 cm
- Price: Rs 650
- Origin: Ram Pottery Mauritius
- Care: Handle with care; wipe gently with a soft cloth; avoid sudden impact or harsh cleaning chemicals.",Ceramic Flower Pot | Handmade Pottery Mauritius,"Buy Ceramic Flower Pot from Ram Pottery Mauritius. Handmade ceramic for ceramic vase, décor, gifting and traditional use. Rs 650.",Ceramic Flower Pot - Ceramic Vase handmade by Ram Pottery Mauritius,ceramic-flower-pot-h22cm-d25cm-rs-650.webp,C:\Dev\ram-potteey-ecom\public\product-images-optimized\ceramic-flower-pot-h22cm-d25cm-rs-650.webp,1000,TRUE,TRUE,Ceramic,As shown in product image,Category: Ceramic Vase | Material: Ceramic | Colour/finish: As shown in product image | Size: H 22 cm | Stock: 1000
C:\Dev\ram-potteey-ecom\public\product-images-optimized\ceramic-flower-pot-h40-d27-rs-1500-material-ceramic-color-brown.webp,C:\Dev\ram-potteey-ecom\public\product-images-optimized,ceramic-flower-pot-h40-d27-rs-1500-material-ceramic-color-brown.webp,Ceramic Vase,Ceramic Vase,Ceramic Flower Pot,ceramic-flower-pot-2-6,1500,1875,,,40,,"Handcrafted ceramic piece from Ram Pottery Mauritius, ideal for gardens, patios, balconies, hotel spaces and elegant indoor greenery.","Ceramic Flower Pot is an elegant handmade ceramic vase from Ram Pottery Mauritius, designed to elevate floral displays, reception areas and premium interior spaces.

This piece is ideal for gardens, patios, balconies, hotel spaces and elegant indoor greenery. Each item carries the natural charm of handmade pottery, with small variations in tone, texture and finish that make every product unique. It is a beautiful choice for customers looking for authentic Mauritian craftsmanship, meaningful gifts, traditional pieces and elegant décor.

Specifications:
- Category: Ceramic Vase
- Material: Ceramic
- Colour/finish: Brown
- Approximate size: H 40 cm
- Price: Rs 1500
- Origin: Ram Pottery Mauritius
- Care: Handle with care; wipe gently with a soft cloth; avoid sudden impact or harsh cleaning chemicals.",Ceramic Flower Pot | Handmade Pottery Mauritius,"Buy Ceramic Flower Pot from Ram Pottery Mauritius. Handmade ceramic for ceramic vase, décor, gifting and traditional use. Rs 1500.",Ceramic Flower Pot - Ceramic Vase handmade by Ram Pottery Mauritius,ceramic-flower-pot-h40-d27-rs-1500-material-ceramic-color-brown.webp,C:\Dev\ram-potteey-ecom\public\product-images-optimized\ceramic-flower-pot-h40-d27-rs-1500-material-ceramic-color-brown.webp,1000,TRUE,TRUE,Ceramic,Brown,Category: Ceramic Vase | Material: Ceramic | Colour/finish: Brown | Size: H 40 cm | Stock: 1000
C:\Dev\ram-potteey-ecom\public\product-images-optimized\ceramic-flower-pot-h54-d44cm-rs-3800-materia-ceramic-color-white.webp,C:\Dev\ram-potteey-ecom\public\product-images-optimized,ceramic-flower-pot-h54-d44cm-rs-3800-materia-ceramic-color-white.webp,Ceramic Vase,Ceramic Vase,Ceramic Flower Pot Materia Ceramic,ceramic-flower-pot-materia-ceramic,3800,4750,Featured,,54,,"Handcrafted ceramic piece from Ram Pottery Mauritius, ideal for gardens, patios, balconies, hotel spaces and elegant indoor greenery.","Ceramic Flower Pot Materia Ceramic is an elegant handmade ceramic vase from Ram Pottery Mauritius, designed to elevate floral displays, reception areas and premium interior spaces.

This piece is ideal for gardens, patios, balconies, hotel spaces and elegant indoor greenery. Each item carries the natural charm of handmade pottery, with small variations in tone, texture and finish that make every product unique. It is a beautiful choice for customers looking for authentic Mauritian craftsmanship, meaningful gifts, traditional pieces and elegant décor.

Specifications:
- Category: Ceramic Vase
- Material: Ceramic
- Colour/finish: White
- Approximate size: H 54 cm
- Price: Rs 3800
- Origin: Ram Pottery Mauritius
- Care: Handle with care; wipe gently with a soft cloth; avoid sudden impact or harsh cleaning chemicals.",Ceramic Flower Pot Materia Ceramic | Handmade Pottery Mauritius,"Buy Ceramic Flower Pot Materia Ceramic from Ram Pottery Mauritius. Handmade ceramic for ceramic vase, décor, gifting and traditional use. Rs 3800.",Ceramic Flower Pot Materia Ceramic - Ceramic Vase handmade by Ram Pottery Mauritius,ceramic-flower-pot-h54-d44cm-rs-3800-materia-ceramic-color-white.webp,C:\Dev\ram-potteey-ecom\public\product-images-optimized\ceramic-flower-pot-h54-d44cm-rs-3800-materia-ceramic-color-white.webp,1000,TRUE,TRUE,Ceramic,White,Category: Ceramic Vase | Material: Ceramic | Colour/finish: White | Size: H 54 cm | Stock: 1000
C:\Dev\ram-potteey-ecom\public\product-images-optimized\ceramic-flower-pot-h58cm-w30cm-rs-2800-material-ceramic-color-white.webp,C:\Dev\ram-potteey-ecom\public\product-images-optimized,ceramic-flower-pot-h58cm-w30cm-rs-2800-material-ceramic-color-white.webp,Ceramic Vase,Ceramic Vase,Ceramic Flower Pot,ceramic-flower-pot-2-7,2800,3500,Featured,,58,30,"Handcrafted ceramic piece from Ram Pottery Mauritius, ideal for gardens, patios, balconies, hotel spaces and elegant indoor greenery.","Ceramic Flower Pot is an elegant handmade ceramic vase from Ram Pottery Mauritius, designed to elevate floral displays, reception areas and premium interior spaces.

This piece is ideal for gardens, patios, balconies, hotel spaces and elegant indoor greenery. Each item carries the natural charm of handmade pottery, with small variations in tone, texture and finish that make every product unique. It is a beautiful choice for customers looking for authentic Mauritian craftsmanship, meaningful gifts, traditional pieces and elegant décor.

Specifications:
- Category: Ceramic Vase
- Material: Ceramic
- Colour/finish: White
- Approximate size: H 58 cm × W/D 30 cm
- Price: Rs 2800
- Origin: Ram Pottery Mauritius
- Care: Handle with care; wipe gently with a soft cloth; avoid sudden impact or harsh cleaning chemicals.",Ceramic Flower Pot | Handmade Pottery Mauritius,"Buy Ceramic Flower Pot from Ram Pottery Mauritius. Handmade ceramic for ceramic vase, décor, gifting and traditional use. Rs 2800.",Ceramic Flower Pot - Ceramic Vase handmade by Ram Pottery Mauritius,ceramic-flower-pot-h58cm-w30cm-rs-2800-material-ceramic-color-white.webp,C:\Dev\ram-potteey-ecom\public\product-images-optimized\ceramic-flower-pot-h58cm-w30cm-rs-2800-material-ceramic-color-white.webp,1000,TRUE,TRUE,Ceramic,White,Category: Ceramic Vase | Material: Ceramic | Colour/finish: White | Size: H 58 cm × W/D 30 cm | Stock: 1000
C:\Dev\ram-potteey-ecom\public\product-images-optimized\ceramic-flower-pot-rs-650-h20cm-d22cm-material-ceramic-colour-brown.webp,C:\Dev\ram-potteey-ecom\public\product-images-optimized,ceramic-flower-pot-rs-650-h20cm-d22cm-material-ceramic-colour-brown.webp,Ceramic Vase,Ceramic Vase,Ceramic Flower Pot,ceramic-flower-pot-2-8,650,813,Best Deal,,20,,"Handcrafted ceramic piece from Ram Pottery Mauritius, ideal for gardens, patios, balconies, hotel spaces and elegant indoor greenery.","Ceramic Flower Pot is an elegant handmade ceramic vase from Ram Pottery Mauritius, designed to elevate floral displays, reception areas and premium interior spaces.

This piece is ideal for gardens, patios, balconies, hotel spaces and elegant indoor greenery. Each item carries the natural charm of handmade pottery, with small variations in tone, texture and finish that make every product unique. It is a beautiful choice for customers looking for authentic Mauritian craftsmanship, meaningful gifts, traditional pieces and elegant décor.

Specifications:
- Category: Ceramic Vase
- Material: Ceramic
- Colour/finish: Brown
- Approximate size: H 20 cm
- Price: Rs 650
- Origin: Ram Pottery Mauritius
- Care: Handle with care; wipe gently with a soft cloth; avoid sudden impact or harsh cleaning chemicals.",Ceramic Flower Pot | Handmade Pottery Mauritius,"Buy Ceramic Flower Pot from Ram Pottery Mauritius. Handmade ceramic for ceramic vase, décor, gifting and traditional use. Rs 650.",Ceramic Flower Pot - Ceramic Vase handmade by Ram Pottery Mauritius,ceramic-flower-pot-rs-650-h20cm-d22cm-material-ceramic-colour-brown.webp,C:\Dev\ram-potteey-ecom\public\product-images-optimized\ceramic-flower-pot-rs-650-h20cm-d22cm-material-ceramic-colour-brown.webp,1000,TRUE,TRUE,Ceramic,Brown,Category: Ceramic Vase | Material: Ceramic | Colour/finish: Brown | Size: H 20 cm | Stock: 1000
C:\Dev\ram-potteey-ecom\public\product-images-optimized\ceramic-flower-pot-rs-650-h25-d23-material-ceramic-color-black.webp,C:\Dev\ram-potteey-ecom\public\product-images-optimized,ceramic-flower-pot-rs-650-h25-d23-material-ceramic-color-black.webp,Ceramic Vase,Ceramic Vase,Ceramic Flower Pot,ceramic-flower-pot-2-9,650,813,Best Deal,,25,,"Handcrafted ceramic piece from Ram Pottery Mauritius, ideal for gardens, patios, balconies, hotel spaces and elegant indoor greenery.","Ceramic Flower Pot is an elegant handmade ceramic vase from Ram Pottery Mauritius, designed to elevate floral displays, reception areas and premium interior spaces.

This piece is ideal for gardens, patios, balconies, hotel spaces and elegant indoor greenery. Each item carries the natural charm of handmade pottery, with small variations in tone, texture and finish that make every product unique. It is a beautiful choice for customers looking for authentic Mauritian craftsmanship, meaningful gifts, traditional pieces and elegant décor.

Specifications:
- Category: Ceramic Vase
- Material: Ceramic
- Colour/finish: Black
- Approximate size: H 25 cm
- Price: Rs 650
- Origin: Ram Pottery Mauritius
- Care: Handle with care; wipe gently with a soft cloth; avoid sudden impact or harsh cleaning chemicals.",Ceramic Flower Pot | Handmade Pottery Mauritius,"Buy Ceramic Flower Pot from Ram Pottery Mauritius. Handmade ceramic for ceramic vase, décor, gifting and traditional use. Rs 650.",Ceramic Flower Pot - Ceramic Vase handmade by Ram Pottery Mauritius,ceramic-flower-pot-rs-650-h25-d23-material-ceramic-color-black.webp,C:\Dev\ram-potteey-ecom\public\product-images-optimized\ceramic-flower-pot-rs-650-h25-d23-material-ceramic-color-black.webp,1000,TRUE,TRUE,Ceramic,Black,Category: Ceramic Vase | Material: Ceramic | Colour/finish: Black | Size: H 25 cm | Stock: 1000
C:\Dev\ram-potteey-ecom\public\product-images-optimized\ceramic-flower-pot-rs-650-h25cm-d-23cm-material-ceramic-color-black.webp,C:\Dev\ram-potteey-ecom\public\product-images-optimized,ceramic-flower-pot-rs-650-h25cm-d-23cm-material-ceramic-color-black.webp,Ceramic Vase,Ceramic Vase,Ceramic Flower Pot,ceramic-flower-pot-2-10,650,813,Best Deal,,25,,"Handcrafted ceramic piece from Ram Pottery Mauritius, ideal for gardens, patios, balconies, hotel spaces and elegant indoor greenery.","Ceramic Flower Pot is an elegant handmade ceramic vase from Ram Pottery Mauritius, designed to elevate floral displays, reception areas and premium interior spaces.

This piece is ideal for gardens, patios, balconies, hotel spaces and elegant indoor greenery. Each item carries the natural charm of handmade pottery, with small variations in tone, texture and finish that make every product unique. It is a beautiful choice for customers looking for authentic Mauritian craftsmanship, meaningful gifts, traditional pieces and elegant décor.

Specifications:
- Category: Ceramic Vase
- Material: Ceramic
- Colour/finish: Black
- Approximate size: H 25 cm
- Price: Rs 650
- Origin: Ram Pottery Mauritius
- Care: Handle with care; wipe gently with a soft cloth; avoid sudden impact or harsh cleaning chemicals.",Ceramic Flower Pot | Handmade Pottery Mauritius,"Buy Ceramic Flower Pot from Ram Pottery Mauritius. Handmade ceramic for ceramic vase, décor, gifting and traditional use. Rs 650.",Ceramic Flower Pot - Ceramic Vase handmade by Ram Pottery Mauritius,ceramic-flower-pot-rs-650-h25cm-d-23cm-material-ceramic-color-black.webp,C:\Dev\ram-potteey-ecom\public\product-images-optimized\ceramic-flower-pot-rs-650-h25cm-d-23cm-material-ceramic-color-black.webp,1000,TRUE,TRUE,Ceramic,Black,Category: Ceramic Vase | Material: Ceramic | Colour/finish: Black | Size: H 25 cm | Stock: 1000
C:\Dev\ram-potteey-ecom\public\product-images-optimized\ceramic-flower-poth21-cm-w37cm-rs800-material-ceramic-colour-white.webp,C:\Dev\ram-potteey-ecom\public\product-images-optimized,ceramic-flower-poth21-cm-w37cm-rs800-material-ceramic-colour-white.webp,Ceramic Vase,Ceramic Vase,Ceramic Flower Pot Cm,ceramic-flower-pot-cm,800,1000,Best Deal,,,37,"Handcrafted ceramic piece from Ram Pottery Mauritius, ideal for gardens, patios, balconies, hotel spaces and elegant indoor greenery.","Ceramic Flower Pot Cm is an elegant handmade ceramic vase from Ram Pottery Mauritius, designed to elevate floral displays, reception areas and premium interior spaces.

This piece is ideal for gardens, patios, balconies, hotel spaces and elegant indoor greenery. Each item carries the natural charm of handmade pottery, with small variations in tone, texture and finish that make every product unique. It is a beautiful choice for customers looking for authentic Mauritian craftsmanship, meaningful gifts, traditional pieces and elegant décor.

Specifications:
- Category: Ceramic Vase
- Material: Ceramic
- Colour/finish: White
- Approximate size: W/D 37 cm
- Price: Rs 800
- Origin: Ram Pottery Mauritius
- Care: Handle with care; wipe gently with a soft cloth; avoid sudden impact or harsh cleaning chemicals.",Ceramic Flower Pot Cm | Handmade Pottery Mauritius,"Buy Ceramic Flower Pot Cm from Ram Pottery Mauritius. Handmade ceramic for ceramic vase, décor, gifting and traditional use. Rs 800.",Ceramic Flower Pot Cm - Ceramic Vase handmade by Ram Pottery Mauritius,ceramic-flower-poth21-cm-w37cm-rs800-material-ceramic-colour-white.webp,C:\Dev\ram-potteey-ecom\public\product-images-optimized\ceramic-flower-poth21-cm-w37cm-rs800-material-ceramic-colour-white.webp,1000,TRUE,TRUE,Ceramic,White,Category: Ceramic Vase | Material: Ceramic | Colour/finish: White | Size: W/D 37 cm | Stock: 1000
C:\Dev\ram-potteey-ecom\public\product-images-optimized\ceramic-flower-vase-rs-450-h-23cm-d-17cm-material-ceramic-color-white.webp,C:\Dev\ram-potteey-ecom\public\product-images-optimized,ceramic-flower-vase-rs-450-h-23cm-d-17cm-material-ceramic-color-white.webp,Ceramic Vase,Ceramic Vase,Ceramic Flower Vase,ceramic-flower-vase,450,563,Best Deal,,23,,"Handcrafted ceramic piece from Ram Pottery Mauritius, ideal for floral arrangements, console styling, hotel décor, gifting and premium interior decoration.","Ceramic Flower Vase is an elegant handmade ceramic vase from Ram Pottery Mauritius, designed to elevate floral displays, reception areas and premium interior spaces.

This piece is ideal for floral arrangements, console styling, hotel décor, gifting and premium interior decoration. Each item carries the natural charm of handmade pottery, with small variations in tone, texture and finish that make every product unique. It is a beautiful choice for customers looking for authentic Mauritian craftsmanship, meaningful gifts, traditional pieces and elegant décor.

Specifications:
- Category: Ceramic Vase
- Material: Ceramic
- Colour/finish: White
- Approximate size: H 23 cm
- Price: Rs 450
- Origin: Ram Pottery Mauritius
- Care: Handle with care; wipe gently with a soft cloth; avoid sudden impact or harsh cleaning chemicals.",Ceramic Flower Vase | Handmade Pottery Mauritius,"Buy Ceramic Flower Vase from Ram Pottery Mauritius. Handmade ceramic for ceramic vase, décor, gifting and traditional use. Rs 450.",Ceramic Flower Vase - Ceramic Vase handmade by Ram Pottery Mauritius,ceramic-flower-vase-rs-450-h-23cm-d-17cm-material-ceramic-color-white.webp,C:\Dev\ram-potteey-ecom\public\product-images-optimized\ceramic-flower-vase-rs-450-h-23cm-d-17cm-material-ceramic-color-white.webp,1000,TRUE,TRUE,Ceramic,White,Category: Ceramic Vase | Material: Ceramic | Colour/finish: White | Size: H 23 cm | Stock: 1000
C:\Dev\ram-potteey-ecom\public\product-images-optimized\ceramic-flower-vase-rs-450-h-25-d-12cm-2-material-ceramic-color-white.webp,C:\Dev\ram-potteey-ecom\public\product-images-optimized,ceramic-flower-vase-rs-450-h-25-d-12cm-2-material-ceramic-color-white.webp,Ceramic Vase,Ceramic Vase,Ceramic Flower Vase,ceramic-flower-vase-2,450,563,Best Deal,,25,,"Handcrafted ceramic piece from Ram Pottery Mauritius, ideal for floral arrangements, console styling, hotel décor, gifting and premium interior decoration.","Ceramic Flower Vase is an elegant handmade ceramic vase from Ram Pottery Mauritius, designed to elevate floral displays, reception areas and premium interior spaces.

This piece is ideal for floral arrangements, console styling, hotel décor, gifting and premium interior decoration. Each item carries the natural charm of handmade pottery, with small variations in tone, texture and finish that make every product unique. It is a beautiful choice for customers looking for authentic Mauritian craftsmanship, meaningful gifts, traditional pieces and elegant décor.

Specifications:
- Category: Ceramic Vase
- Material: Ceramic
- Colour/finish: White
- Approximate size: H 25 cm
- Price: Rs 450
- Origin: Ram Pottery Mauritius
- Care: Handle with care; wipe gently with a soft cloth; avoid sudden impact or harsh cleaning chemicals.",Ceramic Flower Vase | Handmade Pottery Mauritius,"Buy Ceramic Flower Vase from Ram Pottery Mauritius. Handmade ceramic for ceramic vase, décor, gifting and traditional use. Rs 450.",Ceramic Flower Vase - Ceramic Vase handmade by Ram Pottery Mauritius,ceramic-flower-vase-rs-450-h-25-d-12cm-2-material-ceramic-color-white.webp,C:\Dev\ram-potteey-ecom\public\product-images-optimized\ceramic-flower-vase-rs-450-h-25-d-12cm-2-material-ceramic-color-white.webp,1000,TRUE,TRUE,Ceramic,White,Category: Ceramic Vase | Material: Ceramic | Colour/finish: White | Size: H 25 cm | Stock: 1000
C:\Dev\ram-potteey-ecom\public\product-images-optimized\ceramic-flower-vase-rs-450-h-25-d-12cm-material-ceramic-color-white.webp,C:\Dev\ram-potteey-ecom\public\product-images-optimized,ceramic-flower-vase-rs-450-h-25-d-12cm-material-ceramic-color-white.webp,Ceramic Vase,Ceramic Vase,Ceramic Flower Vase,ceramic-flower-vase-2-2,450,563,Best Deal,,25,,"Handcrafted ceramic piece from Ram Pottery Mauritius, ideal for floral arrangements, console styling, hotel décor, gifting and premium interior decoration.","Ceramic Flower Vase is an elegant handmade ceramic vase from Ram Pottery Mauritius, designed to elevate floral displays, reception areas and premium interior spaces.

This piece is ideal for floral arrangements, console styling, hotel décor, gifting and premium interior decoration. Each item carries the natural charm of handmade pottery, with small variations in tone, texture and finish that make every product unique. It is a beautiful choice for customers looking for authentic Mauritian craftsmanship, meaningful gifts, traditional pieces and elegant décor.

Specifications:
- Category: Ceramic Vase
- Material: Ceramic
- Colour/finish: White
- Approximate size: H 25 cm
- Price: Rs 450
- Origin: Ram Pottery Mauritius
- Care: Handle with care; wipe gently with a soft cloth; avoid sudden impact or harsh cleaning chemicals.",Ceramic Flower Vase | Handmade Pottery Mauritius,"Buy Ceramic Flower Vase from Ram Pottery Mauritius. Handmade ceramic for ceramic vase, décor, gifting and traditional use. Rs 450.",Ceramic Flower Vase - Ceramic Vase handmade by Ram Pottery Mauritius,ceramic-flower-vase-rs-450-h-25-d-12cm-material-ceramic-color-white.webp,C:\Dev\ram-potteey-ecom\public\product-images-optimized\ceramic-flower-vase-rs-450-h-25-d-12cm-material-ceramic-color-white.webp,1000,TRUE,TRUE,Ceramic,White,Category: Ceramic Vase | Material: Ceramic | Colour/finish: White | Size: H 25 cm | Stock: 1000
C:\Dev\ram-potteey-ecom\public\product-images-optimized\ceramic-flower-vase-rs-450-h-25cm-d-12cm-material-ceramic-color-green.webp,C:\Dev\ram-potteey-ecom\public\product-images-optimized,ceramic-flower-vase-rs-450-h-25cm-d-12cm-material-ceramic-color-green.webp,Ceramic Vase,Ceramic Vase,Ceramic Flower Vase,ceramic-flower-vase-2-3,450,563,Best Deal,,25,,"Handcrafted ceramic piece from Ram Pottery Mauritius, ideal for floral arrangements, console styling, hotel décor, gifting and premium interior decoration.","Ceramic Flower Vase is an elegant handmade ceramic vase from Ram Pottery Mauritius, designed to elevate floral displays, reception areas and premium interior spaces.

This piece is ideal for floral arrangements, console styling, hotel décor, gifting and premium interior decoration. Each item carries the natural charm of handmade pottery, with small variations in tone, texture and finish that make every product unique. It is a beautiful choice for customers looking for authentic Mauritian craftsmanship, meaningful gifts, traditional pieces and elegant décor.

Specifications:
- Category: Ceramic Vase
- Material: Ceramic
- Colour/finish: Green
- Approximate size: H 25 cm
- Price: Rs 450
- Origin: Ram Pottery Mauritius
- Care: Handle with care; wipe gently with a soft cloth; avoid sudden impact or harsh cleaning chemicals.",Ceramic Flower Vase | Handmade Pottery Mauritius,"Buy Ceramic Flower Vase from Ram Pottery Mauritius. Handmade ceramic for ceramic vase, décor, gifting and traditional use. Rs 450.",Ceramic Flower Vase - Ceramic Vase handmade by Ram Pottery Mauritius,ceramic-flower-vase-rs-450-h-25cm-d-12cm-material-ceramic-color-green.webp,C:\Dev\ram-potteey-ecom\public\product-images-optimized\ceramic-flower-vase-rs-450-h-25cm-d-12cm-material-ceramic-color-green.webp,1000,TRUE,TRUE,Ceramic,Green,Category: Ceramic Vase | Material: Ceramic | Colour/finish: Green | Size: H 25 cm | Stock: 1000
C:\Dev\ram-potteey-ecom\public\product-images-optimized\ceramic-flower-vase-rs-450-h-25cm-d-12cm-material-ceramic-colour-brown.webp,C:\Dev\ram-potteey-ecom\public\product-images-optimized,ceramic-flower-vase-rs-450-h-25cm-d-12cm-material-ceramic-colour-brown.webp,Ceramic Vase,Ceramic Vase,Ceramic Flower Vase,ceramic-flower-vase-2-4,450,563,Best Deal,,25,,"Handcrafted ceramic piece from Ram Pottery Mauritius, ideal for floral arrangements, console styling, hotel décor, gifting and premium interior decoration.","Ceramic Flower Vase is an elegant handmade ceramic vase from Ram Pottery Mauritius, designed to elevate floral displays, reception areas and premium interior spaces.

This piece is ideal for floral arrangements, console styling, hotel décor, gifting and premium interior decoration. Each item carries the natural charm of handmade pottery, with small variations in tone, texture and finish that make every product unique. It is a beautiful choice for customers looking for authentic Mauritian craftsmanship, meaningful gifts, traditional pieces and elegant décor.

Specifications:
- Category: Ceramic Vase
- Material: Ceramic
- Colour/finish: Brown
- Approximate size: H 25 cm
- Price: Rs 450
- Origin: Ram Pottery Mauritius
- Care: Handle with care; wipe gently with a soft cloth; avoid sudden impact or harsh cleaning chemicals.",Ceramic Flower Vase | Handmade Pottery Mauritius,"Buy Ceramic Flower Vase from Ram Pottery Mauritius. Handmade ceramic for ceramic vase, décor, gifting and traditional use. Rs 450.",Ceramic Flower Vase - Ceramic Vase handmade by Ram Pottery Mauritius,ceramic-flower-vase-rs-450-h-25cm-d-12cm-material-ceramic-colour-brown.webp,C:\Dev\ram-potteey-ecom\public\product-images-optimized\ceramic-flower-vase-rs-450-h-25cm-d-12cm-material-ceramic-colour-brown.webp,1000,TRUE,TRUE,Ceramic,Brown,Category: Ceramic Vase | Material: Ceramic | Colour/finish: Brown | Size: H 25 cm | Stock: 1000
C:\Dev\ram-potteey-ecom\public\product-images-optimized\ceramic-flower-vase-rs-450-h-25cm-d-14cm-material-ceramic-colour-black.webp,C:\Dev\ram-potteey-ecom\public\product-images-optimized,ceramic-flower-vase-rs-450-h-25cm-d-14cm-material-ceramic-colour-black.webp,Ceramic Vase,Ceramic Vase,Ceramic Flower Vase,ceramic-flower-vase-2-5,450,563,Best Deal,,25,,"Handcrafted ceramic piece from Ram Pottery Mauritius, ideal for floral arrangements, console styling, hotel décor, gifting and premium interior decoration.","Ceramic Flower Vase is an elegant handmade ceramic vase from Ram Pottery Mauritius, designed to elevate floral displays, reception areas and premium interior spaces.

This piece is ideal for floral arrangements, console styling, hotel décor, gifting and premium interior decoration. Each item carries the natural charm of handmade pottery, with small variations in tone, texture and finish that make every product unique. It is a beautiful choice for customers looking for authentic Mauritian craftsmanship, meaningful gifts, traditional pieces and elegant décor.

Specifications:
- Category: Ceramic Vase
- Material: Ceramic
- Colour/finish: Black
- Approximate size: H 25 cm
- Price: Rs 450
- Origin: Ram Pottery Mauritius
- Care: Handle with care; wipe gently with a soft cloth; avoid sudden impact or harsh cleaning chemicals.",Ceramic Flower Vase | Handmade Pottery Mauritius,"Buy Ceramic Flower Vase from Ram Pottery Mauritius. Handmade ceramic for ceramic vase, décor, gifting and traditional use. Rs 450.",Ceramic Flower Vase - Ceramic Vase handmade by Ram Pottery Mauritius,ceramic-flower-vase-rs-450-h-25cm-d-14cm-material-ceramic-colour-black.webp,C:\Dev\ram-potteey-ecom\public\product-images-optimized\ceramic-flower-vase-rs-450-h-25cm-d-14cm-material-ceramic-colour-black.webp,1000,TRUE,TRUE,Ceramic,Black,Category: Ceramic Vase | Material: Ceramic | Colour/finish: Black | Size: H 25 cm | Stock: 1000
C:\Dev\ram-potteey-ecom\public\product-images-optimized\ceramic-flower-vase-rs-450-h-25cm-d-14cm-material-ceramic-color-green.webp,C:\Dev\ram-potteey-ecom\public\product-images-optimized,ceramic-flower-vase-rs-450-h-25cm-d-14cm-material-ceramic-color-green.webp,Ceramic Vase,Ceramic Vase,Ceramic Flower Vase,ceramic-flower-vase-2-6,450,563,Best Deal,,25,,"Handcrafted ceramic piece from Ram Pottery Mauritius, ideal for floral arrangements, console styling, hotel décor, gifting and premium interior decoration.","Ceramic Flower Vase is an elegant handmade ceramic vase from Ram Pottery Mauritius, designed to elevate floral displays, reception areas and premium interior spaces.

This piece is ideal for floral arrangements, console styling, hotel décor, gifting and premium interior decoration. Each item carries the natural charm of handmade pottery, with small variations in tone, texture and finish that make every product unique. It is a beautiful choice for customers looking for authentic Mauritian craftsmanship, meaningful gifts, traditional pieces and elegant décor.

Specifications:
- Category: Ceramic Vase
- Material: Ceramic
- Colour/finish: Green
- Approximate size: H 25 cm
- Price: Rs 450
- Origin: Ram Pottery Mauritius
- Care: Handle with care; wipe gently with a soft cloth; avoid sudden impact or harsh cleaning chemicals.",Ceramic Flower Vase | Handmade Pottery Mauritius,"Buy Ceramic Flower Vase from Ram Pottery Mauritius. Handmade ceramic for ceramic vase, décor, gifting and traditional use. Rs 450.",Ceramic Flower Vase - Ceramic Vase handmade by Ram Pottery Mauritius,ceramic-flower-vase-rs-450-h-25cm-d-14cm-material-ceramic-color-green.webp,C:\Dev\ram-potteey-ecom\public\product-images-optimized\ceramic-flower-vase-rs-450-h-25cm-d-14cm-material-ceramic-color-green.webp,1000,TRUE,TRUE,Ceramic,Green,Category: Ceramic Vase | Material: Ceramic | Colour/finish: Green | Size: H 25 cm | Stock: 1000
C:\Dev\ram-potteey-ecom\public\product-images-optimized\ceramic-flower-vase-rs-450-h-25cm-d-14cm-material-ceramic-colour-black.webp,C:\Dev\ram-potteey-ecom\public\product-images-optimized,ceramic-flower-vase-rs-450-h-25cm-d-14cm-material-ceramic-colour-black.webp,Ceramic Vase,Ceramic Vase,Ceramic Flower Vase,ceramic-flower-vase-2-7,450,563,Best Deal,,25,,"Handcrafted ceramic piece from Ram Pottery Mauritius, ideal for floral arrangements, console styling, hotel décor, gifting and premium interior decoration.","Ceramic Flower Vase is an elegant handmade ceramic vase from Ram Pottery Mauritius, designed to elevate floral displays, reception areas and premium interior spaces.

This piece is ideal for floral arrangements, console styling, hotel décor, gifting and premium interior decoration. Each item carries the natural charm of handmade pottery, with small variations in tone, texture and finish that make every product unique. It is a beautiful choice for customers looking for authentic Mauritian craftsmanship, meaningful gifts, traditional pieces and elegant décor.

Specifications:
- Category: Ceramic Vase
- Material: Ceramic
- Colour/finish: Black
- Approximate size: H 25 cm
- Price: Rs 450
- Origin: Ram Pottery Mauritius
- Care: Handle with care; wipe gently with a soft cloth; avoid sudden impact or harsh cleaning chemicals.",Ceramic Flower Vase | Handmade Pottery Mauritius,"Buy Ceramic Flower Vase from Ram Pottery Mauritius. Handmade ceramic for ceramic vase, décor, gifting and traditional use. Rs 450.",Ceramic Flower Vase - Ceramic Vase handmade by Ram Pottery Mauritius,ceramic-flower-vase-rs-450-h-25cm-d-14cm-material-ceramic-colour-black.webp,C:\Dev\ram-potteey-ecom\public\product-images-optimized\ceramic-flower-vase-rs-450-h-25cm-d-14cm-material-ceramic-colour-black.webp,1000,TRUE,TRUE,Ceramic,Black,Category: Ceramic Vase | Material: Ceramic | Colour/finish: Black | Size: H 25 cm | Stock: 1000
C:\Dev\ram-potteey-ecom\public\product-images-optimized\ceramic-flower-vase-rs-450-h-25cm-d-14cm-material-ceramic-colour-blue.webp,C:\Dev\ram-potteey-ecom\public\product-images-optimized,ceramic-flower-vase-rs-450-h-25cm-d-14cm-material-ceramic-colour-blue.webp,Ceramic Vase,Ceramic Vase,Ceramic Flower Vase,ceramic-flower-vase-2-8,450,563,Best Deal,,25,,"Handcrafted ceramic piece from Ram Pottery Mauritius, ideal for floral arrangements, console styling, hotel décor, gifting and premium interior decoration.","Ceramic Flower Vase is an elegant handmade ceramic vase from Ram Pottery Mauritius, designed to elevate floral displays, reception areas and premium interior spaces.

This piece is ideal for floral arrangements, console styling, hotel décor, gifting and premium interior decoration. Each item carries the natural charm of handmade pottery, with small variations in tone, texture and finish that make every product unique. It is a beautiful choice for customers looking for authentic Mauritian craftsmanship, meaningful gifts, traditional pieces and elegant décor.

Specifications:
- Category: Ceramic Vase
- Material: Ceramic
- Colour/finish: Blue
- Approximate size: H 25 cm
- Price: Rs 450
- Origin: Ram Pottery Mauritius
- Care: Handle with care; wipe gently with a soft cloth; avoid sudden impact or harsh cleaning chemicals.",Ceramic Flower Vase | Handmade Pottery Mauritius,"Buy Ceramic Flower Vase from Ram Pottery Mauritius. Handmade ceramic for ceramic vase, décor, gifting and traditional use. Rs 450.",Ceramic Flower Vase - Ceramic Vase handmade by Ram Pottery Mauritius,ceramic-flower-vase-rs-450-h-25cm-d-14cm-material-ceramic-colour-blue.webp,C:\Dev\ram-potteey-ecom\public\product-images-optimized\ceramic-flower-vase-rs-450-h-25cm-d-14cm-material-ceramic-colour-blue.webp,1000,TRUE,TRUE,Ceramic,Blue,Category: Ceramic Vase | Material: Ceramic | Colour/finish: Blue | Size: H 25 cm | Stock: 1000
C:\Dev\ram-potteey-ecom\public\product-images-optimized\ceramic-flower-vase-rs-650-h29cm-d14cm-material-ceramic-colour-gray.webp,C:\Dev\ram-potteey-ecom\public\product-images-optimized,ceramic-flower-vase-rs-650-h29cm-d14cm-material-ceramic-colour-gray.webp,Ceramic Vase,Ceramic Vase,Ceramic Flower Vase,ceramic-flower-vase-2-9,650,813,Best Deal,,29,,"Handcrafted ceramic piece from Ram Pottery Mauritius, ideal for floral arrangements, console styling, hotel décor, gifting and premium interior decoration.","Ceramic Flower Vase is an elegant handmade ceramic vase from Ram Pottery Mauritius, designed to elevate floral displays, reception areas and premium interior spaces.

This piece is ideal for floral arrangements, console styling, hotel décor, gifting and premium interior decoration. Each item carries the natural charm of handmade pottery, with small variations in tone, texture and finish that make every product unique. It is a beautiful choice for customers looking for authentic Mauritian craftsmanship, meaningful gifts, traditional pieces and elegant décor.

Specifications:
- Category: Ceramic Vase
- Material: Ceramic
- Colour/finish: Grey
- Approximate size: H 29 cm
- Price: Rs 650
- Origin: Ram Pottery Mauritius
- Care: Handle with care; wipe gently with a soft cloth; avoid sudden impact or harsh cleaning chemicals.",Ceramic Flower Vase | Handmade Pottery Mauritius,"Buy Ceramic Flower Vase from Ram Pottery Mauritius. Handmade ceramic for ceramic vase, décor, gifting and traditional use. Rs 650.",Ceramic Flower Vase - Ceramic Vase handmade by Ram Pottery Mauritius,ceramic-flower-vase-rs-650-h29cm-d14cm-material-ceramic-colour-gray.webp,C:\Dev\ram-potteey-ecom\public\product-images-optimized\ceramic-flower-vase-rs-650-h29cm-d14cm-material-ceramic-colour-gray.webp,1000,TRUE,TRUE,Ceramic,Grey,Category: Ceramic Vase | Material: Ceramic | Colour/finish: Grey | Size: H 29 cm | Stock: 1000
C:\Dev\ram-potteey-ecom\public\product-images-optimized\flowe-vase-h-36cm-d22cm-ref-10152-rs-650-material-ceramic-colour-dark-brown.webp,C:\Dev\ram-potteey-ecom\public\product-images-optimized,flowe-vase-h-36cm-d22cm-ref-10152-rs-650-material-ceramic-colour-dark-brown.webp,Ceramic Vase,Ceramic Vase,Flowe Vase Ref 10152,flowe-vase-ref-10152,650,813,Best Deal,10152,36,,"Handcrafted ceramic piece from Ram Pottery Mauritius, ideal for floral arrangements, console styling, hotel décor, gifting and premium interior decoration.","Flowe Vase Ref 10152 is an elegant handmade ceramic vase from Ram Pottery Mauritius, designed to elevate floral displays, reception areas and premium interior spaces.

This piece is ideal for floral arrangements, console styling, hotel décor, gifting and premium interior decoration. Each item carries the natural charm of handmade pottery, with small variations in tone, texture and finish that make every product unique. It is a beautiful choice for customers looking for authentic Mauritian craftsmanship, meaningful gifts, traditional pieces and elegant décor.

Specifications:
- Category: Ceramic Vase
- Material: Ceramic
- Colour/finish: Brown
- Reference code: 10152
- Approximate size: H 36 cm
- Price: Rs 650
- Origin: Ram Pottery Mauritius
- Care: Handle with care; wipe gently with a soft cloth; avoid sudden impact or harsh cleaning chemicals.",Flowe Vase Ref 10152 | Handmade Pottery Mauritius,"Buy Flowe Vase Ref 10152 from Ram Pottery Mauritius. Handmade ceramic for ceramic vase, décor, gifting and traditional use. Ref 10152. Rs 650.",Flowe Vase Ref 10152 - Ceramic Vase handmade by Ram Pottery Mauritius,flowe-vase-h-36cm-d22cm-ref-10152-rs-650-material-ceramic-colour-dark-brown.webp,C:\Dev\ram-potteey-ecom\public\product-images-optimized\flowe-vase-h-36cm-d22cm-ref-10152-rs-650-material-ceramic-colour-dark-brown.webp,1000,TRUE,TRUE,Ceramic,Brown,Category: Ceramic Vase | Material: Ceramic | Colour/finish: Brown | Reference: 10152 | Size: H 36 cm | Stock: 1000
C:\Dev\ram-potteey-ecom\public\product-images-optimized\flower-pot-4h-40cm-d-30-cm-rs-2000-material-ceramic-colour-white-and-brown.webp,C:\Dev\ram-potteey-ecom\public\product-images-optimized,flower-pot-4h-40cm-d-30-cm-rs-2000-material-ceramic-colour-white-and-brown.webp,Ceramic Vase,Ceramic Vase,Flower Pot 4H,flower-pot-4h,2000,2500,Featured,,,,"Handcrafted ceramic piece from Ram Pottery Mauritius, ideal for gardens, patios, balconies, hotel spaces and elegant indoor greenery.","Flower Pot 4H is an elegant handmade ceramic vase from Ram Pottery Mauritius, designed to elevate floral displays, reception areas and premium interior spaces.

This piece is ideal for gardens, patios, balconies, hotel spaces and elegant indoor greenery. Each item carries the natural charm of handmade pottery, with small variations in tone, texture and finish that make every product unique. It is a beautiful choice for customers looking for authentic Mauritian craftsmanship, meaningful gifts, traditional pieces and elegant décor.

Specifications:
- Category: Ceramic Vase
- Material: Ceramic
- Colour/finish: Brown
- Approximate size: Approximate size shown in product image
- Price: Rs 2000
- Origin: Ram Pottery Mauritius
- Care: Handle with care; wipe gently with a soft cloth; avoid sudden impact or harsh cleaning chemicals.",Flower Pot 4H | Handmade Pottery Mauritius,"Buy Flower Pot 4H from Ram Pottery Mauritius. Handmade ceramic for ceramic vase, décor, gifting and traditional use. Rs 2000.",Flower Pot 4H - Ceramic Vase handmade by Ram Pottery Mauritius,flower-pot-4h-40cm-d-30-cm-rs-2000-material-ceramic-colour-white-and-brown.webp,C:\Dev\ram-potteey-ecom\public\product-images-optimized\flower-pot-4h-40cm-d-30-cm-rs-2000-material-ceramic-colour-white-and-brown.webp,1000,TRUE,TRUE,Ceramic,Brown,Category: Ceramic Vase | Material: Ceramic | Colour/finish: Brown | Size: Approximate size shown in product image | Stock: 1000
C:\Dev\ram-potteey-ecom\public\product-images-optimized\clay-cooking-pot-rs-1500-rf-10273-2-5l-material-clay-colour-brown.webp,C:\Dev\ram-potteey-ecom\public\product-images-optimized,clay-cooking-pot-rs-1500-rf-10273-2-5l-material-clay-colour-brown.webp,Clay Cookingware,Clay Cookingware,Clay Cooking Pot 2 5L,clay-cooking-pot-2-5l,1500,1875,,,,,"Handcrafted natural clay piece from Ram Pottery Mauritius, ideal for traditional cooking, natural kitchen presentation and authentic clay cookware lovers.","Clay Cooking Pot 2 5L is a traditional clay cookingware piece from Ram Pottery Mauritius, made for customers who appreciate authentic earthen cookware and natural presentation.

This piece is ideal for traditional cooking, natural kitchen presentation and authentic clay cookware lovers. Each item carries the natural charm of handmade pottery, with small variations in tone, texture and finish that make every product unique. It is a beautiful choice for customers looking for authentic Mauritian craftsmanship, meaningful gifts, traditional pieces and elegant décor.

Specifications:
- Category: Clay Cookingware
- Material: Natural clay
- Colour/finish: Brown
- Approximate size: Approximate size shown in product image
- Capacity: 2.5 L
- Price: Rs 1500
- Origin: Ram Pottery Mauritius
- Care: Handle with care; wipe gently with a soft cloth; avoid sudden impact or harsh cleaning chemicals.",Clay Cooking Pot 2 5L | Handmade Pottery Mauritius,"Buy Clay Cooking Pot 2 5L from Ram Pottery Mauritius. Handmade natural clay for clay cookingware, décor, gifting and traditional use. Rs 1500.",Clay Cooking Pot 2 5L - Clay Cookingware handmade by Ram Pottery Mauritius,clay-cooking-pot-rs-1500-rf-10273-2-5l-material-clay-colour-brown.webp,C:\Dev\ram-potteey-ecom\public\product-images-optimized\clay-cooking-pot-rs-1500-rf-10273-2-5l-material-clay-colour-brown.webp,1000,TRUE,TRUE,Natural clay,Brown,Category: Clay Cookingware | Material: Natural clay | Colour/finish: Brown | Size: Approximate size shown in product image | Capacity: 2.5 L | Stock: 1000
C:\Dev\ram-potteey-ecom\public\product-images-optimized\clay-cooking-pot-rs-1800-2-5l-ref-10270-material-clay-colour-brown.webp,C:\Dev\ram-potteey-ecom\public\product-images-optimized,clay-cooking-pot-rs-1800-2-5l-ref-10270-material-clay-colour-brown.webp,Clay Cookingware,Clay Cookingware,Clay Cooking Pot 2 5L Ref 10270,clay-cooking-pot-2-5l-ref-10270,1800,2250,,10270,,,"Handcrafted natural clay piece from Ram Pottery Mauritius, ideal for traditional cooking, natural kitchen presentation and authentic clay cookware lovers.","Clay Cooking Pot 2 5L Ref 10270 is a traditional clay cookingware piece from Ram Pottery Mauritius, made for customers who appreciate authentic earthen cookware and natural presentation.

This piece is ideal for traditional cooking, natural kitchen presentation and authentic clay cookware lovers. Each item carries the natural charm of handmade pottery, with small variations in tone, texture and finish that make every product unique. It is a beautiful choice for customers looking for authentic Mauritian craftsmanship, meaningful gifts, traditional pieces and elegant décor.

Specifications:
- Category: Clay Cookingware
- Material: Natural clay
- Colour/finish: Brown
- Reference code: 10270
- Approximate size: Approximate size shown in product image
- Capacity: 2.5 L
- Price: Rs 1800
- Origin: Ram Pottery Mauritius
- Care: Handle with care; wipe gently with a soft cloth; avoid sudden impact or harsh cleaning chemicals.",Clay Cooking Pot 2 5L Ref 10270 | Handmade Pottery Mauritius,"Buy Clay Cooking Pot 2 5L Ref 10270 from Ram Pottery Mauritius. Handmade natural clay for clay cookingware, décor, gifting and traditional use. Ref 10270. Rs 1800.",Clay Cooking Pot 2 5L Ref 10270 - Clay Cookingware handmade by Ram Pottery Mauritius,clay-cooking-pot-rs-1800-2-5l-ref-10270-material-clay-colour-brown.webp,C:\Dev\ram-potteey-ecom\public\product-images-optimized\clay-cooking-pot-rs-1800-2-5l-ref-10270-material-clay-colour-brown.webp,1000,TRUE,TRUE,Natural clay,Brown,Category: Clay Cookingware | Material: Natural clay | Colour/finish: Brown | Reference: 10270 | Size: Approximate size shown in product image | Capacity: 2.5 L | Stock: 1000
C:\Dev\ram-potteey-ecom\public\product-images-optimized\clay-cooking-pot-rs-2000-ref-10268-3l-material-clay-colour-black.webp,C:\Dev\ram-potteey-ecom\public\product-images-optimized,clay-cooking-pot-rs-2000-ref-10268-3l-material-clay-colour-black.webp,Clay Cookingware,Clay Cookingware,Clay Cooking Pot 3L Ref 10268,clay-cooking-pot-3l-ref-10268,2000,2500,Featured,10268,,,"Handcrafted natural clay piece from Ram Pottery Mauritius, ideal for traditional cooking, natural kitchen presentation and authentic clay cookware lovers.","Clay Cooking Pot 3L Ref 10268 is a traditional clay cookingware piece from Ram Pottery Mauritius, made for customers who appreciate authentic earthen cookware and natural presentation.

This piece is ideal for traditional cooking, natural kitchen presentation and authentic clay cookware lovers. Each item carries the natural charm of handmade pottery, with small variations in tone, texture and finish that make every product unique. It is a beautiful choice for customers looking for authentic Mauritian craftsmanship, meaningful gifts, traditional pieces and elegant décor.

Specifications:
- Category: Clay Cookingware
- Material: Natural clay
- Colour/finish: Black
- Reference code: 10268
- Approximate size: Approximate size shown in product image
- Capacity: 10268.3 L
- Price: Rs 2000
- Origin: Ram Pottery Mauritius
- Care: Handle with care; wipe gently with a soft cloth; avoid sudden impact or harsh cleaning chemicals.",Clay Cooking Pot 3L Ref 10268 | Handmade Pottery Mauritius,"Buy Clay Cooking Pot 3L Ref 10268 from Ram Pottery Mauritius. Handmade natural clay for clay cookingware, décor, gifting and traditional use. Ref 10268. Rs 2000.",Clay Cooking Pot 3L Ref 10268 - Clay Cookingware handmade by Ram Pottery Mauritius,clay-cooking-pot-rs-2000-ref-10268-3l-material-clay-colour-black.webp,C:\Dev\ram-potteey-ecom\public\product-images-optimized\clay-cooking-pot-rs-2000-ref-10268-3l-material-clay-colour-black.webp,1000,TRUE,TRUE,Natural clay,Black,Category: Clay Cookingware | Material: Natural clay | Colour/finish: Black | Reference: 10268 | Size: Approximate size shown in product image | Capacity: 10268.3 L | Stock: 1000
C:\Dev\ram-potteey-ecom\public\product-images-optimized\clay-cooking-pot-with-lid-and-handle-3l-rs-2000-ref-10269-material-clay-colour-brown.webp,C:\Dev\ram-potteey-ecom\public\product-images-optimized,clay-cooking-pot-with-lid-and-handle-3l-rs-2000-ref-10269-material-clay-colour-brown.webp,Clay Cookingware,Clay Cookingware,Clay Cooking Pot with Lid and Handle 3L Ref 10269,clay-cooking-pot-with-lid-and-handle-3l-ref-10269,2000,2500,Featured,10269,,,"Handcrafted natural clay piece from Ram Pottery Mauritius, ideal for traditional cooking, natural kitchen presentation and authentic clay cookware lovers.","Clay Cooking Pot with Lid and Handle 3L Ref 10269 is a traditional clay cookingware piece from Ram Pottery Mauritius, made for customers who appreciate authentic earthen cookware and natural presentation.

This piece is ideal for traditional cooking, natural kitchen presentation and authentic clay cookware lovers. Each item carries the natural charm of handmade pottery, with small variations in tone, texture and finish that make every product unique. It is a beautiful choice for customers looking for authentic Mauritian craftsmanship, meaningful gifts, traditional pieces and elegant décor.

Specifications:
- Category: Clay Cookingware
- Material: Natural clay
- Colour/finish: Brown
- Reference code: 10269
- Approximate size: Approximate size shown in product image
- Capacity: 3 L
- Price: Rs 2000
- Origin: Ram Pottery Mauritius
- Care: Handle with care; wipe gently with a soft cloth; avoid sudden impact or harsh cleaning chemicals.",Clay Cooking Pot with Lid and Handle 3L Ref 10269 | Handmade Pottery Mauritius,"Buy Clay Cooking Pot with Lid and Handle 3L Ref 10269 from Ram Pottery Mauritius. Handmade natural clay for clay cookingware, décor, gifting and traditional use. Ref 10269. Rs 2000.",Clay Cooking Pot with Lid and Handle 3L Ref 10269 - Clay Cookingware handmade by Ram Pottery Mauritius,clay-cooking-pot-with-lid-and-handle-3l-rs-2000-ref-10269-material-clay-colour-brown.webp,C:\Dev\ram-potteey-ecom\public\product-images-optimized\clay-cooking-pot-with-lid-and-handle-3l-rs-2000-ref-10269-material-clay-colour-brown.webp,1000,TRUE,TRUE,Natural clay,Brown,Category: Clay Cookingware | Material: Natural clay | Colour/finish: Brown | Reference: 10269 | Size: Approximate size shown in product image | Capacity: 3 L | Stock: 1000
C:\Dev\ram-potteey-ecom\public\product-images-optimized\clay-frying-pan-rs-650-ref-10277-9inch-material-clay-colour-brown.webp,C:\Dev\ram-potteey-ecom\public\product-images-optimized,clay-frying-pan-rs-650-ref-10277-9inch-material-clay-colour-brown.webp,Clay Cookingware,Clay Cookingware,Clay Frying Pan 9inch Ref 10277,clay-frying-pan-9inch-ref-10277,650,813,Best Deal,10277,,,"Handcrafted natural clay piece from Ram Pottery Mauritius, ideal for traditional cooking, natural kitchen presentation and authentic clay cookware lovers.","Clay Frying Pan 9inch Ref 10277 is a traditional clay cookingware piece from Ram Pottery Mauritius, made for customers who appreciate authentic earthen cookware and natural presentation.

This piece is ideal for traditional cooking, natural kitchen presentation and authentic clay cookware lovers. Each item carries the natural charm of handmade pottery, with small variations in tone, texture and finish that make every product unique. It is a beautiful choice for customers looking for authentic Mauritian craftsmanship, meaningful gifts, traditional pieces and elegant décor.

Specifications:
- Category: Clay Cookingware
- Material: Natural clay
- Colour/finish: Brown
- Reference code: 10277
- Approximate size: Approximate size shown in product image
- Price: Rs 650
- Origin: Ram Pottery Mauritius
- Care: Handle with care; wipe gently with a soft cloth; avoid sudden impact or harsh cleaning chemicals.",Clay Frying Pan 9inch Ref 10277 | Handmade Pottery Mauritius,"Buy Clay Frying Pan 9inch Ref 10277 from Ram Pottery Mauritius. Handmade natural clay for clay cookingware, décor, gifting and traditional use. Ref 10277. Rs 650.",Clay Frying Pan 9inch Ref 10277 - Clay Cookingware handmade by Ram Pottery Mauritius,clay-frying-pan-rs-650-ref-10277-9inch-material-clay-colour-brown.webp,C:\Dev\ram-potteey-ecom\public\product-images-optimized\clay-frying-pan-rs-650-ref-10277-9inch-material-clay-colour-brown.webp,1000,TRUE,TRUE,Natural clay,Brown,Category: Clay Cookingware | Material: Natural clay | Colour/finish: Brown | Reference: 10277 | Size: Approximate size shown in product image | Stock: 1000
C:\Dev\ram-potteey-ecom\public\product-images-optimized\clay-khadai-without-lid-rs-1100-ref-10275-1l-material-clay-colour-brown.webp,C:\Dev\ram-potteey-ecom\public\product-images-optimized,clay-khadai-without-lid-rs-1100-ref-10275-1l-material-clay-colour-brown.webp,Clay Cookingware,Clay Cookingware,Clay Khadai Without Li L Ref 10275,clay-khadai-without-li-l-ref-10275,1100,1375,,10275,,,"Handcrafted natural clay piece from Ram Pottery Mauritius, ideal for traditional cooking, natural kitchen presentation and authentic clay cookware lovers.","Clay Khadai Without Li L Ref 10275 is a traditional clay cookingware piece from Ram Pottery Mauritius, made for customers who appreciate authentic earthen cookware and natural presentation.

This piece is ideal for traditional cooking, natural kitchen presentation and authentic clay cookware lovers. Each item carries the natural charm of handmade pottery, with small variations in tone, texture and finish that make every product unique. It is a beautiful choice for customers looking for authentic Mauritian craftsmanship, meaningful gifts, traditional pieces and elegant décor.

Specifications:
- Category: Clay Cookingware
- Material: Natural clay
- Colour/finish: Brown
- Reference code: 10275
- Approximate size: Approximate size shown in product image
- Capacity: 10275.1 L
- Price: Rs 1100
- Origin: Ram Pottery Mauritius
- Care: Handle with care; wipe gently with a soft cloth; avoid sudden impact or harsh cleaning chemicals.",Clay Khadai Without Li L Ref 10275 | Handmade Pottery Mauritius,"Buy Clay Khadai Without Li L Ref 10275 from Ram Pottery Mauritius. Handmade natural clay for clay cookingware, décor, gifting and traditional use. Ref 10275. Rs 1100.",Clay Khadai Without Li L Ref 10275 - Clay Cookingware handmade by Ram Pottery Mauritius,clay-khadai-without-lid-rs-1100-ref-10275-1l-material-clay-colour-brown.webp,C:\Dev\ram-potteey-ecom\public\product-images-optimized\clay-khadai-without-lid-rs-1100-ref-10275-1l-material-clay-colour-brown.webp,1000,TRUE,TRUE,Natural clay,Brown,Category: Clay Cookingware | Material: Natural clay | Colour/finish: Brown | Reference: 10275 | Size: Approximate size shown in product image | Capacity: 10275.1 L | Stock: 1000
C:\Dev\ram-potteey-ecom\public\product-images-optimized\clay-khadai-without-lid-rs-1500-2l-ref-10276-material-clay-colour-brown.webp,C:\Dev\ram-potteey-ecom\public\product-images-optimized,clay-khadai-without-lid-rs-1500-2l-ref-10276-material-clay-colour-brown.webp,Clay Cookingware,Clay Cookingware,Clay Khadai Without Li L Ref 10276,clay-khadai-without-li-l-ref-10276,1500,1875,,10276,,,"Handcrafted natural clay piece from Ram Pottery Mauritius, ideal for traditional cooking, natural kitchen presentation and authentic clay cookware lovers.","Clay Khadai Without Li L Ref 10276 is a traditional clay cookingware piece from Ram Pottery Mauritius, made for customers who appreciate authentic earthen cookware and natural presentation.

This piece is ideal for traditional cooking, natural kitchen presentation and authentic clay cookware lovers. Each item carries the natural charm of handmade pottery, with small variations in tone, texture and finish that make every product unique. It is a beautiful choice for customers looking for authentic Mauritian craftsmanship, meaningful gifts, traditional pieces and elegant décor.

Specifications:
- Category: Clay Cookingware
- Material: Natural clay
- Colour/finish: Brown
- Reference code: 10276
- Approximate size: Approximate size shown in product image
- Capacity: 1500.2 L
- Price: Rs 1500
- Origin: Ram Pottery Mauritius
- Care: Handle with care; wipe gently with a soft cloth; avoid sudden impact or harsh cleaning chemicals.",Clay Khadai Without Li L Ref 10276 | Handmade Pottery Mauritius,"Buy Clay Khadai Without Li L Ref 10276 from Ram Pottery Mauritius. Handmade natural clay for clay cookingware, décor, gifting and traditional use. Ref 10276. Rs 1500.",Clay Khadai Without Li L Ref 10276 - Clay Cookingware handmade by Ram Pottery Mauritius,clay-khadai-without-lid-rs-1500-2l-ref-10276-material-clay-colour-brown.webp,C:\Dev\ram-potteey-ecom\public\product-images-optimized\clay-khadai-without-lid-rs-1500-2l-ref-10276-material-clay-colour-brown.webp,1000,TRUE,TRUE,Natural clay,Brown,Category: Clay Cookingware | Material: Natural clay | Colour/finish: Brown | Reference: 10276 | Size: Approximate size shown in product image | Capacity: 1500.2 L | Stock: 1000
C:\Dev\ram-potteey-ecom\public\product-images-optimized\clay-khadai-without-lidref-10274-khadai-0-5l-rs-850-material-clay-colour-brown.webp,C:\Dev\ram-potteey-ecom\public\product-images-optimized,clay-khadai-without-lidref-10274-khadai-0-5l-rs-850-material-clay-colour-brown.webp,Clay Cookingware,Clay Cookingware,Clay Khadai Without Lid Khadai 0 5L,clay-khadai-without-lid-khadai-0-5l,850,1063,,,,,"Handcrafted natural clay piece from Ram Pottery Mauritius, ideal for traditional cooking, natural kitchen presentation and authentic clay cookware lovers.","Clay Khadai Without Lid Khadai 0 5L is a traditional clay cookingware piece from Ram Pottery Mauritius, made for customers who appreciate authentic earthen cookware and natural presentation.

This piece is ideal for traditional cooking, natural kitchen presentation and authentic clay cookware lovers. Each item carries the natural charm of handmade pottery, with small variations in tone, texture and finish that make every product unique. It is a beautiful choice for customers looking for authentic Mauritian craftsmanship, meaningful gifts, traditional pieces and elegant décor.

Specifications:
- Category: Clay Cookingware
- Material: Natural clay
- Colour/finish: Brown
- Approximate size: Approximate size shown in product image
- Capacity: 0.5 L
- Price: Rs 850
- Origin: Ram Pottery Mauritius
- Care: Handle with care; wipe gently with a soft cloth; avoid sudden impact or harsh cleaning chemicals.",Clay Khadai Without Lid Khadai 0 5L | Handmade Pottery Mauritius,"Buy Clay Khadai Without Lid Khadai 0 5L from Ram Pottery Mauritius. Handmade natural clay for clay cookingware, décor, gifting and traditional use. Rs 850.",Clay Khadai Without Lid Khadai 0 5L - Clay Cookingware handmade by Ram Pottery Mauritius,clay-khadai-without-lidref-10274-khadai-0-5l-rs-850-material-clay-colour-brown.webp,C:\Dev\ram-potteey-ecom\public\product-images-optimized\clay-khadai-without-lidref-10274-khadai-0-5l-rs-850-material-clay-colour-brown.webp,1000,TRUE,TRUE,Natural clay,Brown,Category: Clay Cookingware | Material: Natural clay | Colour/finish: Brown | Size: Approximate size shown in product image | Capacity: 0.5 L | Stock: 1000
C:\Dev\ram-potteey-ecom\public\product-images-optimized\clay-pressure-cooker-rs-2000-3l-material-clay-colour-brown.webp,C:\Dev\ram-potteey-ecom\public\product-images-optimized,clay-pressure-cooker-rs-2000-3l-material-clay-colour-brown.webp,Clay Cookingware,Clay Cookingware,Clay Pressure Cooker 3L,clay-pressure-cooker-3l,2000,2500,Featured,,,,"Handcrafted natural clay piece from Ram Pottery Mauritius, ideal for traditional cooking, natural kitchen presentation and authentic clay cookware lovers.","Clay Pressure Cooker 3L is a traditional clay cookingware piece from Ram Pottery Mauritius, made for customers who appreciate authentic earthen cookware and natural presentation.

This piece is ideal for traditional cooking, natural kitchen presentation and authentic clay cookware lovers. Each item carries the natural charm of handmade pottery, with small variations in tone, texture and finish that make every product unique. It is a beautiful choice for customers looking for authentic Mauritian craftsmanship, meaningful gifts, traditional pieces and elegant décor.

Specifications:
- Category: Clay Cookingware
- Material: Natural clay
- Colour/finish: Brown
- Approximate size: Approximate size shown in product image
- Capacity: 2000.3 L
- Price: Rs 2000
- Origin: Ram Pottery Mauritius
- Care: Handle with care; wipe gently with a soft cloth; avoid sudden impact or harsh cleaning chemicals.",Clay Pressure Cooker 3L | Handmade Pottery Mauritius,"Buy Clay Pressure Cooker 3L from Ram Pottery Mauritius. Handmade natural clay for clay cookingware, décor, gifting and traditional use. Rs 2000.",Clay Pressure Cooker 3L - Clay Cookingware handmade by Ram Pottery Mauritius,clay-pressure-cooker-rs-2000-3l-material-clay-colour-brown.webp,C:\Dev\ram-potteey-ecom\public\product-images-optimized\clay-pressure-cooker-rs-2000-3l-material-clay-colour-brown.webp,1000,TRUE,TRUE,Natural clay,Brown,Category: Clay Cookingware | Material: Natural clay | Colour/finish: Brown | Size: Approximate size shown in product image | Capacity: 2000.3 L | Stock: 1000
C:\Dev\ram-potteey-ecom\public\product-images-optimized\tawa-handle-with-holes-21cm-rs-200-material-clay-colour-brown.webp,C:\Dev\ram-potteey-ecom\public\product-images-optimized,tawa-handle-with-holes-21cm-rs-200-material-clay-colour-brown.webp,Clay Cookingware,Clay Cookingware,Tawa Handle with Holes,tawa-handle-with-holes,200,250,Best Deal,,,,"Handcrafted natural clay piece from Ram Pottery Mauritius, ideal for traditional cooking, natural kitchen presentation and authentic clay cookware lovers.","Tawa Handle with Holes is a traditional clay cookingware piece from Ram Pottery Mauritius, made for customers who appreciate authentic earthen cookware and natural presentation.

This piece is ideal for traditional cooking, natural kitchen presentation and authentic clay cookware lovers. Each item carries the natural charm of handmade pottery, with small variations in tone, texture and finish that make every product unique. It is a beautiful choice for customers looking for authentic Mauritian craftsmanship, meaningful gifts, traditional pieces and elegant décor.

Specifications:
- Category: Clay Cookingware
- Material: Natural clay
- Colour/finish: Brown
- Approximate size: Approximate size shown in product image
- Price: Rs 200
- Origin: Ram Pottery Mauritius
- Care: Handle with care; wipe gently with a soft cloth; avoid sudden impact or harsh cleaning chemicals.",Tawa Handle with Holes | Handmade Pottery Mauritius,"Buy Tawa Handle with Holes from Ram Pottery Mauritius. Handmade natural clay for clay cookingware, décor, gifting and traditional use. Rs 200.",Tawa Handle with Holes - Clay Cookingware handmade by Ram Pottery Mauritius,tawa-handle-with-holes-21cm-rs-200-material-clay-colour-brown.webp,C:\Dev\ram-potteey-ecom\public\product-images-optimized\tawa-handle-with-holes-21cm-rs-200-material-clay-colour-brown.webp,1000,TRUE,TRUE,Natural clay,Brown,Category: Clay Cookingware | Material: Natural clay | Colour/finish: Brown | Size: Approximate size shown in product image | Stock: 1000
C:\Dev\ram-potteey-ecom\public\product-images-optimized\tawa-holes-21cm-rs-125-material-clay-colour-brown.webp,C:\Dev\ram-potteey-ecom\public\product-images-optimized,tawa-holes-21cm-rs-125-material-clay-colour-brown.webp,Clay Cookingware,Clay Cookingware,Tawa Holes,tawa-holes,125,157,Best Deal,,,,"Handcrafted natural clay piece from Ram Pottery Mauritius, ideal for traditional cooking, natural kitchen presentation and authentic clay cookware lovers.","Tawa Holes is a traditional clay cookingware piece from Ram Pottery Mauritius, made for customers who appreciate authentic earthen cookware and natural presentation.

This piece is ideal for traditional cooking, natural kitchen presentation and authentic clay cookware lovers. Each item carries the natural charm of handmade pottery, with small variations in tone, texture and finish that make every product unique. It is a beautiful choice for customers looking for authentic Mauritian craftsmanship, meaningful gifts, traditional pieces and elegant décor.

Specifications:
- Category: Clay Cookingware
- Material: Natural clay
- Colour/finish: Brown
- Approximate size: Approximate size shown in product image
- Price: Rs 125
- Origin: Ram Pottery Mauritius
- Care: Handle with care; wipe gently with a soft cloth; avoid sudden impact or harsh cleaning chemicals.",Tawa Holes | Handmade Pottery Mauritius,"Buy Tawa Holes from Ram Pottery Mauritius. Handmade natural clay for clay cookingware, décor, gifting and traditional use. Rs 125.",Tawa Holes - Clay Cookingware handmade by Ram Pottery Mauritius,tawa-holes-21cm-rs-125-material-clay-colour-brown.webp,C:\Dev\ram-potteey-ecom\public\product-images-optimized\tawa-holes-21cm-rs-125-material-clay-colour-brown.webp,1000,TRUE,TRUE,Natural clay,Brown,Category: Clay Cookingware | Material: Natural clay | Colour/finish: Brown | Size: Approximate size shown in product image | Stock: 1000
C:\Dev\ram-potteey-ecom\public\product-images-optimized\tawa-without-holes-and-handle-rs-175-26cm-material-clay-colour-brown.webp,C:\Dev\ram-potteey-ecom\public\product-images-optimized,tawa-without-holes-and-handle-rs-175-26cm-material-clay-colour-brown.webp,Clay Cookingware,Clay Cookingware,Tawa Without Holes and Handle,tawa-without-holes-and-handle,175,219,Best Deal,,,,"Handcrafted natural clay piece from Ram Pottery Mauritius, ideal for traditional cooking, natural kitchen presentation and authentic clay cookware lovers.","Tawa Without Holes and Handle is a traditional clay cookingware piece from Ram Pottery Mauritius, made for customers who appreciate authentic earthen cookware and natural presentation.

This piece is ideal for traditional cooking, natural kitchen presentation and authentic clay cookware lovers. Each item carries the natural charm of handmade pottery, with small variations in tone, texture and finish that make every product unique. It is a beautiful choice for customers looking for authentic Mauritian craftsmanship, meaningful gifts, traditional pieces and elegant décor.

Specifications:
- Category: Clay Cookingware
- Material: Natural clay
- Colour/finish: Brown
- Approximate size: Approximate size shown in product image
- Price: Rs 175
- Origin: Ram Pottery Mauritius
- Care: Handle with care; wipe gently with a soft cloth; avoid sudden impact or harsh cleaning chemicals.",Tawa Without Holes and Handle | Handmade Pottery Mauritius,"Buy Tawa Without Holes and Handle from Ram Pottery Mauritius. Handmade natural clay for clay cookingware, décor, gifting and traditional use. Rs 175.",Tawa Without Holes and Handle - Clay Cookingware handmade by Ram Pottery Mauritius,tawa-without-holes-and-handle-rs-175-26cm-material-clay-colour-brown.webp,C:\Dev\ram-potteey-ecom\public\product-images-optimized\tawa-without-holes-and-handle-rs-175-26cm-material-clay-colour-brown.webp,1000,TRUE,TRUE,Natural clay,Brown,Category: Clay Cookingware | Material: Natural clay | Colour/finish: Brown | Size: Approximate size shown in product image | Stock: 1000
C:\Dev\ram-potteey-ecom\public\product-images-optimized\clay-flower-vase-h28-rs-400-material-clay-color-reddish-brown.webp,C:\Dev\ram-potteey-ecom\public\product-images-optimized,clay-flower-vase-h28-rs-400-material-clay-color-reddish-brown.webp,Clay Flower pot,Clay Flower Pot,Clay Flower Vase,clay-flower-vase,400,500,Best Deal,,28,,"Handcrafted natural clay piece from Ram Pottery Mauritius, ideal for gardens, patios, balconies, hotel spaces and elegant indoor greenery.","Clay Flower Vase is a handmade pottery planter from Ram Pottery Mauritius, crafted to add earthy character to gardens, terraces, balconies and indoor plant corners.

This piece is ideal for gardens, patios, balconies, hotel spaces and elegant indoor greenery. Each item carries the natural charm of handmade pottery, with small variations in tone, texture and finish that make every product unique. It is a beautiful choice for customers looking for authentic Mauritian craftsmanship, meaningful gifts, traditional pieces and elegant décor.

Specifications:
- Category: Clay Flower Pot
- Material: Natural clay
- Colour/finish: Brown
- Approximate size: H 28 cm
- Price: Rs 400
- Origin: Ram Pottery Mauritius
- Care: Handle with care; wipe gently with a soft cloth; avoid sudden impact or harsh cleaning chemicals.",Clay Flower Vase | Handmade Pottery Mauritius,"Buy Clay Flower Vase from Ram Pottery Mauritius. Handmade natural clay for clay flower pot, décor, gifting and traditional use. Rs 400.",Clay Flower Vase - Clay Flower Pot handmade by Ram Pottery Mauritius,clay-flower-vase-h28-rs-400-material-clay-color-reddish-brown.webp,C:\Dev\ram-potteey-ecom\public\product-images-optimized\clay-flower-vase-h28-rs-400-material-clay-color-reddish-brown.webp,1000,TRUE,TRUE,Natural clay,Brown,Category: Clay Flower Pot | Material: Natural clay | Colour/finish: Brown | Size: H 28 cm | Stock: 1000
C:\Dev\ram-potteey-ecom\public\product-images-optimized\clay-flowerr-pot-h21-d26-rs-400-material-clay-color-reddish-brown.webp,C:\Dev\ram-potteey-ecom\public\product-images-optimized,clay-flowerr-pot-h21-d26-rs-400-material-clay-color-reddish-brown.webp,Clay Flower pot,Clay Flower Pot,Clay Flowerr Pot,clay-flowerr-pot,400,500,Best Deal,,21,,"Handcrafted natural clay piece from Ram Pottery Mauritius, ideal for gardens, patios, balconies, hotel spaces and elegant indoor greenery.","Clay Flowerr Pot is a handmade pottery planter from Ram Pottery Mauritius, crafted to add earthy character to gardens, terraces, balconies and indoor plant corners.

This piece is ideal for gardens, patios, balconies, hotel spaces and elegant indoor greenery. Each item carries the natural charm of handmade pottery, with small variations in tone, texture and finish that make every product unique. It is a beautiful choice for customers looking for authentic Mauritian craftsmanship, meaningful gifts, traditional pieces and elegant décor.

Specifications:
- Category: Clay Flower Pot
- Material: Natural clay
- Colour/finish: Brown
- Approximate size: H 21 cm
- Price: Rs 400
- Origin: Ram Pottery Mauritius
- Care: Handle with care; wipe gently with a soft cloth; avoid sudden impact or harsh cleaning chemicals.",Clay Flowerr Pot | Handmade Pottery Mauritius,"Buy Clay Flowerr Pot from Ram Pottery Mauritius. Handmade natural clay for clay flower pot, décor, gifting and traditional use. Rs 400.",Clay Flowerr Pot - Clay Flower Pot handmade by Ram Pottery Mauritius,clay-flowerr-pot-h21-d26-rs-400-material-clay-color-reddish-brown.webp,C:\Dev\ram-potteey-ecom\public\product-images-optimized\clay-flowerr-pot-h21-d26-rs-400-material-clay-color-reddish-brown.webp,1000,TRUE,TRUE,Natural clay,Brown,Category: Clay Flower Pot | Material: Natural clay | Colour/finish: Brown | Size: H 21 cm | Stock: 1000
C:\Dev\ram-potteey-ecom\public\product-images-optimized\flowe-pot-h25-d29cm-rs-500-material-clay-color-reddish-brown.webp,C:\Dev\ram-potteey-ecom\public\product-images-optimized,flowe-pot-h25-d29cm-rs-500-material-clay-color-reddish-brown.webp,Clay Flower pot,Clay Flower Pot,Flowe Pot,flowe-pot,500,625,Best Deal,,25,,"Handcrafted natural clay piece from Ram Pottery Mauritius, ideal for gardens, patios, balconies, hotel spaces and elegant indoor greenery.","Flowe Pot is a handmade pottery planter from Ram Pottery Mauritius, crafted to add earthy character to gardens, terraces, balconies and indoor plant corners.

This piece is ideal for gardens, patios, balconies, hotel spaces and elegant indoor greenery. Each item carries the natural charm of handmade pottery, with small variations in tone, texture and finish that make every product unique. It is a beautiful choice for customers looking for authentic Mauritian craftsmanship, meaningful gifts, traditional pieces and elegant décor.

Specifications:
- Category: Clay Flower Pot
- Material: Natural clay
- Colour/finish: Brown
- Approximate size: H 25 cm
- Price: Rs 500
- Origin: Ram Pottery Mauritius
- Care: Handle with care; wipe gently with a soft cloth; avoid sudden impact or harsh cleaning chemicals.",Flowe Pot | Handmade Pottery Mauritius,"Buy Flowe Pot from Ram Pottery Mauritius. Handmade natural clay for clay flower pot, décor, gifting and traditional use. Rs 500.",Flowe Pot - Clay Flower Pot handmade by Ram Pottery Mauritius,flowe-pot-h25-d29cm-rs-500-material-clay-color-reddish-brown.webp,C:\Dev\ram-potteey-ecom\public\product-images-optimized\flowe-pot-h25-d29cm-rs-500-material-clay-color-reddish-brown.webp,1000,TRUE,TRUE,Natural clay,Brown,Category: Clay Flower Pot | Material: Natural clay | Colour/finish: Brown | Size: H 25 cm | Stock: 1000
C:\Dev\ram-potteey-ecom\public\product-images-optimized\flower-pot-h19-d21-materia-clay-color-reddish-brown-rs-300.webp,C:\Dev\ram-potteey-ecom\public\product-images-optimized,flower-pot-h19-d21-materia-clay-color-reddish-brown-rs-300.webp,Clay Flower pot,Clay Flower Pot,Flower Pot Materia Clay,flower-pot-materia-clay,300,375,Best Deal,,19,,"Handcrafted natural clay piece from Ram Pottery Mauritius, ideal for gardens, patios, balconies, hotel spaces and elegant indoor greenery.","Flower Pot Materia Clay is a handmade pottery planter from Ram Pottery Mauritius, crafted to add earthy character to gardens, terraces, balconies and indoor plant corners.

This piece is ideal for gardens, patios, balconies, hotel spaces and elegant indoor greenery. Each item carries the natural charm of handmade pottery, with small variations in tone, texture and finish that make every product unique. It is a beautiful choice for customers looking for authentic Mauritian craftsmanship, meaningful gifts, traditional pieces and elegant décor.

Specifications:
- Category: Clay Flower Pot
- Material: Natural clay
- Colour/finish: Brown
- Approximate size: H 19 cm
- Price: Rs 300
- Origin: Ram Pottery Mauritius
- Care: Handle with care; wipe gently with a soft cloth; avoid sudden impact or harsh cleaning chemicals.",Flower Pot Materia Clay | Handmade Pottery Mauritius,"Buy Flower Pot Materia Clay from Ram Pottery Mauritius. Handmade natural clay for clay flower pot, décor, gifting and traditional use. Rs 300.",Flower Pot Materia Clay - Clay Flower Pot handmade by Ram Pottery Mauritius,flower-pot-h19-d21-materia-clay-color-reddish-brown-rs-300.webp,C:\Dev\ram-potteey-ecom\public\product-images-optimized\flower-pot-h19-d21-materia-clay-color-reddish-brown-rs-300.webp,1000,TRUE,TRUE,Natural clay,Brown,Category: Clay Flower Pot | Material: Natural clay | Colour/finish: Brown | Size: H 19 cm | Stock: 1000
C:\Dev\ram-potteey-ecom\public\product-images-optimized\flower-pot-h29cm-d25cm-rs-850-material-clay-colour-brown.webp,C:\Dev\ram-potteey-ecom\public\product-images-optimized,flower-pot-h29cm-d25cm-rs-850-material-clay-colour-brown.webp,Clay Flower pot,Clay Flower Pot,Flower Pot,flower-pot,850,1063,,,29,,"Handcrafted natural clay piece from Ram Pottery Mauritius, ideal for gardens, patios, balconies, hotel spaces and elegant indoor greenery.","Flower Pot is a handmade pottery planter from Ram Pottery Mauritius, crafted to add earthy character to gardens, terraces, balconies and indoor plant corners.

This piece is ideal for gardens, patios, balconies, hotel spaces and elegant indoor greenery. Each item carries the natural charm of handmade pottery, with small variations in tone, texture and finish that make every product unique. It is a beautiful choice for customers looking for authentic Mauritian craftsmanship, meaningful gifts, traditional pieces and elegant décor.

Specifications:
- Category: Clay Flower Pot
- Material: Natural clay
- Colour/finish: Brown
- Approximate size: H 29 cm
- Price: Rs 850
- Origin: Ram Pottery Mauritius
- Care: Handle with care; wipe gently with a soft cloth; avoid sudden impact or harsh cleaning chemicals.",Flower Pot | Handmade Pottery Mauritius,"Buy Flower Pot from Ram Pottery Mauritius. Handmade natural clay for clay flower pot, décor, gifting and traditional use. Rs 850.",Flower Pot - Clay Flower Pot handmade by Ram Pottery Mauritius,flower-pot-h29cm-d25cm-rs-850-material-clay-colour-brown.webp,C:\Dev\ram-potteey-ecom\public\product-images-optimized\flower-pot-h29cm-d25cm-rs-850-material-clay-colour-brown.webp,1000,TRUE,TRUE,Natural clay,Brown,Category: Clay Flower Pot | Material: Natural clay | Colour/finish: Brown | Size: H 29 cm | Stock: 1000
C:\Dev\ram-potteey-ecom\public\product-images-optimized\flower-pot-h33-d47-rs-2400-material-clay-colour-brown-ref-10328.webp,C:\Dev\ram-potteey-ecom\public\product-images-optimized,flower-pot-h33-d47-rs-2400-material-clay-colour-brown-ref-10328.webp,Clay Flower pot,Clay Flower Pot,Flower Pot,flower-pot-2,2400,3000,Featured,,33,,"Handcrafted natural clay piece from Ram Pottery Mauritius, ideal for gardens, patios, balconies, hotel spaces and elegant indoor greenery.","Flower Pot is a handmade pottery planter from Ram Pottery Mauritius, crafted to add earthy character to gardens, terraces, balconies and indoor plant corners.

This piece is ideal for gardens, patios, balconies, hotel spaces and elegant indoor greenery. Each item carries the natural charm of handmade pottery, with small variations in tone, texture and finish that make every product unique. It is a beautiful choice for customers looking for authentic Mauritian craftsmanship, meaningful gifts, traditional pieces and elegant décor.

Specifications:
- Category: Clay Flower Pot
- Material: Natural clay
- Colour/finish: Brown
- Approximate size: H 33 cm
- Price: Rs 2400
- Origin: Ram Pottery Mauritius
- Care: Handle with care; wipe gently with a soft cloth; avoid sudden impact or harsh cleaning chemicals.",Flower Pot | Handmade Pottery Mauritius,"Buy Flower Pot from Ram Pottery Mauritius. Handmade natural clay for clay flower pot, décor, gifting and traditional use. Rs 2400.",Flower Pot - Clay Flower Pot handmade by Ram Pottery Mauritius,flower-pot-h33-d47-rs-2400-material-clay-colour-brown-ref-10328.webp,C:\Dev\ram-potteey-ecom\public\product-images-optimized\flower-pot-h33-d47-rs-2400-material-clay-colour-brown-ref-10328.webp,1000,TRUE,TRUE,Natural clay,Brown,Category: Clay Flower Pot | Material: Natural clay | Colour/finish: Brown | Size: H 33 cm | Stock: 1000
C:\Dev\ram-potteey-ecom\public\product-images-optimized\flower-pot-h40cm-d40cm-rs-2500-material-clay-colour-brown-ref-10331.webp,C:\Dev\ram-potteey-ecom\public\product-images-optimized,flower-pot-h40cm-d40cm-rs-2500-material-clay-colour-brown-ref-10331.webp,Clay Flower pot,Clay Flower Pot,Flower Pot,flower-pot-2-2,2500,3125,Featured,,40,,"Handcrafted natural clay piece from Ram Pottery Mauritius, ideal for gardens, patios, balconies, hotel spaces and elegant indoor greenery.","Flower Pot is a handmade pottery planter from Ram Pottery Mauritius, crafted to add earthy character to gardens, terraces, balconies and indoor plant corners.

This piece is ideal for gardens, patios, balconies, hotel spaces and elegant indoor greenery. Each item carries the natural charm of handmade pottery, with small variations in tone, texture and finish that make every product unique. It is a beautiful choice for customers looking for authentic Mauritian craftsmanship, meaningful gifts, traditional pieces and elegant décor.

Specifications:
- Category: Clay Flower Pot
- Material: Natural clay
- Colour/finish: Brown
- Approximate size: H 40 cm
- Price: Rs 2500
- Origin: Ram Pottery Mauritius
- Care: Handle with care; wipe gently with a soft cloth; avoid sudden impact or harsh cleaning chemicals.",Flower Pot | Handmade Pottery Mauritius,"Buy Flower Pot from Ram Pottery Mauritius. Handmade natural clay for clay flower pot, décor, gifting and traditional use. Rs 2500.",Flower Pot - Clay Flower Pot handmade by Ram Pottery Mauritius,flower-pot-h40cm-d40cm-rs-2500-material-clay-colour-brown-ref-10331.webp,C:\Dev\ram-potteey-ecom\public\product-images-optimized\flower-pot-h40cm-d40cm-rs-2500-material-clay-colour-brown-ref-10331.webp,1000,TRUE,TRUE,Natural clay,Brown,Category: Clay Flower Pot | Material: Natural clay | Colour/finish: Brown | Size: H 40 cm | Stock: 1000
C:\Dev\ram-potteey-ecom\public\product-images-optimized\flower-pot-h40cm-d43cm-material-clay-color-brown-rs-2700-ref-10329.webp,C:\Dev\ram-potteey-ecom\public\product-images-optimized,flower-pot-h40cm-d43cm-material-clay-color-brown-rs-2700-ref-10329.webp,Clay Flower pot,Clay Flower Pot,Flower Pot,flower-pot-2-3,2700,3375,Featured,,40,,"Handcrafted natural clay piece from Ram Pottery Mauritius, ideal for gardens, patios, balconies, hotel spaces and elegant indoor greenery.","Flower Pot is a handmade pottery planter from Ram Pottery Mauritius, crafted to add earthy character to gardens, terraces, balconies and indoor plant corners.

This piece is ideal for gardens, patios, balconies, hotel spaces and elegant indoor greenery. Each item carries the natural charm of handmade pottery, with small variations in tone, texture and finish that make every product unique. It is a beautiful choice for customers looking for authentic Mauritian craftsmanship, meaningful gifts, traditional pieces and elegant décor.

Specifications:
- Category: Clay Flower Pot
- Material: Natural clay
- Colour/finish: Brown
- Approximate size: H 40 cm
- Price: Rs 2700
- Origin: Ram Pottery Mauritius
- Care: Handle with care; wipe gently with a soft cloth; avoid sudden impact or harsh cleaning chemicals.",Flower Pot | Handmade Pottery Mauritius,"Buy Flower Pot from Ram Pottery Mauritius. Handmade natural clay for clay flower pot, décor, gifting and traditional use. Rs 2700.",Flower Pot - Clay Flower Pot handmade by Ram Pottery Mauritius,flower-pot-h40cm-d43cm-material-clay-color-brown-rs-2700-ref-10329.webp,C:\Dev\ram-potteey-ecom\public\product-images-optimized\flower-pot-h40cm-d43cm-material-clay-color-brown-rs-2700-ref-10329.webp,1000,TRUE,TRUE,Natural clay,Brown,Category: Clay Flower Pot | Material: Natural clay | Colour/finish: Brown | Size: H 40 cm | Stock: 1000
C:\Dev\ram-potteey-ecom\public\product-images-optimized\flower-vase-h-28-rs-450-material-clay.webp,C:\Dev\ram-potteey-ecom\public\product-images-optimized,flower-vase-h-28-rs-450-material-clay.webp,Clay Flower pot,Clay Flower Pot,Flower Vase,flower-vase,450,563,Best Deal,,28,,"Handcrafted natural clay piece from Ram Pottery Mauritius, ideal for gardens, patios, balconies, hotel spaces and elegant indoor greenery.","Flower Vase is a handmade pottery planter from Ram Pottery Mauritius, crafted to add earthy character to gardens, terraces, balconies and indoor plant corners.

This piece is ideal for gardens, patios, balconies, hotel spaces and elegant indoor greenery. Each item carries the natural charm of handmade pottery, with small variations in tone, texture and finish that make every product unique. It is a beautiful choice for customers looking for authentic Mauritian craftsmanship, meaningful gifts, traditional pieces and elegant décor.

Specifications:
- Category: Clay Flower Pot
- Material: Natural clay
- Colour/finish: Natural earthy clay tone
- Approximate size: H 28 cm
- Price: Rs 450
- Origin: Ram Pottery Mauritius
- Care: Handle with care; wipe gently with a soft cloth; avoid sudden impact or harsh cleaning chemicals.",Flower Vase | Handmade Pottery Mauritius,"Buy Flower Vase from Ram Pottery Mauritius. Handmade natural clay for clay flower pot, décor, gifting and traditional use. Rs 450.",Flower Vase - Clay Flower Pot handmade by Ram Pottery Mauritius,flower-vase-h-28-rs-450-material-clay.webp,C:\Dev\ram-potteey-ecom\public\product-images-optimized\flower-vase-h-28-rs-450-material-clay.webp,1000,TRUE,TRUE,Natural clay,Natural earthy clay tone,Category: Clay Flower Pot | Material: Natural clay | Colour/finish: Natural earthy clay tone | Size: H 28 cm | Stock: 1000
C:\Dev\ram-potteey-ecom\public\product-images-optimized\flower-vase-h13-d-11cm-rs-100.webp,C:\Dev\ram-potteey-ecom\public\product-images-optimized,flower-vase-h13-d-11cm-rs-100.webp,Clay Flower pot,Clay Flower Pot,Flower Vase,flower-vase-2,100,125,Best Deal,,13,,"Handcrafted natural clay piece from Ram Pottery Mauritius, ideal for gardens, patios, balconies, hotel spaces and elegant indoor greenery.","Flower Vase is a handmade pottery planter from Ram Pottery Mauritius, crafted to add earthy character to gardens, terraces, balconies and indoor plant corners.

This piece is ideal for gardens, patios, balconies, hotel spaces and elegant indoor greenery. Each item carries the natural charm of handmade pottery, with small variations in tone, texture and finish that make every product unique. It is a beautiful choice for customers looking for authentic Mauritian craftsmanship, meaningful gifts, traditional pieces and elegant décor.

Specifications:
- Category: Clay Flower Pot
- Material: Natural clay
- Colour/finish: Natural earthy clay tone
- Approximate size: H 13 cm
- Price: Rs 100
- Origin: Ram Pottery Mauritius
- Care: Handle with care; wipe gently with a soft cloth; avoid sudden impact or harsh cleaning chemicals.",Flower Vase | Handmade Pottery Mauritius,"Buy Flower Vase from Ram Pottery Mauritius. Handmade natural clay for clay flower pot, décor, gifting and traditional use. Rs 100.",Flower Vase - Clay Flower Pot handmade by Ram Pottery Mauritius,flower-vase-h13-d-11cm-rs-100.webp,C:\Dev\ram-potteey-ecom\public\product-images-optimized\flower-vase-h13-d-11cm-rs-100.webp,1000,TRUE,TRUE,Natural clay,Natural earthy clay tone,Category: Clay Flower Pot | Material: Natural clay | Colour/finish: Natural earthy clay tone | Size: H 13 cm | Stock: 1000
C:\Dev\ram-potteey-ecom\public\product-images-optimized\flower-vase-h28-rs-450.webp,C:\Dev\ram-potteey-ecom\public\product-images-optimized,flower-vase-h28-rs-450.webp,Clay Flower pot,Clay Flower Pot,Flower Vase,flower-vase-2-2,450,563,Best Deal,,28,,"Handcrafted natural clay piece from Ram Pottery Mauritius, ideal for gardens, patios, balconies, hotel spaces and elegant indoor greenery.","Flower Vase is a handmade pottery planter from Ram Pottery Mauritius, crafted to add earthy character to gardens, terraces, balconies and indoor plant corners.

This piece is ideal for gardens, patios, balconies, hotel spaces and elegant indoor greenery. Each item carries the natural charm of handmade pottery, with small variations in tone, texture and finish that make every product unique. It is a beautiful choice for customers looking for authentic Mauritian craftsmanship, meaningful gifts, traditional pieces and elegant décor.

Specifications:
- Category: Clay Flower Pot
- Material: Natural clay
- Colour/finish: Natural earthy clay tone
- Approximate size: H 28 cm
- Price: Rs 450
- Origin: Ram Pottery Mauritius
- Care: Handle with care; wipe gently with a soft cloth; avoid sudden impact or harsh cleaning chemicals.",Flower Vase | Handmade Pottery Mauritius,"Buy Flower Vase from Ram Pottery Mauritius. Handmade natural clay for clay flower pot, décor, gifting and traditional use. Rs 450.",Flower Vase - Clay Flower Pot handmade by Ram Pottery Mauritius,flower-vase-h28-rs-450.webp,C:\Dev\ram-potteey-ecom\public\product-images-optimized\flower-vase-h28-rs-450.webp,1000,TRUE,TRUE,Natural clay,Natural earthy clay tone,Category: Clay Flower Pot | Material: Natural clay | Colour/finish: Natural earthy clay tone | Size: H 28 cm | Stock: 1000
C:\Dev\ram-potteey-ecom\public\product-images-optimized\flower-vase-h28cm-rs-400-material-clay-color-reddish-brown.webp,C:\Dev\ram-potteey-ecom\public\product-images-optimized,flower-vase-h28cm-rs-400-material-clay-color-reddish-brown.webp,Clay Flower pot,Clay Flower Pot,Flower Vase,flower-vase-2-3,400,500,Best Deal,,28,,"Handcrafted natural clay piece from Ram Pottery Mauritius, ideal for gardens, patios, balconies, hotel spaces and elegant indoor greenery.","Flower Vase is a handmade pottery planter from Ram Pottery Mauritius, crafted to add earthy character to gardens, terraces, balconies and indoor plant corners.

This piece is ideal for gardens, patios, balconies, hotel spaces and elegant indoor greenery. Each item carries the natural charm of handmade pottery, with small variations in tone, texture and finish that make every product unique. It is a beautiful choice for customers looking for authentic Mauritian craftsmanship, meaningful gifts, traditional pieces and elegant décor.

Specifications:
- Category: Clay Flower Pot
- Material: Natural clay
- Colour/finish: Brown
- Approximate size: H 28 cm
- Price: Rs 400
- Origin: Ram Pottery Mauritius
- Care: Handle with care; wipe gently with a soft cloth; avoid sudden impact or harsh cleaning chemicals.",Flower Vase | Handmade Pottery Mauritius,"Buy Flower Vase from Ram Pottery Mauritius. Handmade natural clay for clay flower pot, décor, gifting and traditional use. Rs 400.",Flower Vase - Clay Flower Pot handmade by Ram Pottery Mauritius,flower-vase-h28cm-rs-400-material-clay-color-reddish-brown.webp,C:\Dev\ram-potteey-ecom\public\product-images-optimized\flower-vase-h28cm-rs-400-material-clay-color-reddish-brown.webp,1000,TRUE,TRUE,Natural clay,Brown,Category: Clay Flower Pot | Material: Natural clay | Colour/finish: Brown | Size: H 28 cm | Stock: 1000
C:\Dev\ram-potteey-ecom\public\product-images-optimized\macrame-pot-h10-d26cm-rs-350-material-clay-color-brown.webp,C:\Dev\ram-potteey-ecom\public\product-images-optimized,macrame-pot-h10-d26cm-rs-350-material-clay-color-brown.webp,Clay Flower pot,Clay Flower Pot,Macrame Pot,macrame-pot,350,438,Best Deal,,10,,"Handcrafted natural clay piece from Ram Pottery Mauritius, ideal for gardens, patios, balconies, hotel spaces and elegant indoor greenery.","Macrame Pot is a handmade pottery planter from Ram Pottery Mauritius, crafted to add earthy character to gardens, terraces, balconies and indoor plant corners.

This piece is ideal for gardens, patios, balconies, hotel spaces and elegant indoor greenery. Each item carries the natural charm of handmade pottery, with small variations in tone, texture and finish that make every product unique. It is a beautiful choice for customers looking for authentic Mauritian craftsmanship, meaningful gifts, traditional pieces and elegant décor.

Specifications:
- Category: Clay Flower Pot
- Material: Natural clay
- Colour/finish: Brown
- Approximate size: H 10 cm
- Price: Rs 350
- Origin: Ram Pottery Mauritius
- Care: Handle with care; wipe gently with a soft cloth; avoid sudden impact or harsh cleaning chemicals.",Macrame Pot | Handmade Pottery Mauritius,"Buy Macrame Pot from Ram Pottery Mauritius. Handmade natural clay for clay flower pot, décor, gifting and traditional use. Rs 350.",Macrame Pot - Clay Flower Pot handmade by Ram Pottery Mauritius,macrame-pot-h10-d26cm-rs-350-material-clay-color-brown.webp,C:\Dev\ram-potteey-ecom\public\product-images-optimized\macrame-pot-h10-d26cm-rs-350-material-clay-color-brown.webp,1000,TRUE,TRUE,Natural clay,Brown,Category: Clay Flower Pot | Material: Natural clay | Colour/finish: Brown | Size: H 10 cm | Stock: 1000
C:\Dev\ram-potteey-ecom\public\product-images-optimized\orchids-pot-h28cm-d28cm-rs-850.webp,C:\Dev\ram-potteey-ecom\public\product-images-optimized,orchids-pot-h28cm-d28cm-rs-850.webp,Clay Flower pot,Clay Flower Pot,Orchids Pot,orchids-pot,850,1063,,,28,,"Handcrafted natural clay piece from Ram Pottery Mauritius, ideal for gardens, patios, balconies, hotel spaces and elegant indoor greenery.","Orchids Pot is a handmade pottery planter from Ram Pottery Mauritius, crafted to add earthy character to gardens, terraces, balconies and indoor plant corners.

This piece is ideal for gardens, patios, balconies, hotel spaces and elegant indoor greenery. Each item carries the natural charm of handmade pottery, with small variations in tone, texture and finish that make every product unique. It is a beautiful choice for customers looking for authentic Mauritian craftsmanship, meaningful gifts, traditional pieces and elegant décor.

Specifications:
- Category: Clay Flower Pot
- Material: Natural clay
- Colour/finish: Natural earthy clay tone
- Approximate size: H 28 cm
- Price: Rs 850
- Origin: Ram Pottery Mauritius
- Care: Handle with care; wipe gently with a soft cloth; avoid sudden impact or harsh cleaning chemicals.",Orchids Pot | Handmade Pottery Mauritius,"Buy Orchids Pot from Ram Pottery Mauritius. Handmade natural clay for clay flower pot, décor, gifting and traditional use. Rs 850.",Orchids Pot - Clay Flower Pot handmade by Ram Pottery Mauritius,orchids-pot-h28cm-d28cm-rs-850.webp,C:\Dev\ram-potteey-ecom\public\product-images-optimized\orchids-pot-h28cm-d28cm-rs-850.webp,1000,TRUE,TRUE,Natural clay,Natural earthy clay tone,Category: Clay Flower Pot | Material: Natural clay | Colour/finish: Natural earthy clay tone | Size: H 28 cm | Stock: 1000
C:\Dev\ram-potteey-ecom\public\product-images-optimized\succulents-pot-h6cm-d8cm-rs-60.webp,C:\Dev\ram-potteey-ecom\public\product-images-optimized,succulents-pot-h6cm-d8cm-rs-60.webp,Clay Flower pot,Clay Flower Pot,Succulents Pot,succulents-pot,60,75,Best Deal,,6,,"Handcrafted natural clay piece from Ram Pottery Mauritius, ideal for gardens, patios, balconies, hotel spaces and elegant indoor greenery.","Succulents Pot is a handmade pottery planter from Ram Pottery Mauritius, crafted to add earthy character to gardens, terraces, balconies and indoor plant corners.

This piece is ideal for gardens, patios, balconies, hotel spaces and elegant indoor greenery. Each item carries the natural charm of handmade pottery, with small variations in tone, texture and finish that make every product unique. It is a beautiful choice for customers looking for authentic Mauritian craftsmanship, meaningful gifts, traditional pieces and elegant décor.

Specifications:
- Category: Clay Flower Pot
- Material: Natural clay
- Colour/finish: Natural earthy clay tone
- Approximate size: H 6 cm
- Price: Rs 60
- Origin: Ram Pottery Mauritius
- Care: Handle with care; wipe gently with a soft cloth; avoid sudden impact or harsh cleaning chemicals.",Succulents Pot | Handmade Pottery Mauritius,"Buy Succulents Pot from Ram Pottery Mauritius. Handmade natural clay for clay flower pot, décor, gifting and traditional use. Rs 60.",Succulents Pot - Clay Flower Pot handmade by Ram Pottery Mauritius,succulents-pot-h6cm-d8cm-rs-60.webp,C:\Dev\ram-potteey-ecom\public\product-images-optimized\succulents-pot-h6cm-d8cm-rs-60.webp,1000,TRUE,TRUE,Natural clay,Natural earthy clay tone,Category: Clay Flower Pot | Material: Natural clay | Colour/finish: Natural earthy clay tone | Size: H 6 cm | Stock: 1000
C:\Dev\ram-potteey-ecom\public\product-images-optimized\succulents-pot-h8cm-d7cm-rs-60.webp,C:\Dev\ram-potteey-ecom\public\product-images-optimized,succulents-pot-h8cm-d7cm-rs-60.webp,Clay Flower pot,Clay Flower Pot,Succulents Pot,succulents-pot-2,60,75,Best Deal,,8,,"Handcrafted natural clay piece from Ram Pottery Mauritius, ideal for gardens, patios, balconies, hotel spaces and elegant indoor greenery.","Succulents Pot is a handmade pottery planter from Ram Pottery Mauritius, crafted to add earthy character to gardens, terraces, balconies and indoor plant corners.

This piece is ideal for gardens, patios, balconies, hotel spaces and elegant indoor greenery. Each item carries the natural charm of handmade pottery, with small variations in tone, texture and finish that make every product unique. It is a beautiful choice for customers looking for authentic Mauritian craftsmanship, meaningful gifts, traditional pieces and elegant décor.

Specifications:
- Category: Clay Flower Pot
- Material: Natural clay
- Colour/finish: Natural earthy clay tone
- Approximate size: H 8 cm
- Price: Rs 60
- Origin: Ram Pottery Mauritius
- Care: Handle with care; wipe gently with a soft cloth; avoid sudden impact or harsh cleaning chemicals.",Succulents Pot | Handmade Pottery Mauritius,"Buy Succulents Pot from Ram Pottery Mauritius. Handmade natural clay for clay flower pot, décor, gifting and traditional use. Rs 60.",Succulents Pot - Clay Flower Pot handmade by Ram Pottery Mauritius,succulents-pot-h8cm-d7cm-rs-60.webp,C:\Dev\ram-potteey-ecom\public\product-images-optimized\succulents-pot-h8cm-d7cm-rs-60.webp,1000,TRUE,TRUE,Natural clay,Natural earthy clay tone,Category: Clay Flower Pot | Material: Natural clay | Colour/finish: Natural earthy clay tone | Size: H 8 cm | Stock: 1000
C:\Dev\ram-potteey-ecom\public\product-images-optimized\clay-matka-ref-m7-rs-375-h13cm-d13cm.webp,C:\Dev\ram-potteey-ecom\public\product-images-optimized,clay-matka-ref-m7-rs-375-h13cm-d13cm.webp,Clay Matka,Clay Matka,Clay Matka Ref M7,clay-matka-ref-m7,375,469,Best Deal,M7,13,,"Handcrafted natural clay piece from Ram Pottery Mauritius, ideal for natural water storage, traditional serving and earthy kitchen styling.","Clay Matka Ref M7 is a traditional clay matka piece from Ram Pottery Mauritius, offering a natural and timeless way to serve, store or display with rustic elegance.

This piece is ideal for natural water storage, traditional serving and earthy kitchen styling. Each item carries the natural charm of handmade pottery, with small variations in tone, texture and finish that make every product unique. It is a beautiful choice for customers looking for authentic Mauritian craftsmanship, meaningful gifts, traditional pieces and elegant décor.

Specifications:
- Category: Clay Matka
- Material: Natural clay
- Colour/finish: Natural earthy clay tone
- Reference code: M7
- Approximate size: H 13 cm
- Price: Rs 375
- Origin: Ram Pottery Mauritius
- Care: Handle with care; wipe gently with a soft cloth; avoid sudden impact or harsh cleaning chemicals.",Clay Matka Ref M7 | Handmade Pottery Mauritius,"Buy Clay Matka Ref M7 from Ram Pottery Mauritius. Handmade natural clay for clay matka, décor, gifting and traditional use. Ref M7. Rs 375.",Clay Matka Ref M7 - Clay Matka handmade by Ram Pottery Mauritius,clay-matka-ref-m7-rs-375-h13cm-d13cm.webp,C:\Dev\ram-potteey-ecom\public\product-images-optimized\clay-matka-ref-m7-rs-375-h13cm-d13cm.webp,1000,TRUE,TRUE,Natural clay,Natural earthy clay tone,Category: Clay Matka | Material: Natural clay | Colour/finish: Natural earthy clay tone | Reference: M7 | Size: H 13 cm | Stock: 1000
C:\Dev\ram-potteey-ecom\public\product-images-optimized\clay-matka-ref-m8-rs-425-h15cm-d-15-cm.webp,C:\Dev\ram-potteey-ecom\public\product-images-optimized,clay-matka-ref-m8-rs-425-h15cm-d-15-cm.webp,Clay Matka,Clay Matka,Clay Matka Ref M8,clay-matka-ref-m8,425,532,Best Deal,M8,15,,"Handcrafted natural clay piece from Ram Pottery Mauritius, ideal for natural water storage, traditional serving and earthy kitchen styling.","Clay Matka Ref M8 is a traditional clay matka piece from Ram Pottery Mauritius, offering a natural and timeless way to serve, store or display with rustic elegance.

This piece is ideal for natural water storage, traditional serving and earthy kitchen styling. Each item carries the natural charm of handmade pottery, with small variations in tone, texture and finish that make every product unique. It is a beautiful choice for customers looking for authentic Mauritian craftsmanship, meaningful gifts, traditional pieces and elegant décor.

Specifications:
- Category: Clay Matka
- Material: Natural clay
- Colour/finish: Natural earthy clay tone
- Reference code: M8
- Approximate size: H 15 cm
- Price: Rs 425
- Origin: Ram Pottery Mauritius
- Care: Handle with care; wipe gently with a soft cloth; avoid sudden impact or harsh cleaning chemicals.",Clay Matka Ref M8 | Handmade Pottery Mauritius,"Buy Clay Matka Ref M8 from Ram Pottery Mauritius. Handmade natural clay for clay matka, décor, gifting and traditional use. Ref M8. Rs 425.",Clay Matka Ref M8 - Clay Matka handmade by Ram Pottery Mauritius,clay-matka-ref-m8-rs-425-h15cm-d-15-cm.webp,C:\Dev\ram-potteey-ecom\public\product-images-optimized\clay-matka-ref-m8-rs-425-h15cm-d-15-cm.webp,1000,TRUE,TRUE,Natural clay,Natural earthy clay tone,Category: Clay Matka | Material: Natural clay | Colour/finish: Natural earthy clay tone | Reference: M8 | Size: H 15 cm | Stock: 1000
C:\Dev\ram-potteey-ecom\public\product-images-optimized\clay-water-matka-h20-d22cm-rs-525-ref-m9.webp,C:\Dev\ram-potteey-ecom\public\product-images-optimized,clay-water-matka-h20-d22cm-rs-525-ref-m9.webp,Clay Matka,Clay Matka,Clay Water Matka Ref M9,clay-water-matka-ref-m9,525,657,Best Deal,M9,20,,"Handcrafted natural clay piece from Ram Pottery Mauritius, ideal for natural water storage, traditional serving and earthy kitchen styling.","Clay Water Matka Ref M9 is a traditional clay matka piece from Ram Pottery Mauritius, offering a natural and timeless way to serve, store or display with rustic elegance.

This piece is ideal for natural water storage, traditional serving and earthy kitchen styling. Each item carries the natural charm of handmade pottery, with small variations in tone, texture and finish that make every product unique. It is a beautiful choice for customers looking for authentic Mauritian craftsmanship, meaningful gifts, traditional pieces and elegant décor.

Specifications:
- Category: Clay Matka
- Material: Natural clay
- Colour/finish: Natural earthy clay tone
- Reference code: M9
- Approximate size: H 20 cm
- Price: Rs 525
- Origin: Ram Pottery Mauritius
- Care: Handle with care; wipe gently with a soft cloth; avoid sudden impact or harsh cleaning chemicals.",Clay Water Matka Ref M9 | Handmade Pottery Mauritius,"Buy Clay Water Matka Ref M9 from Ram Pottery Mauritius. Handmade natural clay for clay matka, décor, gifting and traditional use. Ref M9. Rs 525.",Clay Water Matka Ref M9 - Clay Matka handmade by Ram Pottery Mauritius,clay-water-matka-h20-d22cm-rs-525-ref-m9.webp,C:\Dev\ram-potteey-ecom\public\product-images-optimized\clay-water-matka-h20-d22cm-rs-525-ref-m9.webp,1000,TRUE,TRUE,Natural clay,Natural earthy clay tone,Category: Clay Matka | Material: Natural clay | Colour/finish: Natural earthy clay tone | Reference: M9 | Size: H 20 cm | Stock: 1000
C:\Dev\ram-potteey-ecom\public\product-images-optimized\clay-water-pot-with-lid-and-tap-ref-bg-rs-1100-7l.webp,C:\Dev\ram-potteey-ecom\public\product-images-optimized,clay-water-pot-with-lid-and-tap-ref-bg-rs-1100-7l.webp,Clay Matka,Clay Matka,Clay Water Pot with Lid and Tap 7L Ref BG,clay-water-pot-with-lid-and-tap-7l-ref-bg,1100,1375,,BG,,,"Handcrafted natural clay piece from Ram Pottery Mauritius, ideal for natural water storage, traditional serving and earthy kitchen styling.","Clay Water Pot with Lid and Tap 7L Ref BG is a traditional clay matka piece from Ram Pottery Mauritius, offering a natural and timeless way to serve, store or display with rustic elegance.

This piece is ideal for natural water storage, traditional serving and earthy kitchen styling. Each item carries the natural charm of handmade pottery, with small variations in tone, texture and finish that make every product unique. It is a beautiful choice for customers looking for authentic Mauritian craftsmanship, meaningful gifts, traditional pieces and elegant décor.

Specifications:
- Category: Clay Matka
- Material: Natural clay
- Colour/finish: Natural earthy clay tone
- Reference code: BG
- Approximate size: Approximate size shown in product image
- Capacity: 1100.7 L
- Price: Rs 1100
- Origin: Ram Pottery Mauritius
- Care: Handle with care; wipe gently with a soft cloth; avoid sudden impact or harsh cleaning chemicals.",Clay Water Pot with Lid and Tap 7L Ref BG | Handmade Pottery Mauritius,"Buy Clay Water Pot with Lid and Tap 7L Ref BG from Ram Pottery Mauritius. Handmade natural clay for clay matka, décor, gifting and traditional use. Ref BG. Rs 1100.",Clay Water Pot with Lid and Tap 7L Ref BG - Clay Matka handmade by Ram Pottery Mauritius,clay-water-pot-with-lid-and-tap-ref-bg-rs-1100-7l.webp,C:\Dev\ram-potteey-ecom\public\product-images-optimized\clay-water-pot-with-lid-and-tap-ref-bg-rs-1100-7l.webp,1000,TRUE,TRUE,Natural clay,Natural earthy clay tone,Category: Clay Matka | Material: Natural clay | Colour/finish: Natural earthy clay tone | Reference: BG | Size: Approximate size shown in product image | Capacity: 1100.7 L | Stock: 1000
C:\Dev\ram-potteey-ecom\public\product-images-optimized\clay-water-pot-with-lid-and-tap-rs-1200-8l-ref-10054.webp,C:\Dev\ram-potteey-ecom\public\product-images-optimized,clay-water-pot-with-lid-and-tap-rs-1200-8l-ref-10054.webp,Clay Matka,Clay Matka,Clay Water Pot with Lid and Tap 8L Ref 10054,clay-water-pot-with-lid-and-tap-8l-ref-10054,1200,1500,,10054,,,"Handcrafted natural clay piece from Ram Pottery Mauritius, ideal for natural water storage, traditional serving and earthy kitchen styling.","Clay Water Pot with Lid and Tap 8L Ref 10054 is a traditional clay matka piece from Ram Pottery Mauritius, offering a natural and timeless way to serve, store or display with rustic elegance.

This piece is ideal for natural water storage, traditional serving and earthy kitchen styling. Each item carries the natural charm of handmade pottery, with small variations in tone, texture and finish that make every product unique. It is a beautiful choice for customers looking for authentic Mauritian craftsmanship, meaningful gifts, traditional pieces and elegant décor.

Specifications:
- Category: Clay Matka
- Material: Natural clay
- Colour/finish: Natural earthy clay tone
- Reference code: 10054
- Approximate size: Approximate size shown in product image
- Capacity: 1200.8 L
- Price: Rs 1200
- Origin: Ram Pottery Mauritius
- Care: Handle with care; wipe gently with a soft cloth; avoid sudden impact or harsh cleaning chemicals.",Clay Water Pot with Lid and Tap 8L Ref 10054 | Handmade Pottery Mauritius,"Buy Clay Water Pot with Lid and Tap 8L Ref 10054 from Ram Pottery Mauritius. Handmade natural clay for clay matka, décor, gifting and traditional use. Ref 10054. Rs 1200.",Clay Water Pot with Lid and Tap 8L Ref 10054 - Clay Matka handmade by Ram Pottery Mauritius,clay-water-pot-with-lid-and-tap-rs-1200-8l-ref-10054.webp,C:\Dev\ram-potteey-ecom\public\product-images-optimized\clay-water-pot-with-lid-and-tap-rs-1200-8l-ref-10054.webp,1000,TRUE,TRUE,Natural clay,Natural earthy clay tone,Category: Clay Matka | Material: Natural clay | Colour/finish: Natural earthy clay tone | Reference: 10054 | Size: Approximate size shown in product image | Capacity: 1200.8 L | Stock: 1000
C:\Dev\ram-potteey-ecom\public\product-images-optimized\clay-water-pot-with-lid-and-tap-rs-1200-8l-ref-10054pl.webp,C:\Dev\ram-potteey-ecom\public\product-images-optimized,clay-water-pot-with-lid-and-tap-rs-1200-8l-ref-10054pl.webp,Clay Matka,Clay Matka,Clay Water Pot with Lid and Tap 8L Ref 10054PL,clay-water-pot-with-lid-and-tap-8l-ref-10054pl,1200,1500,,10054PL,,,"Handcrafted natural clay piece from Ram Pottery Mauritius, ideal for natural water storage, traditional serving and earthy kitchen styling.","Clay Water Pot with Lid and Tap 8L Ref 10054PL is a traditional clay matka piece from Ram Pottery Mauritius, offering a natural and timeless way to serve, store or display with rustic elegance.

This piece is ideal for natural water storage, traditional serving and earthy kitchen styling. Each item carries the natural charm of handmade pottery, with small variations in tone, texture and finish that make every product unique. It is a beautiful choice for customers looking for authentic Mauritian craftsmanship, meaningful gifts, traditional pieces and elegant décor.

Specifications:
- Category: Clay Matka
- Material: Natural clay
- Colour/finish: Natural earthy clay tone
- Reference code: 10054PL
- Approximate size: Approximate size shown in product image
- Capacity: 1200.8 L
- Price: Rs 1200
- Origin: Ram Pottery Mauritius
- Care: Handle with care; wipe gently with a soft cloth; avoid sudden impact or harsh cleaning chemicals.",Clay Water Pot with Lid and Tap 8L Ref 10054PL | Handmade Pottery Mauritius,"Buy Clay Water Pot with Lid and Tap 8L Ref 10054PL from Ram Pottery Mauritius. Handmade natural clay for clay matka, décor, gifting and traditional use. Ref 10054PL. Rs 1200.",Clay Water Pot with Lid and Tap 8L Ref 10054PL - Clay Matka handmade by Ram Pottery Mauritius,clay-water-pot-with-lid-and-tap-rs-1200-8l-ref-10054pl.webp,C:\Dev\ram-potteey-ecom\public\product-images-optimized\clay-water-pot-with-lid-and-tap-rs-1200-8l-ref-10054pl.webp,1000,TRUE,TRUE,Natural clay,Natural earthy clay tone,Category: Clay Matka | Material: Natural clay | Colour/finish: Natural earthy clay tone | Reference: 10054PL | Size: Approximate size shown in product image | Capacity: 1200.8 L | Stock: 1000
C:\Dev\ram-potteey-ecom\public\product-images-optimized\clay-water-pot-with-lid-and-tap-rs-1500-10-l-ref-10058.webp,C:\Dev\ram-potteey-ecom\public\product-images-optimized,clay-water-pot-with-lid-and-tap-rs-1500-10-l-ref-10058.webp,Clay Matka,Clay Matka,Clay Water Pot with Lid and Tap 10 L Ref 10058,clay-water-pot-with-lid-and-tap-10-l-ref-10058,1500,1875,,10058,,,"Handcrafted natural clay piece from Ram Pottery Mauritius, ideal for natural water storage, traditional serving and earthy kitchen styling.","Clay Water Pot with Lid and Tap 10 L Ref 10058 is a traditional clay matka piece from Ram Pottery Mauritius, offering a natural and timeless way to serve, store or display with rustic elegance.

This piece is ideal for natural water storage, traditional serving and earthy kitchen styling. Each item carries the natural charm of handmade pottery, with small variations in tone, texture and finish that make every product unique. It is a beautiful choice for customers looking for authentic Mauritian craftsmanship, meaningful gifts, traditional pieces and elegant décor.

Specifications:
- Category: Clay Matka
- Material: Natural clay
- Colour/finish: Natural earthy clay tone
- Reference code: 10058
- Approximate size: Approximate size shown in product image
- Capacity: 10 L
- Price: Rs 1500
- Origin: Ram Pottery Mauritius
- Care: Handle with care; wipe gently with a soft cloth; avoid sudden impact or harsh cleaning chemicals.",Clay Water Pot with Lid and Tap 10 L Ref 10058 | Handmade Pottery Mauritius,"Buy Clay Water Pot with Lid and Tap 10 L Ref 10058 from Ram Pottery Mauritius. Handmade natural clay for clay matka, décor, gifting and traditional use. Ref 10058. Rs 1500.",Clay Water Pot with Lid and Tap 10 L Ref 10058 - Clay Matka handmade by Ram Pottery Mauritius,clay-water-pot-with-lid-and-tap-rs-1500-10-l-ref-10058.webp,C:\Dev\ram-potteey-ecom\public\product-images-optimized\clay-water-pot-with-lid-and-tap-rs-1500-10-l-ref-10058.webp,1000,TRUE,TRUE,Natural clay,Natural earthy clay tone,Category: Clay Matka | Material: Natural clay | Colour/finish: Natural earthy clay tone | Reference: 10058 | Size: Approximate size shown in product image | Capacity: 10 L | Stock: 1000
C:\Dev\ram-potteey-ecom\public\product-images-optimized\clay-water-pot-with-lid-and-tap-rs-1500-10l-ref-10058.webp,C:\Dev\ram-potteey-ecom\public\product-images-optimized,clay-water-pot-with-lid-and-tap-rs-1500-10l-ref-10058.webp,Clay Matka,Clay Matka,Clay Water Pot with Lid and Tap 10L Ref 10058,clay-water-pot-with-lid-and-tap-10l-ref-10058,1500,1875,,10058,,,"Handcrafted natural clay piece from Ram Pottery Mauritius, ideal for natural water storage, traditional serving and earthy kitchen styling.","Clay Water Pot with Lid and Tap 10L Ref 10058 is a traditional clay matka piece from Ram Pottery Mauritius, offering a natural and timeless way to serve, store or display with rustic elegance.

This piece is ideal for natural water storage, traditional serving and earthy kitchen styling. Each item carries the natural charm of handmade pottery, with small variations in tone, texture and finish that make every product unique. It is a beautiful choice for customers looking for authentic Mauritian craftsmanship, meaningful gifts, traditional pieces and elegant décor.

Specifications:
- Category: Clay Matka
- Material: Natural clay
- Colour/finish: Natural earthy clay tone
- Reference code: 10058
- Approximate size: Approximate size shown in product image
- Capacity: 1500.10 L
- Price: Rs 1500
- Origin: Ram Pottery Mauritius
- Care: Handle with care; wipe gently with a soft cloth; avoid sudden impact or harsh cleaning chemicals.",Clay Water Pot with Lid and Tap 10L Ref 10058 | Handmade Pottery Mauritius,"Buy Clay Water Pot with Lid and Tap 10L Ref 10058 from Ram Pottery Mauritius. Handmade natural clay for clay matka, décor, gifting and traditional use. Ref 10058. Rs 1500.",Clay Water Pot with Lid and Tap 10L Ref 10058 - Clay Matka handmade by Ram Pottery Mauritius,clay-water-pot-with-lid-and-tap-rs-1500-10l-ref-10058.webp,C:\Dev\ram-potteey-ecom\public\product-images-optimized\clay-water-pot-with-lid-and-tap-rs-1500-10l-ref-10058.webp,1000,TRUE,TRUE,Natural clay,Natural earthy clay tone,Category: Clay Matka | Material: Natural clay | Colour/finish: Natural earthy clay tone | Reference: 10058 | Size: Approximate size shown in product image | Capacity: 1500.10 L | Stock: 1000
C:\Dev\ram-potteey-ecom\public\product-images-optimized\clay-water-pot-with-lid-and-tap-rs-1500-10l-ref-10058w.webp,C:\Dev\ram-potteey-ecom\public\product-images-optimized,clay-water-pot-with-lid-and-tap-rs-1500-10l-ref-10058w.webp,Clay Matka,Clay Matka,Clay Water Pot with Lid and Tap 10L Ref 10058W,clay-water-pot-with-lid-and-tap-10l-ref-10058w,1500,1875,,10058W,,,"Handcrafted natural clay piece from Ram Pottery Mauritius, ideal for natural water storage, traditional serving and earthy kitchen styling.","Clay Water Pot with Lid and Tap 10L Ref 10058W is a traditional clay matka piece from Ram Pottery Mauritius, offering a natural and timeless way to serve, store or display with rustic elegance.

This piece is ideal for natural water storage, traditional serving and earthy kitchen styling. Each item carries the natural charm of handmade pottery, with small variations in tone, texture and finish that make every product unique. It is a beautiful choice for customers looking for authentic Mauritian craftsmanship, meaningful gifts, traditional pieces and elegant décor.

Specifications:
- Category: Clay Matka
- Material: Natural clay
- Colour/finish: Natural earthy clay tone
- Reference code: 10058W
- Approximate size: Approximate size shown in product image
- Capacity: 1500.10 L
- Price: Rs 1500
- Origin: Ram Pottery Mauritius
- Care: Handle with care; wipe gently with a soft cloth; avoid sudden impact or harsh cleaning chemicals.",Clay Water Pot with Lid and Tap 10L Ref 10058W | Handmade Pottery Mauritius,"Buy Clay Water Pot with Lid and Tap 10L Ref 10058W from Ram Pottery Mauritius. Handmade natural clay for clay matka, décor, gifting and traditional use. Ref 10058W. Rs 1500.",Clay Water Pot with Lid and Tap 10L Ref 10058W - Clay Matka handmade by Ram Pottery Mauritius,clay-water-pot-with-lid-and-tap-rs-1500-10l-ref-10058w.webp,C:\Dev\ram-potteey-ecom\public\product-images-optimized\clay-water-pot-with-lid-and-tap-rs-1500-10l-ref-10058w.webp,1000,TRUE,TRUE,Natural clay,Natural earthy clay tone,Category: Clay Matka | Material: Natural clay | Colour/finish: Natural earthy clay tone | Reference: 10058W | Size: Approximate size shown in product image | Capacity: 1500.10 L | Stock: 1000
C:\Dev\ram-potteey-ecom\public\product-images-optimized\clay-water-pot-with-lid-and-tap-rs-1600-ref-10396pl-20litres.webp,C:\Dev\ram-potteey-ecom\public\product-images-optimized,clay-water-pot-with-lid-and-tap-rs-1600-ref-10396pl-20litres.webp,Clay Matka,Clay Matka,Clay Water Pot with Lid and Tap 20litres Ref 10396PL,clay-water-pot-with-lid-and-tap-20litres-ref-10396pl,1600,2000,,10396PL,,,"Handcrafted natural clay piece from Ram Pottery Mauritius, ideal for natural water storage, traditional serving and earthy kitchen styling.","Clay Water Pot with Lid and Tap 20litres Ref 10396PL is a traditional clay matka piece from Ram Pottery Mauritius, offering a natural and timeless way to serve, store or display with rustic elegance.

This piece is ideal for natural water storage, traditional serving and earthy kitchen styling. Each item carries the natural charm of handmade pottery, with small variations in tone, texture and finish that make every product unique. It is a beautiful choice for customers looking for authentic Mauritian craftsmanship, meaningful gifts, traditional pieces and elegant décor.

Specifications:
- Category: Clay Matka
- Material: Natural clay
- Colour/finish: Natural earthy clay tone
- Reference code: 10396PL
- Approximate size: Approximate size shown in product image
- Capacity: 20 L
- Price: Rs 1600
- Origin: Ram Pottery Mauritius
- Care: Handle with care; wipe gently with a soft cloth; avoid sudden impact or harsh cleaning chemicals.",Clay Water Pot with Lid and Tap 20litres Ref 10396PL | Handmade Pottery Mauritius,"Buy Clay Water Pot with Lid and Tap 20litres Ref 10396PL from Ram Pottery Mauritius. Handmade natural clay for clay matka, décor, gifting and traditional use. Ref 10396PL. Rs 1600.",Clay Water Pot with Lid and Tap 20litres Ref 10396PL - Clay Matka handmade by Ram Pottery Mauritius,clay-water-pot-with-lid-and-tap-rs-1600-ref-10396pl-20litres.webp,C:\Dev\ram-potteey-ecom\public\product-images-optimized\clay-water-pot-with-lid-and-tap-rs-1600-ref-10396pl-20litres.webp,1000,TRUE,TRUE,Natural clay,Natural earthy clay tone,Category: Clay Matka | Material: Natural clay | Colour/finish: Natural earthy clay tone | Reference: 10396PL | Size: Approximate size shown in product image | Capacity: 20 L | Stock: 1000
C:\Dev\ram-potteey-ecom\public\product-images-optimized\clay-water-pot-with-out-lid-and-tap-rs-1400-ref-10397-18l.webp,C:\Dev\ram-potteey-ecom\public\product-images-optimized,clay-water-pot-with-out-lid-and-tap-rs-1400-ref-10397-18l.webp,Clay Matka,Clay Matka,Clay Water Pot with Out Lid and Tap 18L Ref 10397,clay-water-pot-with-out-lid-and-tap-18l-ref-10397,1400,1750,,10397,,,"Handcrafted natural clay piece from Ram Pottery Mauritius, ideal for natural water storage, traditional serving and earthy kitchen styling.","Clay Water Pot with Out Lid and Tap 18L Ref 10397 is a traditional clay matka piece from Ram Pottery Mauritius, offering a natural and timeless way to serve, store or display with rustic elegance.

This piece is ideal for natural water storage, traditional serving and earthy kitchen styling. Each item carries the natural charm of handmade pottery, with small variations in tone, texture and finish that make every product unique. It is a beautiful choice for customers looking for authentic Mauritian craftsmanship, meaningful gifts, traditional pieces and elegant décor.

Specifications:
- Category: Clay Matka
- Material: Natural clay
- Colour/finish: Natural earthy clay tone
- Reference code: 10397
- Approximate size: Approximate size shown in product image
- Capacity: 10397.18 L
- Price: Rs 1400
- Origin: Ram Pottery Mauritius
- Care: Handle with care; wipe gently with a soft cloth; avoid sudden impact or harsh cleaning chemicals.",Clay Water Pot with Out Lid and Tap 18L Ref 10397 | Handmade Pottery Mauritius,"Buy Clay Water Pot with Out Lid and Tap 18L Ref 10397 from Ram Pottery Mauritius. Handmade natural clay for clay matka, décor, gifting and traditional use. Ref 10397. Rs 1400.",Clay Water Pot with Out Lid and Tap 18L Ref 10397 - Clay Matka handmade by Ram Pottery Mauritius,clay-water-pot-with-out-lid-and-tap-rs-1400-ref-10397-18l.webp,C:\Dev\ram-potteey-ecom\public\product-images-optimized\clay-water-pot-with-out-lid-and-tap-rs-1400-ref-10397-18l.webp,1000,TRUE,TRUE,Natural clay,Natural earthy clay tone,Category: Clay Matka | Material: Natural clay | Colour/finish: Natural earthy clay tone | Reference: 10397 | Size: Approximate size shown in product image | Capacity: 10397.18 L | Stock: 1000
C:\Dev\ram-potteey-ecom\public\product-images-optimized\clay-water-pot-with-tap-and-lid-ref-ag-rs-1100-7l.webp,C:\Dev\ram-potteey-ecom\public\product-images-optimized,clay-water-pot-with-tap-and-lid-ref-ag-rs-1100-7l.webp,Clay Matka,Clay Matka,Clay Water Pot with Tap and Lid 7L Ref AG,clay-water-pot-with-tap-and-lid-7l-ref-ag,1100,1375,,AG,,,"Handcrafted natural clay piece from Ram Pottery Mauritius, ideal for natural water storage, traditional serving and earthy kitchen styling.","Clay Water Pot with Tap and Lid 7L Ref AG is a traditional clay matka piece from Ram Pottery Mauritius, offering a natural and timeless way to serve, store or display with rustic elegance.

This piece is ideal for natural water storage, traditional serving and earthy kitchen styling. Each item carries the natural charm of handmade pottery, with small variations in tone, texture and finish that make every product unique. It is a beautiful choice for customers looking for authentic Mauritian craftsmanship, meaningful gifts, traditional pieces and elegant décor.

Specifications:
- Category: Clay Matka
- Material: Natural clay
- Colour/finish: Natural earthy clay tone
- Reference code: AG
- Approximate size: Approximate size shown in product image
- Capacity: 1100.7 L
- Price: Rs 1100
- Origin: Ram Pottery Mauritius
- Care: Handle with care; wipe gently with a soft cloth; avoid sudden impact or harsh cleaning chemicals.",Clay Water Pot with Tap and Lid 7L Ref AG | Handmade Pottery Mauritius,"Buy Clay Water Pot with Tap and Lid 7L Ref AG from Ram Pottery Mauritius. Handmade natural clay for clay matka, décor, gifting and traditional use. Ref AG. Rs 1100.",Clay Water Pot with Tap and Lid 7L Ref AG - Clay Matka handmade by Ram Pottery Mauritius,clay-water-pot-with-tap-and-lid-ref-ag-rs-1100-7l.webp,C:\Dev\ram-potteey-ecom\public\product-images-optimized\clay-water-pot-with-tap-and-lid-ref-ag-rs-1100-7l.webp,1000,TRUE,TRUE,Natural clay,Natural earthy clay tone,Category: Clay Matka | Material: Natural clay | Colour/finish: Natural earthy clay tone | Reference: AG | Size: Approximate size shown in product image | Capacity: 1100.7 L | Stock: 1000
C:\Dev\ram-potteey-ecom\public\product-images-optimized\clay-water-pot-with-tap-and-lid-rs-1700-15l-10388.webp,C:\Dev\ram-potteey-ecom\public\product-images-optimized,clay-water-pot-with-tap-and-lid-rs-1700-15l-10388.webp,Clay Matka,Clay Matka,Clay Water Pot with Tap and Lid 15L 10388,clay-water-pot-with-tap-and-lid-15l-10388,1700,2125,,,,,"Handcrafted natural clay piece from Ram Pottery Mauritius, ideal for natural water storage, traditional serving and earthy kitchen styling.","Clay Water Pot with Tap and Lid 15L 10388 is a traditional clay matka piece from Ram Pottery Mauritius, offering a natural and timeless way to serve, store or display with rustic elegance.

This piece is ideal for natural water storage, traditional serving and earthy kitchen styling. Each item carries the natural charm of handmade pottery, with small variations in tone, texture and finish that make every product unique. It is a beautiful choice for customers looking for authentic Mauritian craftsmanship, meaningful gifts, traditional pieces and elegant décor.

Specifications:
- Category: Clay Matka
- Material: Natural clay
- Colour/finish: Natural earthy clay tone
- Approximate size: Approximate size shown in product image
- Capacity: 1700.15 L
- Price: Rs 1700
- Origin: Ram Pottery Mauritius
- Care: Handle with care; wipe gently with a soft cloth; avoid sudden impact or harsh cleaning chemicals.",Clay Water Pot with Tap and Lid 15L 10388 | Handmade Pottery Mauritius,"Buy Clay Water Pot with Tap and Lid 15L 10388 from Ram Pottery Mauritius. Handmade natural clay for clay matka, décor, gifting and traditional use. Rs 1700.",Clay Water Pot with Tap and Lid 15L 10388 - Clay Matka handmade by Ram Pottery Mauritius,clay-water-pot-with-tap-and-lid-rs-1700-15l-10388.webp,C:\Dev\ram-potteey-ecom\public\product-images-optimized\clay-water-pot-with-tap-and-lid-rs-1700-15l-10388.webp,1000,TRUE,TRUE,Natural clay,Natural earthy clay tone,Category: Clay Matka | Material: Natural clay | Colour/finish: Natural earthy clay tone | Size: Approximate size shown in product image | Capacity: 1700.15 L | Stock: 1000
C:\Dev\ram-potteey-ecom\public\product-images-optimized\clay-water-pot-with-tap-and-lid-rs-1700-15l-ref-10389.webp,C:\Dev\ram-potteey-ecom\public\product-images-optimized,clay-water-pot-with-tap-and-lid-rs-1700-15l-ref-10389.webp,Clay Matka,Clay Matka,Clay Water Pot with Tap and Lid 15L Ref 10389,clay-water-pot-with-tap-and-lid-15l-ref-10389,1700,2125,,10389,,,"Handcrafted natural clay piece from Ram Pottery Mauritius, ideal for natural water storage, traditional serving and earthy kitchen styling.","Clay Water Pot with Tap and Lid 15L Ref 10389 is a traditional clay matka piece from Ram Pottery Mauritius, offering a natural and timeless way to serve, store or display with rustic elegance.

This piece is ideal for natural water storage, traditional serving and earthy kitchen styling. Each item carries the natural charm of handmade pottery, with small variations in tone, texture and finish that make every product unique. It is a beautiful choice for customers looking for authentic Mauritian craftsmanship, meaningful gifts, traditional pieces and elegant décor.

Specifications:
- Category: Clay Matka
- Material: Natural clay
- Colour/finish: Natural earthy clay tone
- Reference code: 10389
- Approximate size: Approximate size shown in product image
- Capacity: 1700.15 L
- Price: Rs 1700
- Origin: Ram Pottery Mauritius
- Care: Handle with care; wipe gently with a soft cloth; avoid sudden impact or harsh cleaning chemicals.",Clay Water Pot with Tap and Lid 15L Ref 10389 | Handmade Pottery Mauritius,"Buy Clay Water Pot with Tap and Lid 15L Ref 10389 from Ram Pottery Mauritius. Handmade natural clay for clay matka, décor, gifting and traditional use. Ref 10389. Rs 1700.",Clay Water Pot with Tap and Lid 15L Ref 10389 - Clay Matka handmade by Ram Pottery Mauritius,clay-water-pot-with-tap-and-lid-rs-1700-15l-ref-10389.webp,C:\Dev\ram-potteey-ecom\public\product-images-optimized\clay-water-pot-with-tap-and-lid-rs-1700-15l-ref-10389.webp,1000,TRUE,TRUE,Natural clay,Natural earthy clay tone,Category: Clay Matka | Material: Natural clay | Colour/finish: Natural earthy clay tone | Reference: 10389 | Size: Approximate size shown in product image | Capacity: 1700.15 L | Stock: 1000
C:\Dev\ram-potteey-ecom\public\product-images-optimized\decoration-candke-matki-ref-m2-rs-30-h5-d6.webp,C:\Dev\ram-potteey-ecom\public\product-images-optimized,decoration-candke-matki-ref-m2-rs-30-h5-d6.webp,Clay Matka,Clay Matka,Decoration Candke Matki,decoration-candke-matki,30,38,Best Deal,,5,,"Handcrafted natural clay piece from Ram Pottery Mauritius, ideal for natural water storage, traditional serving and earthy kitchen styling.","Decoration Candke Matki is a traditional clay matka piece from Ram Pottery Mauritius, offering a natural and timeless way to serve, store or display with rustic elegance.

This piece is ideal for natural water storage, traditional serving and earthy kitchen styling. Each item carries the natural charm of handmade pottery, with small variations in tone, texture and finish that make every product unique. It is a beautiful choice for customers looking for authentic Mauritian craftsmanship, meaningful gifts, traditional pieces and elegant décor.

Specifications:
- Category: Clay Matka
- Material: Natural clay
- Colour/finish: Natural earthy clay tone
- Approximate size: H 5 cm
- Price: Rs 30
- Origin: Ram Pottery Mauritius
- Care: Handle with care; wipe gently with a soft cloth; avoid sudden impact or harsh cleaning chemicals.",Decoration Candke Matki | Handmade Pottery Mauritius,"Buy Decoration Candke Matki from Ram Pottery Mauritius. Handmade natural clay for clay matka, décor, gifting and traditional use. Rs 30.",Decoration Candke Matki - Clay Matka handmade by Ram Pottery Mauritius,decoration-candke-matki-ref-m2-rs-30-h5-d6.webp,C:\Dev\ram-potteey-ecom\public\product-images-optimized\decoration-candke-matki-ref-m2-rs-30-h5-d6.webp,1000,TRUE,TRUE,Natural clay,Natural earthy clay tone,Category: Clay Matka | Material: Natural clay | Colour/finish: Natural earthy clay tone | Size: H 5 cm | Stock: 1000
C:\Dev\ram-potteey-ecom\public\product-images-optimized\decoration-candle-matki-h5-5-d5-cm-rs-30-m4.webp,C:\Dev\ram-potteey-ecom\public\product-images-optimized,decoration-candle-matki-h5-5-d5-cm-rs-30-m4.webp,Clay Matka,Clay Matka,Decoration Candle Matki M4,decoration-candle-matki-m4,30,38,Best Deal,,5.5,,"Handcrafted natural clay piece from Ram Pottery Mauritius, ideal for natural water storage, traditional serving and earthy kitchen styling.","Decoration Candle Matki M4 is a traditional clay matka piece from Ram Pottery Mauritius, offering a natural and timeless way to serve, store or display with rustic elegance.

This piece is ideal for natural water storage, traditional serving and earthy kitchen styling. Each item carries the natural charm of handmade pottery, with small variations in tone, texture and finish that make every product unique. It is a beautiful choice for customers looking for authentic Mauritian craftsmanship, meaningful gifts, traditional pieces and elegant décor.

Specifications:
- Category: Clay Matka
- Material: Natural clay
- Colour/finish: Natural earthy clay tone
- Approximate size: H 5.5 cm
- Price: Rs 30
- Origin: Ram Pottery Mauritius
- Care: Handle with care; wipe gently with a soft cloth; avoid sudden impact or harsh cleaning chemicals.",Decoration Candle Matki M4 | Handmade Pottery Mauritius,"Buy Decoration Candle Matki M4 from Ram Pottery Mauritius. Handmade natural clay for clay matka, décor, gifting and traditional use. Rs 30.",Decoration Candle Matki M4 - Clay Matka handmade by Ram Pottery Mauritius,decoration-candle-matki-h5-5-d5-cm-rs-30-m4.webp,C:\Dev\ram-potteey-ecom\public\product-images-optimized\decoration-candle-matki-h5-5-d5-cm-rs-30-m4.webp,1000,TRUE,TRUE,Natural clay,Natural earthy clay tone,Category: Clay Matka | Material: Natural clay | Colour/finish: Natural earthy clay tone | Size: H 5.5 cm | Stock: 1000
C:\Dev\ram-potteey-ecom\public\product-images-optimized\decoration-candle-matki-ref-m1-rs-25-h4-d4-5.webp,C:\Dev\ram-potteey-ecom\public\product-images-optimized,decoration-candle-matki-ref-m1-rs-25-h4-d4-5.webp,Clay Matka,Clay Matka,Decoration Candle Matki Ref M1,decoration-candle-matki-ref-m1,25,32,Best Deal,M1,4,,"Handcrafted natural clay piece from Ram Pottery Mauritius, ideal for natural water storage, traditional serving and earthy kitchen styling.","Decoration Candle Matki Ref M1 is a traditional clay matka piece from Ram Pottery Mauritius, offering a natural and timeless way to serve, store or display with rustic elegance.

This piece is ideal for natural water storage, traditional serving and earthy kitchen styling. Each item carries the natural charm of handmade pottery, with small variations in tone, texture and finish that make every product unique. It is a beautiful choice for customers looking for authentic Mauritian craftsmanship, meaningful gifts, traditional pieces and elegant décor.

Specifications:
- Category: Clay Matka
- Material: Natural clay
- Colour/finish: Natural earthy clay tone
- Reference code: M1
- Approximate size: H 4 cm
- Price: Rs 25
- Origin: Ram Pottery Mauritius
- Care: Handle with care; wipe gently with a soft cloth; avoid sudden impact or harsh cleaning chemicals.",Decoration Candle Matki Ref M1 | Handmade Pottery Mauritius,"Buy Decoration Candle Matki Ref M1 from Ram Pottery Mauritius. Handmade natural clay for clay matka, décor, gifting and traditional use. Ref M1. Rs 25.",Decoration Candle Matki Ref M1 - Clay Matka handmade by Ram Pottery Mauritius,decoration-candle-matki-ref-m1-rs-25-h4-d4-5.webp,C:\Dev\ram-potteey-ecom\public\product-images-optimized\decoration-candle-matki-ref-m1-rs-25-h4-d4-5.webp,1000,TRUE,TRUE,Natural clay,Natural earthy clay tone,Category: Clay Matka | Material: Natural clay | Colour/finish: Natural earthy clay tone | Reference: M1 | Size: H 4 cm | Stock: 1000
C:\Dev\ram-potteey-ecom\public\product-images-optimized\decoration-candle-matki-ref-m3-rs-35-h5cm-d6-5.webp,C:\Dev\ram-potteey-ecom\public\product-images-optimized,decoration-candle-matki-ref-m3-rs-35-h5cm-d6-5.webp,Clay Matka,Clay Matka,Decoration Candle Matki,decoration-candle-matki,35,44,Best Deal,,5,,"Handcrafted natural clay piece from Ram Pottery Mauritius, ideal for natural water storage, traditional serving and earthy kitchen styling.","Decoration Candle Matki is a traditional clay matka piece from Ram Pottery Mauritius, offering a natural and timeless way to serve, store or display with rustic elegance.

This piece is ideal for natural water storage, traditional serving and earthy kitchen styling. Each item carries the natural charm of handmade pottery, with small variations in tone, texture and finish that make every product unique. It is a beautiful choice for customers looking for authentic Mauritian craftsmanship, meaningful gifts, traditional pieces and elegant décor.

Specifications:
- Category: Clay Matka
- Material: Natural clay
- Colour/finish: Natural earthy clay tone
- Approximate size: H 5 cm
- Price: Rs 35
- Origin: Ram Pottery Mauritius
- Care: Handle with care; wipe gently with a soft cloth; avoid sudden impact or harsh cleaning chemicals.",Decoration Candle Matki | Handmade Pottery Mauritius,"Buy Decoration Candle Matki from Ram Pottery Mauritius. Handmade natural clay for clay matka, décor, gifting and traditional use. Rs 35.",Decoration Candle Matki - Clay Matka handmade by Ram Pottery Mauritius,decoration-candle-matki-ref-m3-rs-35-h5cm-d6-5.webp,C:\Dev\ram-potteey-ecom\public\product-images-optimized\decoration-candle-matki-ref-m3-rs-35-h5cm-d6-5.webp,1000,TRUE,TRUE,Natural clay,Natural earthy clay tone,Category: Clay Matka | Material: Natural clay | Colour/finish: Natural earthy clay tone | Size: H 5 cm | Stock: 1000
C:\Dev\ram-potteey-ecom\public\product-images-optimized\clay-buddha-h58cm-rs-2700-rf-10245.webp,C:\Dev\ram-potteey-ecom\public\product-images-optimized,clay-buddha-h58cm-rs-2700-rf-10245.webp,Clay Murti,Clay Murti,Clay Buddha,clay-buddha,2700,3375,Featured,,58,,"Handcrafted natural clay piece from Ram Pottery Mauritius, ideal for pooja, festivals, gifting, mandir décor and spiritual spaces.","Clay Buddha is a handcrafted clay murti from Ram Pottery Mauritius, made with devotional detail for prayer spaces, gifting and spiritual decoration.

This piece is ideal for pooja, festivals, gifting, mandir décor and spiritual spaces. Each item carries the natural charm of handmade pottery, with small variations in tone, texture and finish that make every product unique. It is a beautiful choice for customers looking for authentic Mauritian craftsmanship, meaningful gifts, traditional pieces and elegant décor.

Specifications:
- Category: Clay Murti
- Material: Natural clay
- Colour/finish: Natural earthy clay tone
- Approximate size: H 58 cm
- Price: Rs 2700
- Origin: Ram Pottery Mauritius
- Care: Handle with care; wipe gently with a soft cloth; avoid sudden impact or harsh cleaning chemicals.",Clay Buddha | Handmade Pottery Mauritius,"Buy Clay Buddha from Ram Pottery Mauritius. Handmade natural clay for clay murti, décor, gifting and traditional use. Rs 2700.",Clay Buddha - Clay Murti handmade by Ram Pottery Mauritius,clay-buddha-h58cm-rs-2700-rf-10245.webp,C:\Dev\ram-potteey-ecom\public\product-images-optimized\clay-buddha-h58cm-rs-2700-rf-10245.webp,1000,TRUE,TRUE,Natural clay,Natural earthy clay tone,Category: Clay Murti | Material: Natural clay | Colour/finish: Natural earthy clay tone | Size: H 58 cm | Stock: 1000
C:\Dev\ram-potteey-ecom\public\product-images-optimized\clay-buddha-head-ref-10068-rs-1200-h30cm.webp,C:\Dev\ram-potteey-ecom\public\product-images-optimized,clay-buddha-head-ref-10068-rs-1200-h30cm.webp,Clay Murti,Clay Murti,Clay Buddha Head,clay-buddha-head,1200,1500,,,30,,"Handcrafted natural clay piece from Ram Pottery Mauritius, ideal for pooja, festivals, gifting, mandir décor and spiritual spaces.","Clay Buddha Head is a handcrafted clay murti from Ram Pottery Mauritius, made with devotional detail for prayer spaces, gifting and spiritual decoration.

This piece is ideal for pooja, festivals, gifting, mandir décor and spiritual spaces. Each item carries the natural charm of handmade pottery, with small variations in tone, texture and finish that make every product unique. It is a beautiful choice for customers looking for authentic Mauritian craftsmanship, meaningful gifts, traditional pieces and elegant décor.

Specifications:
- Category: Clay Murti
- Material: Natural clay
- Colour/finish: Natural earthy clay tone
- Approximate size: H 30 cm
- Price: Rs 1200
- Origin: Ram Pottery Mauritius
- Care: Handle with care; wipe gently with a soft cloth; avoid sudden impact or harsh cleaning chemicals.",Clay Buddha Head | Handmade Pottery Mauritius,"Buy Clay Buddha Head from Ram Pottery Mauritius. Handmade natural clay for clay murti, décor, gifting and traditional use. Rs 1200.",Clay Buddha Head - Clay Murti handmade by Ram Pottery Mauritius,clay-buddha-head-ref-10068-rs-1200-h30cm.webp,C:\Dev\ram-potteey-ecom\public\product-images-optimized\clay-buddha-head-ref-10068-rs-1200-h30cm.webp,1000,TRUE,TRUE,Natural clay,Natural earthy clay tone,Category: Clay Murti | Material: Natural clay | Colour/finish: Natural earthy clay tone | Size: H 30 cm | Stock: 1000
C:\Dev\ram-potteey-ecom\public\product-images-optimized\clay-buddha-murti-h-14cm-rs-250-rf-10076.webp,C:\Dev\ram-potteey-ecom\public\product-images-optimized,clay-buddha-murti-h-14cm-rs-250-rf-10076.webp,Clay Murti,Clay Murti,Clay Buddha Murti,clay-buddha-murti,250,313,Best Deal,,14,,"Handcrafted natural clay piece from Ram Pottery Mauritius, ideal for pooja, festivals, gifting, mandir décor and spiritual spaces.","Clay Buddha Murti is a handcrafted clay murti from Ram Pottery Mauritius, made with devotional detail for prayer spaces, gifting and spiritual decoration.

This piece is ideal for pooja, festivals, gifting, mandir décor and spiritual spaces. Each item carries the natural charm of handmade pottery, with small variations in tone, texture and finish that make every product unique. It is a beautiful choice for customers looking for authentic Mauritian craftsmanship, meaningful gifts, traditional pieces and elegant décor.

Specifications:
- Category: Clay Murti
- Material: Natural clay
- Colour/finish: Natural earthy clay tone
- Approximate size: H 14 cm
- Price: Rs 250
- Origin: Ram Pottery Mauritius
- Care: Handle with care; wipe gently with a soft cloth; avoid sudden impact or harsh cleaning chemicals.",Clay Buddha Murti | Handmade Pottery Mauritius,"Buy Clay Buddha Murti from Ram Pottery Mauritius. Handmade natural clay for clay murti, décor, gifting and traditional use. Rs 250.",Clay Buddha Murti - Clay Murti handmade by Ram Pottery Mauritius,clay-buddha-murti-h-14cm-rs-250-rf-10076.webp,C:\Dev\ram-potteey-ecom\public\product-images-optimized\clay-buddha-murti-h-14cm-rs-250-rf-10076.webp,1000,TRUE,TRUE,Natural clay,Natural earthy clay tone,Category: Clay Murti | Material: Natural clay | Colour/finish: Natural earthy clay tone | Size: H 14 cm | Stock: 1000
C:\Dev\ram-potteey-ecom\public\product-images-optimized\clay-buddha-murti-h80cm-rf-10259-rs-4500.webp,C:\Dev\ram-potteey-ecom\public\product-images-optimized,clay-buddha-murti-h80cm-rf-10259-rs-4500.webp,Clay Murti,Clay Murti,Clay Buddha Murti,clay-buddha-murti-2,4500,5625,Featured,,80,,"Handcrafted natural clay piece from Ram Pottery Mauritius, ideal for pooja, festivals, gifting, mandir décor and spiritual spaces.","Clay Buddha Murti is a handcrafted clay murti from Ram Pottery Mauritius, made with devotional detail for prayer spaces, gifting and spiritual decoration.

This piece is ideal for pooja, festivals, gifting, mandir décor and spiritual spaces. Each item carries the natural charm of handmade pottery, with small variations in tone, texture and finish that make every product unique. It is a beautiful choice for customers looking for authentic Mauritian craftsmanship, meaningful gifts, traditional pieces and elegant décor.

Specifications:
- Category: Clay Murti
- Material: Natural clay
- Colour/finish: Natural earthy clay tone
- Approximate size: H 80 cm
- Price: Rs 4500
- Origin: Ram Pottery Mauritius
- Care: Handle with care; wipe gently with a soft cloth; avoid sudden impact or harsh cleaning chemicals.",Clay Buddha Murti | Handmade Pottery Mauritius,"Buy Clay Buddha Murti from Ram Pottery Mauritius. Handmade natural clay for clay murti, décor, gifting and traditional use. Rs 4500.",Clay Buddha Murti - Clay Murti handmade by Ram Pottery Mauritius,clay-buddha-murti-h80cm-rf-10259-rs-4500.webp,C:\Dev\ram-potteey-ecom\public\product-images-optimized\clay-buddha-murti-h80cm-rf-10259-rs-4500.webp,1000,TRUE,TRUE,Natural clay,Natural earthy clay tone,Category: Clay Murti | Material: Natural clay | Colour/finish: Natural earthy clay tone | Size: H 80 cm | Stock: 1000
C:\Dev\ram-potteey-ecom\public\product-images-optimized\clay-buddha-rf10248-rs-1900-h46cm.webp,C:\Dev\ram-potteey-ecom\public\product-images-optimized,clay-buddha-rf10248-rs-1900-h46cm.webp,Clay Murti,Clay Murti,Clay Buddha,clay-buddha-2,1900,2375,,,46,,"Handcrafted natural clay piece from Ram Pottery Mauritius, ideal for pooja, festivals, gifting, mandir décor and spiritual spaces.","Clay Buddha is a handcrafted clay murti from Ram Pottery Mauritius, made with devotional detail for prayer spaces, gifting and spiritual decoration.

This piece is ideal for pooja, festivals, gifting, mandir décor and spiritual spaces. Each item carries the natural charm of handmade pottery, with small variations in tone, texture and finish that make every product unique. It is a beautiful choice for customers looking for authentic Mauritian craftsmanship, meaningful gifts, traditional pieces and elegant décor.

Specifications:
- Category: Clay Murti
- Material: Natural clay
- Colour/finish: Natural earthy clay tone
- Approximate size: H 46 cm
- Price: Rs 1900
- Origin: Ram Pottery Mauritius
- Care: Handle with care; wipe gently with a soft cloth; avoid sudden impact or harsh cleaning chemicals.",Clay Buddha | Handmade Pottery Mauritius,"Buy Clay Buddha from Ram Pottery Mauritius. Handmade natural clay for clay murti, décor, gifting and traditional use. Rs 1900.",Clay Buddha - Clay Murti handmade by Ram Pottery Mauritius,clay-buddha-rf10248-rs-1900-h46cm.webp,C:\Dev\ram-potteey-ecom\public\product-images-optimized\clay-buddha-rf10248-rs-1900-h46cm.webp,1000,TRUE,TRUE,Natural clay,Natural earthy clay tone,Category: Clay Murti | Material: Natural clay | Colour/finish: Natural earthy clay tone | Size: H 46 cm | Stock: 1000
C:\Dev\ram-potteey-ecom\public\product-images-optimized\clay-buddha-rs-250-rf-10067-h10cm.webp,C:\Dev\ram-potteey-ecom\public\product-images-optimized,clay-buddha-rs-250-rf-10067-h10cm.webp,Clay Murti,Clay Murti,Clay Buddha,clay-buddha-2-2,250,313,Best Deal,,10,,"Handcrafted natural clay piece from Ram Pottery Mauritius, ideal for pooja, festivals, gifting, mandir décor and spiritual spaces.","Clay Buddha is a handcrafted clay murti from Ram Pottery Mauritius, made with devotional detail for prayer spaces, gifting and spiritual decoration.

This piece is ideal for pooja, festivals, gifting, mandir décor and spiritual spaces. Each item carries the natural charm of handmade pottery, with small variations in tone, texture and finish that make every product unique. It is a beautiful choice for customers looking for authentic Mauritian craftsmanship, meaningful gifts, traditional pieces and elegant décor.

Specifications:
- Category: Clay Murti
- Material: Natural clay
- Colour/finish: Natural earthy clay tone
- Approximate size: H 10 cm
- Price: Rs 250
- Origin: Ram Pottery Mauritius
- Care: Handle with care; wipe gently with a soft cloth; avoid sudden impact or harsh cleaning chemicals.",Clay Buddha | Handmade Pottery Mauritius,"Buy Clay Buddha from Ram Pottery Mauritius. Handmade natural clay for clay murti, décor, gifting and traditional use. Rs 250.",Clay Buddha - Clay Murti handmade by Ram Pottery Mauritius,clay-buddha-rs-250-rf-10067-h10cm.webp,C:\Dev\ram-potteey-ecom\public\product-images-optimized\clay-buddha-rs-250-rf-10067-h10cm.webp,1000,TRUE,TRUE,Natural clay,Natural earthy clay tone,Category: Clay Murti | Material: Natural clay | Colour/finish: Natural earthy clay tone | Size: H 10 cm | Stock: 1000
C:\Dev\ram-potteey-ecom\public\product-images-optimized\clay-buddha-rs-500-rf-10069-h15cm.webp,C:\Dev\ram-potteey-ecom\public\product-images-optimized,clay-buddha-rs-500-rf-10069-h15cm.webp,Clay Murti,Clay Murti,Clay Buddha,clay-buddha-2-3,500,625,Best Deal,,15,,"Handcrafted natural clay piece from Ram Pottery Mauritius, ideal for pooja, festivals, gifting, mandir décor and spiritual spaces.","Clay Buddha is a handcrafted clay murti from Ram Pottery Mauritius, made with devotional detail for prayer spaces, gifting and spiritual decoration.

This piece is ideal for pooja, festivals, gifting, mandir décor and spiritual spaces. Each item carries the natural charm of handmade pottery, with small variations in tone, texture and finish that make every product unique. It is a beautiful choice for customers looking for authentic Mauritian craftsmanship, meaningful gifts, traditional pieces and elegant décor.

Specifications:
- Category: Clay Murti
- Material: Natural clay
- Colour/finish: Natural earthy clay tone
- Approximate size: H 15 cm
- Price: Rs 500
- Origin: Ram Pottery Mauritius
- Care: Handle with care; wipe gently with a soft cloth; avoid sudden impact or harsh cleaning chemicals.",Clay Buddha | Handmade Pottery Mauritius,"Buy Clay Buddha from Ram Pottery Mauritius. Handmade natural clay for clay murti, décor, gifting and traditional use. Rs 500.",Clay Buddha - Clay Murti handmade by Ram Pottery Mauritius,clay-buddha-rs-500-rf-10069-h15cm.webp,C:\Dev\ram-potteey-ecom\public\product-images-optimized\clay-buddha-rs-500-rf-10069-h15cm.webp,1000,TRUE,TRUE,Natural clay,Natural earthy clay tone,Category: Clay Murti | Material: Natural clay | Colour/finish: Natural earthy clay tone | Size: H 15 cm | Stock: 1000
C:\Dev\ram-potteey-ecom\public\product-images-optimized\clay-buudha-murti-h13cm-ref-10088-rs-325.webp,C:\Dev\ram-potteey-ecom\public\product-images-optimized,clay-buudha-murti-h13cm-ref-10088-rs-325.webp,Clay Murti,Clay Murti,Clay Buudha Murti,clay-buudha-murti,325,407,Best Deal,,13,,"Handcrafted natural clay piece from Ram Pottery Mauritius, ideal for pooja, festivals, gifting, mandir décor and spiritual spaces.","Clay Buudha Murti is a handcrafted clay murti from Ram Pottery Mauritius, made with devotional detail for prayer spaces, gifting and spiritual decoration.

This piece is ideal for pooja, festivals, gifting, mandir décor and spiritual spaces. Each item carries the natural charm of handmade pottery, with small variations in tone, texture and finish that make every product unique. It is a beautiful choice for customers looking for authentic Mauritian craftsmanship, meaningful gifts, traditional pieces and elegant décor.

Specifications:
- Category: Clay Murti
- Material: Natural clay
- Colour/finish: Natural earthy clay tone
- Approximate size: H 13 cm
- Price: Rs 325
- Origin: Ram Pottery Mauritius
- Care: Handle with care; wipe gently with a soft cloth; avoid sudden impact or harsh cleaning chemicals.",Clay Buudha Murti | Handmade Pottery Mauritius,"Buy Clay Buudha Murti from Ram Pottery Mauritius. Handmade natural clay for clay murti, décor, gifting and traditional use. Rs 325.",Clay Buudha Murti - Clay Murti handmade by Ram Pottery Mauritius,clay-buudha-murti-h13cm-ref-10088-rs-325.webp,C:\Dev\ram-potteey-ecom\public\product-images-optimized\clay-buudha-murti-h13cm-ref-10088-rs-325.webp,1000,TRUE,TRUE,Natural clay,Natural earthy clay tone,Category: Clay Murti | Material: Natural clay | Colour/finish: Natural earthy clay tone | Size: H 13 cm | Stock: 1000
C:\Dev\ram-potteey-ecom\public\product-images-optimized\clay-durga-maa-face-rs-300-rf-10126.webp,C:\Dev\ram-potteey-ecom\public\product-images-optimized,clay-durga-maa-face-rs-300-rf-10126.webp,Clay Murti,Clay Murti,Clay Durga Maa Face,clay-durga-maa-face,300,375,Best Deal,,,,"Handcrafted natural clay piece from Ram Pottery Mauritius, ideal for pooja, festivals, gifting, mandir décor and spiritual spaces.","Clay Durga Maa Face is a handcrafted clay murti from Ram Pottery Mauritius, made with devotional detail for prayer spaces, gifting and spiritual decoration.

This piece is ideal for pooja, festivals, gifting, mandir décor and spiritual spaces. Each item carries the natural charm of handmade pottery, with small variations in tone, texture and finish that make every product unique. It is a beautiful choice for customers looking for authentic Mauritian craftsmanship, meaningful gifts, traditional pieces and elegant décor.

Specifications:
- Category: Clay Murti
- Material: Natural clay
- Colour/finish: Natural earthy clay tone
- Approximate size: Approximate size shown in product image
- Price: Rs 300
- Origin: Ram Pottery Mauritius
- Care: Handle with care; wipe gently with a soft cloth; avoid sudden impact or harsh cleaning chemicals.",Clay Durga Maa Face | Handmade Pottery Mauritius,"Buy Clay Durga Maa Face from Ram Pottery Mauritius. Handmade natural clay for clay murti, décor, gifting and traditional use. Rs 300.",Clay Durga Maa Face - Clay Murti handmade by Ram Pottery Mauritius,clay-durga-maa-face-rs-300-rf-10126.webp,C:\Dev\ram-potteey-ecom\public\product-images-optimized\clay-durga-maa-face-rs-300-rf-10126.webp,1000,TRUE,TRUE,Natural clay,Natural earthy clay tone,Category: Clay Murti | Material: Natural clay | Colour/finish: Natural earthy clay tone | Size: Approximate size shown in product image | Stock: 1000
C:\Dev\ram-potteey-ecom\public\product-images-optimized\clay-ganesh-15cm-rs-350-rf-10081.webp,C:\Dev\ram-potteey-ecom\public\product-images-optimized,clay-ganesh-15cm-rs-350-rf-10081.webp,Clay Murti,Clay Murti,Clay Ganes Cm,clay-ganes-cm,350,438,Best Deal,,,,"Handcrafted natural clay piece from Ram Pottery Mauritius, ideal for pooja, festivals, gifting, mandir décor and spiritual spaces.","Clay Ganes Cm is a handcrafted clay murti from Ram Pottery Mauritius, made with devotional detail for prayer spaces, gifting and spiritual decoration.

This piece is ideal for pooja, festivals, gifting, mandir décor and spiritual spaces. Each item carries the natural charm of handmade pottery, with small variations in tone, texture and finish that make every product unique. It is a beautiful choice for customers looking for authentic Mauritian craftsmanship, meaningful gifts, traditional pieces and elegant décor.

Specifications:
- Category: Clay Murti
- Material: Natural clay
- Colour/finish: Natural earthy clay tone
- Approximate size: Approximate size shown in product image
- Price: Rs 350
- Origin: Ram Pottery Mauritius
- Care: Handle with care; wipe gently with a soft cloth; avoid sudden impact or harsh cleaning chemicals.",Clay Ganes Cm | Handmade Pottery Mauritius,"Buy Clay Ganes Cm from Ram Pottery Mauritius. Handmade natural clay for clay murti, décor, gifting and traditional use. Rs 350.",Clay Ganes Cm - Clay Murti handmade by Ram Pottery Mauritius,clay-ganesh-15cm-rs-350-rf-10081.webp,C:\Dev\ram-potteey-ecom\public\product-images-optimized\clay-ganesh-15cm-rs-350-rf-10081.webp,1000,TRUE,TRUE,Natural clay,Natural earthy clay tone,Category: Clay Murti | Material: Natural clay | Colour/finish: Natural earthy clay tone | Size: Approximate size shown in product image | Stock: 1000
C:\Dev\ram-potteey-ecom\public\product-images-optimized\clay-ganesh-h12cm-rs-125-rf-10148.webp,C:\Dev\ram-potteey-ecom\public\product-images-optimized,clay-ganesh-h12cm-rs-125-rf-10148.webp,Clay Murti,Clay Murti,Clay Ganesh,clay-ganesh,125,157,Best Deal,,12,,"Handcrafted natural clay piece from Ram Pottery Mauritius, ideal for pooja, festivals, gifting, mandir décor and spiritual spaces.","Clay Ganesh is a handcrafted clay murti from Ram Pottery Mauritius, made with devotional detail for prayer spaces, gifting and spiritual decoration.

This piece is ideal for pooja, festivals, gifting, mandir décor and spiritual spaces. Each item carries the natural charm of handmade pottery, with small variations in tone, texture and finish that make every product unique. It is a beautiful choice for customers looking for authentic Mauritian craftsmanship, meaningful gifts, traditional pieces and elegant décor.

Specifications:
- Category: Clay Murti
- Material: Natural clay
- Colour/finish: Natural earthy clay tone
- Approximate size: H 12 cm
- Price: Rs 125
- Origin: Ram Pottery Mauritius
- Care: Handle with care; wipe gently with a soft cloth; avoid sudden impact or harsh cleaning chemicals.",Clay Ganesh | Handmade Pottery Mauritius,"Buy Clay Ganesh from Ram Pottery Mauritius. Handmade natural clay for clay murti, décor, gifting and traditional use. Rs 125.",Clay Ganesh - Clay Murti handmade by Ram Pottery Mauritius,clay-ganesh-h12cm-rs-125-rf-10148.webp,C:\Dev\ram-potteey-ecom\public\product-images-optimized\clay-ganesh-h12cm-rs-125-rf-10148.webp,1000,TRUE,TRUE,Natural clay,Natural earthy clay tone,Category: Clay Murti | Material: Natural clay | Colour/finish: Natural earthy clay tone | Size: H 12 cm | Stock: 1000
C:\Dev\ram-potteey-ecom\public\product-images-optimized\clay-ganesh-murti-with-rhinestones-decoration-rs-700-rf-10124-h-21cm.webp,C:\Dev\ram-potteey-ecom\public\product-images-optimized,clay-ganesh-murti-with-rhinestones-decoration-rs-700-rf-10124-h-21cm.webp,Clay Murti,Clay Murti,Clay Ganesh Murti with Rhinestones Decoration,clay-ganesh-murti-with-rhinestones-decoration,700,875,Best Deal,,21,,"Handcrafted natural clay piece from Ram Pottery Mauritius, ideal for pooja, festivals, gifting, mandir décor and spiritual spaces.","Clay Ganesh Murti with Rhinestones Decoration is a handcrafted clay murti from Ram Pottery Mauritius, made with devotional detail for prayer spaces, gifting and spiritual decoration.

This piece is ideal for pooja, festivals, gifting, mandir décor and spiritual spaces. Each item carries the natural charm of handmade pottery, with small variations in tone, texture and finish that make every product unique. It is a beautiful choice for customers looking for authentic Mauritian craftsmanship, meaningful gifts, traditional pieces and elegant décor.

Specifications:
- Category: Clay Murti
- Material: Natural clay
- Colour/finish: Natural earthy clay tone
- Approximate size: H 21 cm
- Price: Rs 700
- Origin: Ram Pottery Mauritius
- Care: Handle with care; wipe gently with a soft cloth; avoid sudden impact or harsh cleaning chemicals.",Clay Ganesh Murti with Rhinestones Decoration | Handmade Pottery Mauritius,"Buy Clay Ganesh Murti with Rhinestones Decoration from Ram Pottery Mauritius. Handmade natural clay for clay murti, décor, gifting and traditional use. Rs 700.",Clay Ganesh Murti with Rhinestones Decoration - Clay Murti handmade by Ram Pottery Mauritius,clay-ganesh-murti-with-rhinestones-decoration-rs-700-rf-10124-h-21cm.webp,C:\Dev\ram-potteey-ecom\public\product-images-optimized\clay-ganesh-murti-with-rhinestones-decoration-rs-700-rf-10124-h-21cm.webp,1000,TRUE,TRUE,Natural clay,Natural earthy clay tone,Category: Clay Murti | Material: Natural clay | Colour/finish: Natural earthy clay tone | Size: H 21 cm | Stock: 1000
C:\Dev\ram-potteey-ecom\public\product-images-optimized\clay-hanuman-maurti-rs-425-ref-10070-h15cm.webp,C:\Dev\ram-potteey-ecom\public\product-images-optimized,clay-hanuman-maurti-rs-425-ref-10070-h15cm.webp,Clay Murti,Clay Murti,Clay Hanuman Maurti Ref 10070,clay-hanuman-maurti-ref-10070,425,532,Best Deal,10070,15,,"Handcrafted natural clay piece from Ram Pottery Mauritius, ideal for pooja, festivals, gifting, mandir décor and spiritual spaces.","Clay Hanuman Maurti Ref 10070 is a handcrafted clay murti from Ram Pottery Mauritius, made with devotional detail for prayer spaces, gifting and spiritual decoration.

This piece is ideal for pooja, festivals, gifting, mandir décor and spiritual spaces. Each item carries the natural charm of handmade pottery, with small variations in tone, texture and finish that make every product unique. It is a beautiful choice for customers looking for authentic Mauritian craftsmanship, meaningful gifts, traditional pieces and elegant décor.

Specifications:
- Category: Clay Murti
- Material: Natural clay
- Colour/finish: Natural earthy clay tone
- Reference code: 10070
- Approximate size: H 15 cm
- Price: Rs 425
- Origin: Ram Pottery Mauritius
- Care: Handle with care; wipe gently with a soft cloth; avoid sudden impact or harsh cleaning chemicals.",Clay Hanuman Maurti Ref 10070 | Handmade Pottery Mauritius,"Buy Clay Hanuman Maurti Ref 10070 from Ram Pottery Mauritius. Handmade natural clay for clay murti, décor, gifting and traditional use. Ref 10070. Rs 425.",Clay Hanuman Maurti Ref 10070 - Clay Murti handmade by Ram Pottery Mauritius,clay-hanuman-maurti-rs-425-ref-10070-h15cm.webp,C:\Dev\ram-potteey-ecom\public\product-images-optimized\clay-hanuman-maurti-rs-425-ref-10070-h15cm.webp,1000,TRUE,TRUE,Natural clay,Natural earthy clay tone,Category: Clay Murti | Material: Natural clay | Colour/finish: Natural earthy clay tone | Reference: 10070 | Size: H 15 cm | Stock: 1000
C:\Dev\ram-potteey-ecom\public\product-images-optimized\clay-krishna-murti-h11cm-rs-200-ref-10079.webp,C:\Dev\ram-potteey-ecom\public\product-images-optimized,clay-krishna-murti-h11cm-rs-200-ref-10079.webp,Clay Murti,Clay Murti,Clay Krishna Murti,clay-krishna-murti,200,250,Best Deal,,11,,"Handcrafted natural clay piece from Ram Pottery Mauritius, ideal for pooja, festivals, gifting, mandir décor and spiritual spaces.","Clay Krishna Murti is a handcrafted clay murti from Ram Pottery Mauritius, made with devotional detail for prayer spaces, gifting and spiritual decoration.

This piece is ideal for pooja, festivals, gifting, mandir décor and spiritual spaces. Each item carries the natural charm of handmade pottery, with small variations in tone, texture and finish that make every product unique. It is a beautiful choice for customers looking for authentic Mauritian craftsmanship, meaningful gifts, traditional pieces and elegant décor.

Specifications:
- Category: Clay Murti
- Material: Natural clay
- Colour/finish: Natural earthy clay tone
- Approximate size: H 11 cm
- Price: Rs 200
- Origin: Ram Pottery Mauritius
- Care: Handle with care; wipe gently with a soft cloth; avoid sudden impact or harsh cleaning chemicals.",Clay Krishna Murti | Handmade Pottery Mauritius,"Buy Clay Krishna Murti from Ram Pottery Mauritius. Handmade natural clay for clay murti, décor, gifting and traditional use. Rs 200.",Clay Krishna Murti - Clay Murti handmade by Ram Pottery Mauritius,clay-krishna-murti-h11cm-rs-200-ref-10079.webp,C:\Dev\ram-potteey-ecom\public\product-images-optimized\clay-krishna-murti-h11cm-rs-200-ref-10079.webp,1000,TRUE,TRUE,Natural clay,Natural earthy clay tone,Category: Clay Murti | Material: Natural clay | Colour/finish: Natural earthy clay tone | Size: H 11 cm | Stock: 1000
C:\Dev\ram-potteey-ecom\public\product-images-optimized\clay-kuber-uerti-11cm-rs-250-ref-10080.webp,C:\Dev\ram-potteey-ecom\public\product-images-optimized,clay-kuber-uerti-11cm-rs-250-ref-10080.webp,Clay Murti,Clay Murti,Clay Kuber Uerti Ref 10080,clay-kuber-uerti-ref-10080,250,313,Best Deal,10080,,,"Handcrafted natural clay piece from Ram Pottery Mauritius, ideal for pooja, festivals, gifting, mandir décor and spiritual spaces.","Clay Kuber Uerti Ref 10080 is a handcrafted clay murti from Ram Pottery Mauritius, made with devotional detail for prayer spaces, gifting and spiritual decoration.

This piece is ideal for pooja, festivals, gifting, mandir décor and spiritual spaces. Each item carries the natural charm of handmade pottery, with small variations in tone, texture and finish that make every product unique. It is a beautiful choice for customers looking for authentic Mauritian craftsmanship, meaningful gifts, traditional pieces and elegant décor.

Specifications:
- Category: Clay Murti
- Material: Natural clay
- Colour/finish: Natural earthy clay tone
- Reference code: 10080
- Approximate size: Approximate size shown in product image
- Price: Rs 250
- Origin: Ram Pottery Mauritius
- Care: Handle with care; wipe gently with a soft cloth; avoid sudden impact or harsh cleaning chemicals.",Clay Kuber Uerti Ref 10080 | Handmade Pottery Mauritius,"Buy Clay Kuber Uerti Ref 10080 from Ram Pottery Mauritius. Handmade natural clay for clay murti, décor, gifting and traditional use. Ref 10080. Rs 250.",Clay Kuber Uerti Ref 10080 - Clay Murti handmade by Ram Pottery Mauritius,clay-kuber-uerti-11cm-rs-250-ref-10080.webp,C:\Dev\ram-potteey-ecom\public\product-images-optimized\clay-kuber-uerti-11cm-rs-250-ref-10080.webp,1000,TRUE,TRUE,Natural clay,Natural earthy clay tone,Category: Clay Murti | Material: Natural clay | Colour/finish: Natural earthy clay tone | Reference: 10080 | Size: Approximate size shown in product image | Stock: 1000
C:\Dev\ram-potteey-ecom\public\product-images-optimized\clay-kuber-mueri-rf-10083-rs-725.webp,C:\Dev\ram-potteey-ecom\public\product-images-optimized,clay-kuber-mueri-rf-10083-rs-725.webp,Clay Murti,Clay Murti,Clay Kuber Mueri,clay-kuber-mueri,725,907,Best Deal,,,,"Handcrafted natural clay piece from Ram Pottery Mauritius, ideal for pooja, festivals, gifting, mandir décor and spiritual spaces.","Clay Kuber Mueri is a handcrafted clay murti from Ram Pottery Mauritius, made with devotional detail for prayer spaces, gifting and spiritual decoration.

This piece is ideal for pooja, festivals, gifting, mandir décor and spiritual spaces. Each item carries the natural charm of handmade pottery, with small variations in tone, texture and finish that make every product unique. It is a beautiful choice for customers looking for authentic Mauritian craftsmanship, meaningful gifts, traditional pieces and elegant décor.

Specifications:
- Category: Clay Murti
- Material: Natural clay
- Colour/finish: Natural earthy clay tone
- Approximate size: Approximate size shown in product image
- Price: Rs 725
- Origin: Ram Pottery Mauritius
- Care: Handle with care; wipe gently with a soft cloth; avoid sudden impact or harsh cleaning chemicals.",Clay Kuber Mueri | Handmade Pottery Mauritius,"Buy Clay Kuber Mueri from Ram Pottery Mauritius. Handmade natural clay for clay murti, décor, gifting and traditional use. Rs 725.",Clay Kuber Mueri - Clay Murti handmade by Ram Pottery Mauritius,clay-kuber-mueri-rf-10083-rs-725.webp,C:\Dev\ram-potteey-ecom\public\product-images-optimized\clay-kuber-mueri-rf-10083-rs-725.webp,1000,TRUE,TRUE,Natural clay,Natural earthy clay tone,Category: Clay Murti | Material: Natural clay | Colour/finish: Natural earthy clay tone | Size: Approximate size shown in product image | Stock: 1000
C:\Dev\ram-potteey-ecom\public\product-images-optimized\clay-kuber-murti-h-11cm-rs-250.webp,C:\Dev\ram-potteey-ecom\public\product-images-optimized,clay-kuber-murti-h-11cm-rs-250.webp,Clay Murti,Clay Murti,Clay Kuber Murti,clay-kuber-murti,250,313,Best Deal,,11,,"Handcrafted natural clay piece from Ram Pottery Mauritius, ideal for pooja, festivals, gifting, mandir décor and spiritual spaces.","Clay Kuber Murti is a handcrafted clay murti from Ram Pottery Mauritius, made with devotional detail for prayer spaces, gifting and spiritual decoration.

This piece is ideal for pooja, festivals, gifting, mandir décor and spiritual spaces. Each item carries the natural charm of handmade pottery, with small variations in tone, texture and finish that make every product unique. It is a beautiful choice for customers looking for authentic Mauritian craftsmanship, meaningful gifts, traditional pieces and elegant décor.

Specifications:
- Category: Clay Murti
- Material: Natural clay
- Colour/finish: Natural earthy clay tone
- Approximate size: H 11 cm
- Price: Rs 250
- Origin: Ram Pottery Mauritius
- Care: Handle with care; wipe gently with a soft cloth; avoid sudden impact or harsh cleaning chemicals.",Clay Kuber Murti | Handmade Pottery Mauritius,"Buy Clay Kuber Murti from Ram Pottery Mauritius. Handmade natural clay for clay murti, décor, gifting and traditional use. Rs 250.",Clay Kuber Murti - Clay Murti handmade by Ram Pottery Mauritius,clay-kuber-murti-h-11cm-rs-250.webp,C:\Dev\ram-potteey-ecom\public\product-images-optimized\clay-kuber-murti-h-11cm-rs-250.webp,1000,TRUE,TRUE,Natural clay,Natural earthy clay tone,Category: Clay Murti | Material: Natural clay | Colour/finish: Natural earthy clay tone | Size: H 11 cm | Stock: 1000
C:\Dev\ram-potteey-ecom\public\product-images-optimized\clay-kuber-murti-h10cm-rs-200-ref-10087.webp,C:\Dev\ram-potteey-ecom\public\product-images-optimized,clay-kuber-murti-h10cm-rs-200-ref-10087.webp,Clay Murti,Clay Murti,Clay Kuber Murti,clay-kuber-murti-2,200,250,Best Deal,,10,,"Handcrafted natural clay piece from Ram Pottery Mauritius, ideal for pooja, festivals, gifting, mandir décor and spiritual spaces.","Clay Kuber Murti is a handcrafted clay murti from Ram Pottery Mauritius, made with devotional detail for prayer spaces, gifting and spiritual decoration.

This piece is ideal for pooja, festivals, gifting, mandir décor and spiritual spaces. Each item carries the natural charm of handmade pottery, with small variations in tone, texture and finish that make every product unique. It is a beautiful choice for customers looking for authentic Mauritian craftsmanship, meaningful gifts, traditional pieces and elegant décor.

Specifications:
- Category: Clay Murti
- Material: Natural clay
- Colour/finish: Natural earthy clay tone
- Approximate size: H 10 cm
- Price: Rs 200
- Origin: Ram Pottery Mauritius
- Care: Handle with care; wipe gently with a soft cloth; avoid sudden impact or harsh cleaning chemicals.",Clay Kuber Murti | Handmade Pottery Mauritius,"Buy Clay Kuber Murti from Ram Pottery Mauritius. Handmade natural clay for clay murti, décor, gifting and traditional use. Rs 200.",Clay Kuber Murti - Clay Murti handmade by Ram Pottery Mauritius,clay-kuber-murti-h10cm-rs-200-ref-10087.webp,C:\Dev\ram-potteey-ecom\public\product-images-optimized\clay-kuber-murti-h10cm-rs-200-ref-10087.webp,1000,TRUE,TRUE,Natural clay,Natural earthy clay tone,Category: Clay Murti | Material: Natural clay | Colour/finish: Natural earthy clay tone | Size: H 10 cm | Stock: 1000
C:\Dev\ram-potteey-ecom\public\product-images-optimized\clay-lumxi-with-rhinestone-decoration-rs-200-h15cm.webp,C:\Dev\ram-potteey-ecom\public\product-images-optimized,clay-lumxi-with-rhinestone-decoration-rs-200-h15cm.webp,Clay Murti,Clay Murti,Clay Lumxi with Rhinestone Decoration,clay-lumxi-with-rhinestone-decoration,200,250,Best Deal,,15,,"Handcrafted natural clay piece from Ram Pottery Mauritius, ideal for pooja, festivals, gifting, mandir décor and spiritual spaces.","Clay Lumxi with Rhinestone Decoration is a handcrafted clay murti from Ram Pottery Mauritius, made with devotional detail for prayer spaces, gifting and spiritual decoration.

This piece is ideal for pooja, festivals, gifting, mandir décor and spiritual spaces. Each item carries the natural charm of handmade pottery, with small variations in tone, texture and finish that make every product unique. It is a beautiful choice for customers looking for authentic Mauritian craftsmanship, meaningful gifts, traditional pieces and elegant décor.

Specifications:
- Category: Clay Murti
- Material: Natural clay
- Colour/finish: Natural earthy clay tone
- Approximate size: H 15 cm
- Price: Rs 200
- Origin: Ram Pottery Mauritius
- Care: Handle with care; wipe gently with a soft cloth; avoid sudden impact or harsh cleaning chemicals.",Clay Lumxi with Rhinestone Decoration | Handmade Pottery Mauritius,"Buy Clay Lumxi with Rhinestone Decoration from Ram Pottery Mauritius. Handmade natural clay for clay murti, décor, gifting and traditional use. Rs 200.",Clay Lumxi with Rhinestone Decoration - Clay Murti handmade by Ram Pottery Mauritius,clay-lumxi-with-rhinestone-decoration-rs-200-h15cm.webp,C:\Dev\ram-potteey-ecom\public\product-images-optimized\clay-lumxi-with-rhinestone-decoration-rs-200-h15cm.webp,1000,TRUE,TRUE,Natural clay,Natural earthy clay tone,Category: Clay Murti | Material: Natural clay | Colour/finish: Natural earthy clay tone | Size: H 15 cm | Stock: 1000
C:\Dev\ram-potteey-ecom\public\product-images-optimized\clay-luxmi-ganesh-rs-400-h12cm.webp,C:\Dev\ram-potteey-ecom\public\product-images-optimized,clay-luxmi-ganesh-rs-400-h12cm.webp,Clay Murti,Clay Murti,Clay Laxmi & Ganesh,clay-laxmi-and-ganesh,400,500,Best Deal,,12,,"Handcrafted natural clay piece from Ram Pottery Mauritius, ideal for pooja, festivals, gifting, mandir décor and spiritual spaces.","Clay Laxmi & Ganesh is a handcrafted clay murti from Ram Pottery Mauritius, made with devotional detail for prayer spaces, gifting and spiritual decoration.

This piece is ideal for pooja, festivals, gifting, mandir décor and spiritual spaces. Each item carries the natural charm of handmade pottery, with small variations in tone, texture and finish that make every product unique. It is a beautiful choice for customers looking for authentic Mauritian craftsmanship, meaningful gifts, traditional pieces and elegant décor.

Specifications:
- Category: Clay Murti
- Material: Natural clay
- Colour/finish: Natural earthy clay tone
- Approximate size: H 12 cm
- Price: Rs 400
- Origin: Ram Pottery Mauritius
- Care: Handle with care; wipe gently with a soft cloth; avoid sudden impact or harsh cleaning chemicals.",Clay Laxmi & Ganesh | Handmade Pottery Mauritius,"Buy Clay Laxmi & Ganesh from Ram Pottery Mauritius. Handmade natural clay for clay murti, décor, gifting and traditional use. Rs 400.",Clay Laxmi & Ganesh - Clay Murti handmade by Ram Pottery Mauritius,clay-luxmi-ganesh-rs-400-h12cm.webp,C:\Dev\ram-potteey-ecom\public\product-images-optimized\clay-luxmi-ganesh-rs-400-h12cm.webp,1000,TRUE,TRUE,Natural clay,Natural earthy clay tone,Category: Clay Murti | Material: Natural clay | Colour/finish: Natural earthy clay tone | Size: H 12 cm | Stock: 1000
C:\Dev\ram-potteey-ecom\public\product-images-optimized\clay-luxmi-and-ganesh-rs-450-h18cm.webp,C:\Dev\ram-potteey-ecom\public\product-images-optimized,clay-luxmi-and-ganesh-rs-450-h18cm.webp,Clay Murti,Clay Murti,Clay Laxmi and Ganesh,clay-laxmi-and-ganesh-2,450,563,Best Deal,,18,,"Handcrafted natural clay piece from Ram Pottery Mauritius, ideal for pooja, festivals, gifting, mandir décor and spiritual spaces.","Clay Laxmi and Ganesh is a handcrafted clay murti from Ram Pottery Mauritius, made with devotional detail for prayer spaces, gifting and spiritual decoration.

This piece is ideal for pooja, festivals, gifting, mandir décor and spiritual spaces. Each item carries the natural charm of handmade pottery, with small variations in tone, texture and finish that make every product unique. It is a beautiful choice for customers looking for authentic Mauritian craftsmanship, meaningful gifts, traditional pieces and elegant décor.

Specifications:
- Category: Clay Murti
- Material: Natural clay
- Colour/finish: Natural earthy clay tone
- Approximate size: H 18 cm
- Price: Rs 450
- Origin: Ram Pottery Mauritius
- Care: Handle with care; wipe gently with a soft cloth; avoid sudden impact or harsh cleaning chemicals.",Clay Laxmi and Ganesh | Handmade Pottery Mauritius,"Buy Clay Laxmi and Ganesh from Ram Pottery Mauritius. Handmade natural clay for clay murti, décor, gifting and traditional use. Rs 450.",Clay Laxmi and Ganesh - Clay Murti handmade by Ram Pottery Mauritius,clay-luxmi-and-ganesh-rs-450-h18cm.webp,C:\Dev\ram-potteey-ecom\public\product-images-optimized\clay-luxmi-and-ganesh-rs-450-h18cm.webp,1000,TRUE,TRUE,Natural clay,Natural earthy clay tone,Category: Clay Murti | Material: Natural clay | Colour/finish: Natural earthy clay tone | Size: H 18 cm | Stock: 1000
C:\Dev\ram-potteey-ecom\public\product-images-optimized\clay-luxmi-murti-h-15cm-rs-350.webp,C:\Dev\ram-potteey-ecom\public\product-images-optimized,clay-luxmi-murti-h-15cm-rs-350.webp,Clay Murti,Clay Murti,Clay Laxmi Murti,clay-laxmi-murti,350,438,Best Deal,,15,,"Handcrafted natural clay piece from Ram Pottery Mauritius, ideal for pooja, festivals, gifting, mandir décor and spiritual spaces.","Clay Laxmi Murti is a handcrafted clay murti from Ram Pottery Mauritius, made with devotional detail for prayer spaces, gifting and spiritual decoration.

This piece is ideal for pooja, festivals, gifting, mandir décor and spiritual spaces. Each item carries the natural charm of handmade pottery, with small variations in tone, texture and finish that make every product unique. It is a beautiful choice for customers looking for authentic Mauritian craftsmanship, meaningful gifts, traditional pieces and elegant décor.

Specifications:
- Category: Clay Murti
- Material: Natural clay
- Colour/finish: Natural earthy clay tone
- Approximate size: H 15 cm
- Price: Rs 350
- Origin: Ram Pottery Mauritius
- Care: Handle with care; wipe gently with a soft cloth; avoid sudden impact or harsh cleaning chemicals.",Clay Laxmi Murti | Handmade Pottery Mauritius,"Buy Clay Laxmi Murti from Ram Pottery Mauritius. Handmade natural clay for clay murti, décor, gifting and traditional use. Rs 350.",Clay Laxmi Murti - Clay Murti handmade by Ram Pottery Mauritius,clay-luxmi-murti-h-15cm-rs-350.webp,C:\Dev\ram-potteey-ecom\public\product-images-optimized\clay-luxmi-murti-h-15cm-rs-350.webp,1000,TRUE,TRUE,Natural clay,Natural earthy clay tone,Category: Clay Murti | Material: Natural clay | Colour/finish: Natural earthy clay tone | Size: H 15 cm | Stock: 1000
C:\Dev\ram-potteey-ecom\public\product-images-optimized\clay-luxmi-murti-with-rhinestone-decoration-rs-700-rf-10125-h21cm.webp,C:\Dev\ram-potteey-ecom\public\product-images-optimized,clay-luxmi-murti-with-rhinestone-decoration-rs-700-rf-10125-h21cm.webp,Clay Murti,Clay Murti,Clay Laxmi Murti with Rhinestone Decoration,clay-laxmi-murti-with-rhinestone-decoration,700,875,Best Deal,,21,,"Handcrafted natural clay piece from Ram Pottery Mauritius, ideal for pooja, festivals, gifting, mandir décor and spiritual spaces.","Clay Laxmi Murti with Rhinestone Decoration is a handcrafted clay murti from Ram Pottery Mauritius, made with devotional detail for prayer spaces, gifting and spiritual decoration.

This piece is ideal for pooja, festivals, gifting, mandir décor and spiritual spaces. Each item carries the natural charm of handmade pottery, with small variations in tone, texture and finish that make every product unique. It is a beautiful choice for customers looking for authentic Mauritian craftsmanship, meaningful gifts, traditional pieces and elegant décor.

Specifications:
- Category: Clay Murti
- Material: Natural clay
- Colour/finish: Natural earthy clay tone
- Approximate size: H 21 cm
- Price: Rs 700
- Origin: Ram Pottery Mauritius
- Care: Handle with care; wipe gently with a soft cloth; avoid sudden impact or harsh cleaning chemicals.",Clay Laxmi Murti with Rhinestone Decoration | Handmade Pottery Mauritius,"Buy Clay Laxmi Murti with Rhinestone Decoration from Ram Pottery Mauritius. Handmade natural clay for clay murti, décor, gifting and traditional use. Rs 700.",Clay Laxmi Murti with Rhinestone Decoration - Clay Murti handmade by Ram Pottery Mauritius,clay-luxmi-murti-with-rhinestone-decoration-rs-700-rf-10125-h21cm.webp,C:\Dev\ram-potteey-ecom\public\product-images-optimized\clay-luxmi-murti-with-rhinestone-decoration-rs-700-rf-10125-h21cm.webp,1000,TRUE,TRUE,Natural clay,Natural earthy clay tone,Category: Clay Murti | Material: Natural clay | Colour/finish: Natural earthy clay tone | Size: H 21 cm | Stock: 1000
C:\Dev\ram-potteey-ecom\public\product-images-optimized\clay-kalash-rs-55-ref-k1d-h15.webp,C:\Dev\ram-potteey-ecom\public\product-images-optimized,clay-kalash-rs-55-ref-k1d-h15.webp,clay pooja products,Clay Pooja Products,Clay Kalash Ref K1D,clay-kalash-ref-k1d,55,69,Best Deal,K1D,15,,"Handcrafted natural clay piece from Ram Pottery Mauritius, ideal for pooja, festivals, gifting, mandir décor and spiritual spaces.","Clay Kalash Ref K1D is a handcrafted pooja and festive item from Ram Pottery Mauritius, suitable for prayers, ceremonies, celebrations and meaningful gifting.

This piece is ideal for pooja, festivals, gifting, mandir décor and spiritual spaces. Each item carries the natural charm of handmade pottery, with small variations in tone, texture and finish that make every product unique. It is a beautiful choice for customers looking for authentic Mauritian craftsmanship, meaningful gifts, traditional pieces and elegant décor.

Specifications:
- Category: Clay Pooja Products
- Material: Natural clay
- Colour/finish: Natural earthy clay tone
- Reference code: K1D
- Approximate size: H 15 cm
- Price: Rs 55
- Origin: Ram Pottery Mauritius
- Care: Handle with care; wipe gently with a soft cloth; avoid sudden impact or harsh cleaning chemicals.",Clay Kalash Ref K1D | Handmade Pottery Mauritius,"Buy Clay Kalash Ref K1D from Ram Pottery Mauritius. Handmade natural clay for clay pooja products, décor, gifting and traditional use. Ref K1D. Rs 55.",Clay Kalash Ref K1D - Clay Pooja Products handmade by Ram Pottery Mauritius,clay-kalash-rs-55-ref-k1d-h15.webp,C:\Dev\ram-potteey-ecom\public\product-images-optimized\clay-kalash-rs-55-ref-k1d-h15.webp,1000,TRUE,TRUE,Natural clay,Natural earthy clay tone,Category: Clay Pooja Products | Material: Natural clay | Colour/finish: Natural earthy clay tone | Reference: K1D | Size: H 15 cm | Stock: 1000
C:\Dev\ram-potteey-ecom\public\product-images-optimized\ghee-batti-30pcs-rs-95.webp,C:\Dev\ram-potteey-ecom\public\product-images-optimized,ghee-batti-30pcs-rs-95.webp,clay pooja products,Clay Pooja Products,Ghee Batti 30pcs,ghee-batti-30pcs,95,119,Best Deal,,,,"Handcrafted pooja consumable piece from Ram Pottery Mauritius, ideal for pooja, festivals, gifting, mandir décor and spiritual spaces.","Ghee Batti 30pcs is a handcrafted pooja and festive item from Ram Pottery Mauritius, suitable for prayers, ceremonies, celebrations and meaningful gifting.

This piece is ideal for pooja, festivals, gifting, mandir décor and spiritual spaces. Each item carries the natural charm of handmade pottery, with small variations in tone, texture and finish that make every product unique. It is a beautiful choice for customers looking for authentic Mauritian craftsmanship, meaningful gifts, traditional pieces and elegant décor.

Specifications:
- Category: Clay Pooja Products
- Material: Pooja consumable
- Colour/finish: As shown in product image
- Approximate size: Approximate size shown in product image
- Price: Rs 95
- Origin: Ram Pottery Mauritius
- Care: Handle with care; wipe gently with a soft cloth; avoid sudden impact or harsh cleaning chemicals.",Ghee Batti 30pcs | Handmade Pottery Mauritius,"Buy Ghee Batti 30pcs from Ram Pottery Mauritius. Handmade pooja consumable for clay pooja products, décor, gifting and traditional use. Rs 95.",Ghee Batti 30pcs - Clay Pooja Products handmade by Ram Pottery Mauritius,ghee-batti-30pcs-rs-95.webp,C:\Dev\ram-potteey-ecom\public\product-images-optimized\ghee-batti-30pcs-rs-95.webp,1000,TRUE,TRUE,Pooja consumable,As shown in product image,Category: Clay Pooja Products | Material: Pooja consumable | Colour/finish: As shown in product image | Size: Approximate size shown in product image | Stock: 1000
C:\Dev\ram-potteey-ecom\public\product-images-optimized\ghee-batti-50pcs-rs-150.webp,C:\Dev\ram-potteey-ecom\public\product-images-optimized,ghee-batti-50pcs-rs-150.webp,clay pooja products,Clay Pooja Products,Ghee Batti 50pcs,ghee-batti-50pcs,150,188,Best Deal,,,,"Handcrafted pooja consumable piece from Ram Pottery Mauritius, ideal for pooja, festivals, gifting, mandir décor and spiritual spaces.","Ghee Batti 50pcs is a handcrafted pooja and festive item from Ram Pottery Mauritius, suitable for prayers, ceremonies, celebrations and meaningful gifting.

This piece is ideal for pooja, festivals, gifting, mandir décor and spiritual spaces. Each item carries the natural charm of handmade pottery, with small variations in tone, texture and finish that make every product unique. It is a beautiful choice for customers looking for authentic Mauritian craftsmanship, meaningful gifts, traditional pieces and elegant décor.

Specifications:
- Category: Clay Pooja Products
- Material: Pooja consumable
- Colour/finish: As shown in product image
- Approximate size: Approximate size shown in product image
- Price: Rs 150
- Origin: Ram Pottery Mauritius
- Care: Handle with care; wipe gently with a soft cloth; avoid sudden impact or harsh cleaning chemicals.",Ghee Batti 50pcs | Handmade Pottery Mauritius,"Buy Ghee Batti 50pcs from Ram Pottery Mauritius. Handmade pooja consumable for clay pooja products, décor, gifting and traditional use. Rs 150.",Ghee Batti 50pcs - Clay Pooja Products handmade by Ram Pottery Mauritius,ghee-batti-50pcs-rs-150.webp,C:\Dev\ram-potteey-ecom\public\product-images-optimized\ghee-batti-50pcs-rs-150.webp,1000,TRUE,TRUE,Pooja consumable,As shown in product image,Category: Clay Pooja Products | Material: Pooja consumable | Colour/finish: As shown in product image | Size: Approximate size shown in product image | Stock: 1000
C:\Dev\ram-potteey-ecom\public\product-images-optimized\ghgee-batti-90pcs-rs-225.webp,C:\Dev\ram-potteey-ecom\public\product-images-optimized,ghgee-batti-90pcs-rs-225.webp,clay pooja products,Clay Pooja Products,Ghgee Batti 90pcs,ghgee-batti-90pcs,225,282,Best Deal,,,,"Handcrafted pooja consumable piece from Ram Pottery Mauritius, ideal for pooja, festivals, gifting, mandir décor and spiritual spaces.","Ghgee Batti 90pcs is a handcrafted pooja and festive item from Ram Pottery Mauritius, suitable for prayers, ceremonies, celebrations and meaningful gifting.

This piece is ideal for pooja, festivals, gifting, mandir décor and spiritual spaces. Each item carries the natural charm of handmade pottery, with small variations in tone, texture and finish that make every product unique. It is a beautiful choice for customers looking for authentic Mauritian craftsmanship, meaningful gifts, traditional pieces and elegant décor.

Specifications:
- Category: Clay Pooja Products
- Material: Pooja consumable
- Colour/finish: As shown in product image
- Approximate size: Approximate size shown in product image
- Price: Rs 225
- Origin: Ram Pottery Mauritius
- Care: Handle with care; wipe gently with a soft cloth; avoid sudden impact or harsh cleaning chemicals.",Ghgee Batti 90pcs | Handmade Pottery Mauritius,"Buy Ghgee Batti 90pcs from Ram Pottery Mauritius. Handmade pooja consumable for clay pooja products, décor, gifting and traditional use. Rs 225.",Ghgee Batti 90pcs - Clay Pooja Products handmade by Ram Pottery Mauritius,ghgee-batti-90pcs-rs-225.webp,C:\Dev\ram-potteey-ecom\public\product-images-optimized\ghgee-batti-90pcs-rs-225.webp,1000,TRUE,TRUE,Pooja consumable,As shown in product image,Category: Clay Pooja Products | Material: Pooja consumable | Colour/finish: As shown in product image | Size: Approximate size shown in product image | Stock: 1000
C:\Dev\ram-potteey-ecom\public\product-images-optimized\kalash-27-holes-rs-85-ref-kh.webp,C:\Dev\ram-potteey-ecom\public\product-images-optimized,kalash-27-holes-rs-85-ref-kh.webp,clay pooja products,Clay Pooja Products,Kalash 27 Holes Ref KH,kalash-27-holes-ref-kh,85,107,Best Deal,KH,,,"Handcrafted natural clay piece from Ram Pottery Mauritius, ideal for pooja, festivals, gifting, mandir décor and spiritual spaces.","Kalash 27 Holes Ref KH is a handcrafted pooja and festive item from Ram Pottery Mauritius, suitable for prayers, ceremonies, celebrations and meaningful gifting.

This piece is ideal for pooja, festivals, gifting, mandir décor and spiritual spaces. Each item carries the natural charm of handmade pottery, with small variations in tone, texture and finish that make every product unique. It is a beautiful choice for customers looking for authentic Mauritian craftsmanship, meaningful gifts, traditional pieces and elegant décor.

Specifications:
- Category: Clay Pooja Products
- Material: Natural clay
- Colour/finish: Natural earthy clay tone
- Reference code: KH
- Approximate size: Approximate size shown in product image
- Price: Rs 85
- Origin: Ram Pottery Mauritius
- Care: Handle with care; wipe gently with a soft cloth; avoid sudden impact or harsh cleaning chemicals.",Kalash 27 Holes Ref KH | Handmade Pottery Mauritius,"Buy Kalash 27 Holes Ref KH from Ram Pottery Mauritius. Handmade natural clay for clay pooja products, décor, gifting and traditional use. Ref KH. Rs 85.",Kalash 27 Holes Ref KH - Clay Pooja Products handmade by Ram Pottery Mauritius,kalash-27-holes-rs-85-ref-kh.webp,C:\Dev\ram-potteey-ecom\public\product-images-optimized\kalash-27-holes-rs-85-ref-kh.webp,1000,TRUE,TRUE,Natural clay,Natural earthy clay tone,Category: Clay Pooja Products | Material: Natural clay | Colour/finish: Natural earthy clay tone | Reference: KH | Size: Approximate size shown in product image | Stock: 1000
C:\Dev\ram-potteey-ecom\public\product-images-optimized\kara-27-holes-ref-gh-rs-85-d-15cm.webp,C:\Dev\ram-potteey-ecom\public\product-images-optimized,kara-27-holes-ref-gh-rs-85-d-15cm.webp,clay pooja products,Clay Pooja Products,Kara 27 Holes Ref GH,kara-27-holes-ref-gh,85,107,Best Deal,GH,,,"Handcrafted natural clay piece from Ram Pottery Mauritius, ideal for pooja, festivals, gifting, mandir décor and spiritual spaces.","Kara 27 Holes Ref GH is a handcrafted pooja and festive item from Ram Pottery Mauritius, suitable for prayers, ceremonies, celebrations and meaningful gifting.

This piece is ideal for pooja, festivals, gifting, mandir décor and spiritual spaces. Each item carries the natural charm of handmade pottery, with small variations in tone, texture and finish that make every product unique. It is a beautiful choice for customers looking for authentic Mauritian craftsmanship, meaningful gifts, traditional pieces and elegant décor.

Specifications:
- Category: Clay Pooja Products
- Material: Natural clay
- Colour/finish: Natural earthy clay tone
- Reference code: GH
- Approximate size: W/D 15 cm
- Price: Rs 85
- Origin: Ram Pottery Mauritius
- Care: Handle with care; wipe gently with a soft cloth; avoid sudden impact or harsh cleaning chemicals.",Kara 27 Holes Ref GH | Handmade Pottery Mauritius,"Buy Kara 27 Holes Ref GH from Ram Pottery Mauritius. Handmade natural clay for clay pooja products, décor, gifting and traditional use. Ref GH. Rs 85.",Kara 27 Holes Ref GH - Clay Pooja Products handmade by Ram Pottery Mauritius,kara-27-holes-ref-gh-rs-85-d-15cm.webp,C:\Dev\ram-potteey-ecom\public\product-images-optimized\kara-27-holes-ref-gh-rs-85-d-15cm.webp,1000,TRUE,TRUE,Natural clay,Natural earthy clay tone,Category: Clay Pooja Products | Material: Natural clay | Colour/finish: Natural earthy clay tone | Reference: GH | Size: W/D 15 cm | Stock: 1000
C:\Dev\ram-potteey-ecom\public\product-images-optimized\kara-ref-g0-rs-45-d-15cm.webp,C:\Dev\ram-potteey-ecom\public\product-images-optimized,kara-ref-g0-rs-45-d-15cm.webp,clay pooja products,Clay Pooja Products,Kara Ref G0,kara-ref-g0,45,57,Best Deal,G0,,,"Handcrafted natural clay piece from Ram Pottery Mauritius, ideal for pooja, festivals, gifting, mandir décor and spiritual spaces.","Kara Ref G0 is a handcrafted pooja and festive item from Ram Pottery Mauritius, suitable for prayers, ceremonies, celebrations and meaningful gifting.

This piece is ideal for pooja, festivals, gifting, mandir décor and spiritual spaces. Each item carries the natural charm of handmade pottery, with small variations in tone, texture and finish that make every product unique. It is a beautiful choice for customers looking for authentic Mauritian craftsmanship, meaningful gifts, traditional pieces and elegant décor.

Specifications:
- Category: Clay Pooja Products
- Material: Natural clay
- Colour/finish: Natural earthy clay tone
- Reference code: G0
- Approximate size: W/D 15 cm
- Price: Rs 45
- Origin: Ram Pottery Mauritius
- Care: Handle with care; wipe gently with a soft cloth; avoid sudden impact or harsh cleaning chemicals.",Kara Ref G0 | Handmade Pottery Mauritius,"Buy Kara Ref G0 from Ram Pottery Mauritius. Handmade natural clay for clay pooja products, décor, gifting and traditional use. Ref G0. Rs 45.",Kara Ref G0 - Clay Pooja Products handmade by Ram Pottery Mauritius,kara-ref-g0-rs-45-d-15cm.webp,C:\Dev\ram-potteey-ecom\public\product-images-optimized\kara-ref-g0-rs-45-d-15cm.webp,1000,TRUE,TRUE,Natural clay,Natural earthy clay tone,Category: Clay Pooja Products | Material: Natural clay | Colour/finish: Natural earthy clay tone | Reference: G0 | Size: W/D 15 cm | Stock: 1000
C:\Dev\ram-potteey-ecom\public\product-images-optimized\lameche-bundle-rs-600.webp,C:\Dev\ram-potteey-ecom\public\product-images-optimized,lameche-bundle-rs-600.webp,clay pooja products,Clay Pooja Products,Lameche Bundle,lameche-bundle,600,750,Best Deal,,,,"Handcrafted natural clay piece from Ram Pottery Mauritius, ideal for pooja, festivals, gifting, mandir décor and spiritual spaces.","Lameche Bundle is a handcrafted pooja and festive item from Ram Pottery Mauritius, suitable for prayers, ceremonies, celebrations and meaningful gifting.

This piece is ideal for pooja, festivals, gifting, mandir décor and spiritual spaces. Each item carries the natural charm of handmade pottery, with small variations in tone, texture and finish that make every product unique. It is a beautiful choice for customers looking for authentic Mauritian craftsmanship, meaningful gifts, traditional pieces and elegant décor.

Specifications:
- Category: Clay Pooja Products
- Material: Natural clay
- Colour/finish: Natural earthy clay tone
- Approximate size: Approximate size shown in product image
- Price: Rs 600
- Origin: Ram Pottery Mauritius
- Care: Handle with care; wipe gently with a soft cloth; avoid sudden impact or harsh cleaning chemicals.",Lameche Bundle | Handmade Pottery Mauritius,"Buy Lameche Bundle from Ram Pottery Mauritius. Handmade natural clay for clay pooja products, décor, gifting and traditional use. Rs 600.",Lameche Bundle - Clay Pooja Products handmade by Ram Pottery Mauritius,lameche-bundle-rs-600.webp,C:\Dev\ram-potteey-ecom\public\product-images-optimized\lameche-bundle-rs-600.webp,1000,TRUE,TRUE,Natural clay,Natural earthy clay tone,Category: Clay Pooja Products | Material: Natural clay | Colour/finish: Natural earthy clay tone | Size: Approximate size shown in product image | Stock: 1000
C:\Dev\ram-potteey-ecom\public\product-images-optimized\lobandani-rf-sl-rs-100-h-11cm.webp,C:\Dev\ram-potteey-ecom\public\product-images-optimized,lobandani-rf-sl-rs-100-h-11cm.webp,clay pooja products,Clay Pooja Products,Lobandani,lobandani,100,125,Best Deal,,11,,"Handcrafted natural clay piece from Ram Pottery Mauritius, ideal for pooja, festivals, gifting, mandir décor and spiritual spaces.","Lobandani is a handcrafted pooja and festive item from Ram Pottery Mauritius, suitable for prayers, ceremonies, celebrations and meaningful gifting.

This piece is ideal for pooja, festivals, gifting, mandir décor and spiritual spaces. Each item carries the natural charm of handmade pottery, with small variations in tone, texture and finish that make every product unique. It is a beautiful choice for customers looking for authentic Mauritian craftsmanship, meaningful gifts, traditional pieces and elegant décor.

Specifications:
- Category: Clay Pooja Products
- Material: Natural clay
- Colour/finish: Natural earthy clay tone
- Approximate size: H 11 cm
- Price: Rs 100
- Origin: Ram Pottery Mauritius
- Care: Handle with care; wipe gently with a soft cloth; avoid sudden impact or harsh cleaning chemicals.",Lobandani | Handmade Pottery Mauritius,"Buy Lobandani from Ram Pottery Mauritius. Handmade natural clay for clay pooja products, décor, gifting and traditional use. Rs 100.",Lobandani - Clay Pooja Products handmade by Ram Pottery Mauritius,lobandani-rf-sl-rs-100-h-11cm.webp,C:\Dev\ram-potteey-ecom\public\product-images-optimized\lobandani-rf-sl-rs-100-h-11cm.webp,1000,TRUE,TRUE,Natural clay,Natural earthy clay tone,Category: Clay Pooja Products | Material: Natural clay | Colour/finish: Natural earthy clay tone | Size: H 11 cm | Stock: 1000
C:\Dev\ram-potteey-ecom\public\product-images-optimized\lobandani-rs125-ref-bl-h13cm.webp,C:\Dev\ram-potteey-ecom\public\product-images-optimized,lobandani-rs125-ref-bl-h13cm.webp,clay pooja products,Clay Pooja Products,Lobandani Ref BL,lobandani-ref-bl,125,157,Best Deal,BL,13,,"Handcrafted natural clay piece from Ram Pottery Mauritius, ideal for pooja, festivals, gifting, mandir décor and spiritual spaces.","Lobandani Ref BL is a handcrafted pooja and festive item from Ram Pottery Mauritius, suitable for prayers, ceremonies, celebrations and meaningful gifting.

This piece is ideal for pooja, festivals, gifting, mandir décor and spiritual spaces. Each item carries the natural charm of handmade pottery, with small variations in tone, texture and finish that make every product unique. It is a beautiful choice for customers looking for authentic Mauritian craftsmanship, meaningful gifts, traditional pieces and elegant décor.

Specifications:
- Category: Clay Pooja Products
- Material: Natural clay
- Colour/finish: Natural earthy clay tone
- Reference code: BL
- Approximate size: H 13 cm
- Price: Rs 125
- Origin: Ram Pottery Mauritius
- Care: Handle with care; wipe gently with a soft cloth; avoid sudden impact or harsh cleaning chemicals.",Lobandani Ref BL | Handmade Pottery Mauritius,"Buy Lobandani Ref BL from Ram Pottery Mauritius. Handmade natural clay for clay pooja products, décor, gifting and traditional use. Ref BL. Rs 125.",Lobandani Ref BL - Clay Pooja Products handmade by Ram Pottery Mauritius,lobandani-rs125-ref-bl-h13cm.webp,C:\Dev\ram-potteey-ecom\public\product-images-optimized\lobandani-rs125-ref-bl-h13cm.webp,1000,TRUE,TRUE,Natural clay,Natural earthy clay tone,Category: Clay Pooja Products | Material: Natural clay | Colour/finish: Natural earthy clay tone | Reference: BL | Size: H 13 cm | Stock: 1000
C:\Dev\ram-potteey-ecom\public\product-images-optimized\premium-abir-500g-rs-1000-ref-10144.webp,C:\Dev\ram-potteey-ecom\public\product-images-optimized,premium-abir-500g-rs-1000-ref-10144.webp,clay pooja products,Clay Pooja Products,Premium Abir 500G Ref 10144,premium-abir-500g-ref-10144,1000,1250,,10144,,,"Handcrafted pooja consumable piece from Ram Pottery Mauritius, ideal for pooja, festivals, gifting, mandir décor and spiritual spaces.","Premium Abir 500G Ref 10144 is a handcrafted pooja and festive item from Ram Pottery Mauritius, suitable for prayers, ceremonies, celebrations and meaningful gifting.

This piece is ideal for pooja, festivals, gifting, mandir décor and spiritual spaces. Each item carries the natural charm of handmade pottery, with small variations in tone, texture and finish that make every product unique. It is a beautiful choice for customers looking for authentic Mauritian craftsmanship, meaningful gifts, traditional pieces and elegant décor.

Specifications:
- Category: Clay Pooja Products
- Material: Pooja consumable
- Colour/finish: As shown in product image
- Reference code: 10144
- Approximate size: Approximate size shown in product image
- Price: Rs 1000
- Origin: Ram Pottery Mauritius
- Care: Handle with care; wipe gently with a soft cloth; avoid sudden impact or harsh cleaning chemicals.",Premium Abir 500G Ref 10144 | Handmade Pottery Mauritius,"Buy Premium Abir 500G Ref 10144 from Ram Pottery Mauritius. Handmade pooja consumable for clay pooja products, décor, gifting and traditional use. Ref 10144. Rs 1000.",Premium Abir 500G Ref 10144 - Clay Pooja Products handmade by Ram Pottery Mauritius,premium-abir-500g-rs-1000-ref-10144.webp,C:\Dev\ram-potteey-ecom\public\product-images-optimized\premium-abir-500g-rs-1000-ref-10144.webp,1000,TRUE,TRUE,Pooja consumable,As shown in product image,Category: Clay Pooja Products | Material: Pooja consumable | Colour/finish: As shown in product image | Reference: 10144 | Size: Approximate size shown in product image | Stock: 1000
C:\Dev\ram-potteey-ecom\public\product-images-optimized\prenium-kumkum-500g-rs-1000-ref-10145.webp,C:\Dev\ram-potteey-ecom\public\product-images-optimized,prenium-kumkum-500g-rs-1000-ref-10145.webp,clay pooja products,Clay Pooja Products,Prenium Kumkum 500G Ref 10145,prenium-kumkum-500g-ref-10145,1000,1250,,10145,,,"Handcrafted pooja consumable piece from Ram Pottery Mauritius, ideal for pooja, festivals, gifting, mandir décor and spiritual spaces.","Prenium Kumkum 500G Ref 10145 is a handcrafted pooja and festive item from Ram Pottery Mauritius, suitable for prayers, ceremonies, celebrations and meaningful gifting.

This piece is ideal for pooja, festivals, gifting, mandir décor and spiritual spaces. Each item carries the natural charm of handmade pottery, with small variations in tone, texture and finish that make every product unique. It is a beautiful choice for customers looking for authentic Mauritian craftsmanship, meaningful gifts, traditional pieces and elegant décor.

Specifications:
- Category: Clay Pooja Products
- Material: Pooja consumable
- Colour/finish: As shown in product image
- Reference code: 10145
- Approximate size: Approximate size shown in product image
- Price: Rs 1000
- Origin: Ram Pottery Mauritius
- Care: Handle with care; wipe gently with a soft cloth; avoid sudden impact or harsh cleaning chemicals.",Prenium Kumkum 500G Ref 10145 | Handmade Pottery Mauritius,"Buy Prenium Kumkum 500G Ref 10145 from Ram Pottery Mauritius. Handmade pooja consumable for clay pooja products, décor, gifting and traditional use. Ref 10145. Rs 1000.",Prenium Kumkum 500G Ref 10145 - Clay Pooja Products handmade by Ram Pottery Mauritius,prenium-kumkum-500g-rs-1000-ref-10145.webp,C:\Dev\ram-potteey-ecom\public\product-images-optimized\prenium-kumkum-500g-rs-1000-ref-10145.webp,1000,TRUE,TRUE,Pooja consumable,As shown in product image,Category: Clay Pooja Products | Material: Pooja consumable | Colour/finish: As shown in product image | Reference: 10145 | Size: Approximate size shown in product image | Stock: 1000
C:\Dev\ram-potteey-ecom\public\product-images-optimized\red-tikka-chandan-rs-425-100pcs.webp,C:\Dev\ram-potteey-ecom\public\product-images-optimized,red-tikka-chandan-rs-425-100pcs.webp,clay pooja products,Clay Pooja Products,Red Tikka Chandan 100pcs,red-tikka-chandan-100pcs,425,532,Best Deal,,,,"Handcrafted chandan wood piece from Ram Pottery Mauritius, ideal for pooja, festivals, gifting, mandir décor and spiritual spaces.","Red Tikka Chandan 100pcs is a handcrafted pooja and festive item from Ram Pottery Mauritius, suitable for prayers, ceremonies, celebrations and meaningful gifting.

This piece is ideal for pooja, festivals, gifting, mandir décor and spiritual spaces. Each item carries the natural charm of handmade pottery, with small variations in tone, texture and finish that make every product unique. It is a beautiful choice for customers looking for authentic Mauritian craftsmanship, meaningful gifts, traditional pieces and elegant décor.

Specifications:
- Category: Clay Pooja Products
- Material: Chandan wood
- Colour/finish: Red
- Approximate size: Approximate size shown in product image
- Price: Rs 425
- Origin: Ram Pottery Mauritius
- Care: Handle with care; wipe gently with a soft cloth; avoid sudden impact or harsh cleaning chemicals.",Red Tikka Chandan 100pcs | Handmade Pottery Mauritius,"Buy Red Tikka Chandan 100pcs from Ram Pottery Mauritius. Handmade chandan wood for clay pooja products, décor, gifting and traditional use. Rs 425.",Red Tikka Chandan 100pcs - Clay Pooja Products handmade by Ram Pottery Mauritius,red-tikka-chandan-rs-425-100pcs.webp,C:\Dev\ram-potteey-ecom\public\product-images-optimized\red-tikka-chandan-rs-425-100pcs.webp,1000,TRUE,TRUE,Chandan wood,Red,Category: Clay Pooja Products | Material: Chandan wood | Colour/finish: Red | Size: Approximate size shown in product image | Stock: 1000
C:\Dev\ram-potteey-ecom\public\product-images-optimized\tota-agarbathi-rs-100.webp,C:\Dev\ram-potteey-ecom\public\product-images-optimized,tota-agarbathi-rs-100.webp,clay pooja products,Clay Pooja Products,Tota Agarbathi,tota-agarbathi,100,125,Best Deal,,,,"Handcrafted natural clay piece from Ram Pottery Mauritius, ideal for pooja, festivals, gifting, mandir décor and spiritual spaces.","Tota Agarbathi is a handcrafted pooja and festive item from Ram Pottery Mauritius, suitable for prayers, ceremonies, celebrations and meaningful gifting.

This piece is ideal for pooja, festivals, gifting, mandir décor and spiritual spaces. Each item carries the natural charm of handmade pottery, with small variations in tone, texture and finish that make every product unique. It is a beautiful choice for customers looking for authentic Mauritian craftsmanship, meaningful gifts, traditional pieces and elegant décor.

Specifications:
- Category: Clay Pooja Products
- Material: Natural clay
- Colour/finish: Natural earthy clay tone
- Approximate size: Approximate size shown in product image
- Price: Rs 100
- Origin: Ram Pottery Mauritius
- Care: Handle with care; wipe gently with a soft cloth; avoid sudden impact or harsh cleaning chemicals.",Tota Agarbathi | Handmade Pottery Mauritius,"Buy Tota Agarbathi from Ram Pottery Mauritius. Handmade natural clay for clay pooja products, décor, gifting and traditional use. Rs 100.",Tota Agarbathi - Clay Pooja Products handmade by Ram Pottery Mauritius,tota-agarbathi-rs-100.webp,C:\Dev\ram-potteey-ecom\public\product-images-optimized\tota-agarbathi-rs-100.webp,1000,TRUE,TRUE,Natural clay,Natural earthy clay tone,Category: Clay Pooja Products | Material: Natural clay | Colour/finish: Natural earthy clay tone | Size: Approximate size shown in product image | Stock: 1000
C:\Dev\ram-potteey-ecom\public\product-images-optimized\whitetika-chandan-rs-425-100pcs.webp,C:\Dev\ram-potteey-ecom\public\product-images-optimized,whitetika-chandan-rs-425-100pcs.webp,clay pooja products,Clay Pooja Products,Whitetika Chandan 100pcs,whitetika-chandan-100pcs,425,532,Best Deal,,,,"Handcrafted chandan wood piece from Ram Pottery Mauritius, ideal for pooja, festivals, gifting, mandir décor and spiritual spaces.","Whitetika Chandan 100pcs is a handcrafted pooja and festive item from Ram Pottery Mauritius, suitable for prayers, ceremonies, celebrations and meaningful gifting.

This piece is ideal for pooja, festivals, gifting, mandir décor and spiritual spaces. Each item carries the natural charm of handmade pottery, with small variations in tone, texture and finish that make every product unique. It is a beautiful choice for customers looking for authentic Mauritian craftsmanship, meaningful gifts, traditional pieces and elegant décor.

Specifications:
- Category: Clay Pooja Products
- Material: Chandan wood
- Colour/finish: White
- Approximate size: Approximate size shown in product image
- Price: Rs 425
- Origin: Ram Pottery Mauritius
- Care: Handle with care; wipe gently with a soft cloth; avoid sudden impact or harsh cleaning chemicals.",Whitetika Chandan 100pcs | Handmade Pottery Mauritius,"Buy Whitetika Chandan 100pcs from Ram Pottery Mauritius. Handmade chandan wood for clay pooja products, décor, gifting and traditional use. Rs 425.",Whitetika Chandan 100pcs - Clay Pooja Products handmade by Ram Pottery Mauritius,whitetika-chandan-rs-425-100pcs.webp,C:\Dev\ram-potteey-ecom\public\product-images-optimized\whitetika-chandan-rs-425-100pcs.webp,1000,TRUE,TRUE,Chandan wood,White,Category: Clay Pooja Products | Material: Chandan wood | Colour/finish: White | Size: Approximate size shown in product image | Stock: 1000
C:\Dev\ram-potteey-ecom\public\product-images-optimized\clay-elephant-souvenir-h12cm-rs-425-rf-10084.webp,C:\Dev\ram-potteey-ecom\public\product-images-optimized,clay-elephant-souvenir-h12cm-rs-425-rf-10084.webp,Clay Souvenier,Clay Souvenir,Clay Elephant Souvenir,clay-elephant-souvenir,425,532,Best Deal,,12,,"Handcrafted natural clay piece from Ram Pottery Mauritius, ideal for gifting, home styling, verandas, resorts, boutiques and Mauritian artisan décor.","Clay Elephant Souvenir is a charming handmade clay souvenir from Ram Pottery Mauritius, perfect for gifting and celebrating local artisan craftsmanship.

This piece is ideal for gifting, home styling, verandas, resorts, boutiques and Mauritian artisan décor. Each item carries the natural charm of handmade pottery, with small variations in tone, texture and finish that make every product unique. It is a beautiful choice for customers looking for authentic Mauritian craftsmanship, meaningful gifts, traditional pieces and elegant décor.

Specifications:
- Category: Clay Souvenir
- Material: Natural clay
- Colour/finish: Natural earthy clay tone
- Approximate size: H 12 cm
- Price: Rs 425
- Origin: Ram Pottery Mauritius
- Care: Handle with care; wipe gently with a soft cloth; avoid sudden impact or harsh cleaning chemicals.",Clay Elephant Souvenir | Handmade Pottery Mauritius,"Buy Clay Elephant Souvenir from Ram Pottery Mauritius. Handmade natural clay for clay souvenir, décor, gifting and traditional use. Rs 425.",Clay Elephant Souvenir - Clay Souvenir handmade by Ram Pottery Mauritius,clay-elephant-souvenir-h12cm-rs-425-rf-10084.webp,C:\Dev\ram-potteey-ecom\public\product-images-optimized\clay-elephant-souvenir-h12cm-rs-425-rf-10084.webp,1000,TRUE,TRUE,Natural clay,Natural earthy clay tone,Category: Clay Souvenir | Material: Natural clay | Colour/finish: Natural earthy clay tone | Size: H 12 cm | Stock: 1000
C:\Dev\ram-potteey-ecom\public\product-images-optimized\clay-elephant-souvenir-h7cm-rf-10086-rs-250.webp,C:\Dev\ram-potteey-ecom\public\product-images-optimized,clay-elephant-souvenir-h7cm-rf-10086-rs-250.webp,Clay Souvenier,Clay Souvenir,Clay Elephant Souvenir,clay-elephant-souvenir-2,250,313,Best Deal,,7,,"Handcrafted natural clay piece from Ram Pottery Mauritius, ideal for gifting, home styling, verandas, resorts, boutiques and Mauritian artisan décor.","Clay Elephant Souvenir is a charming handmade clay souvenir from Ram Pottery Mauritius, perfect for gifting and celebrating local artisan craftsmanship.

This piece is ideal for gifting, home styling, verandas, resorts, boutiques and Mauritian artisan décor. Each item carries the natural charm of handmade pottery, with small variations in tone, texture and finish that make every product unique. It is a beautiful choice for customers looking for authentic Mauritian craftsmanship, meaningful gifts, traditional pieces and elegant décor.

Specifications:
- Category: Clay Souvenir
- Material: Natural clay
- Colour/finish: Natural earthy clay tone
- Approximate size: H 7 cm
- Price: Rs 250
- Origin: Ram Pottery Mauritius
- Care: Handle with care; wipe gently with a soft cloth; avoid sudden impact or harsh cleaning chemicals.",Clay Elephant Souvenir | Handmade Pottery Mauritius,"Buy Clay Elephant Souvenir from Ram Pottery Mauritius. Handmade natural clay for clay souvenir, décor, gifting and traditional use. Rs 250.",Clay Elephant Souvenir - Clay Souvenir handmade by Ram Pottery Mauritius,clay-elephant-souvenir-h7cm-rf-10086-rs-250.webp,C:\Dev\ram-potteey-ecom\public\product-images-optimized\clay-elephant-souvenir-h7cm-rf-10086-rs-250.webp,1000,TRUE,TRUE,Natural clay,Natural earthy clay tone,Category: Clay Souvenir | Material: Natural clay | Colour/finish: Natural earthy clay tone | Size: H 7 cm | Stock: 1000
C:\Dev\ram-potteey-ecom\public\product-images-optimized\clay-elephant-souvenir-rs-9cm-rf-10085-rs-325.webp,C:\Dev\ram-potteey-ecom\public\product-images-optimized,clay-elephant-souvenir-rs-9cm-rf-10085-rs-325.webp,Clay Souvenier,Clay Souvenir,Clay Elephant Souvenir Cm,clay-elephant-souvenir-cm,325,407,Best Deal,,,,"Handcrafted natural clay piece from Ram Pottery Mauritius, ideal for gifting, home styling, verandas, resorts, boutiques and Mauritian artisan décor.","Clay Elephant Souvenir Cm is a charming handmade clay souvenir from Ram Pottery Mauritius, perfect for gifting and celebrating local artisan craftsmanship.

This piece is ideal for gifting, home styling, verandas, resorts, boutiques and Mauritian artisan décor. Each item carries the natural charm of handmade pottery, with small variations in tone, texture and finish that make every product unique. It is a beautiful choice for customers looking for authentic Mauritian craftsmanship, meaningful gifts, traditional pieces and elegant décor.

Specifications:
- Category: Clay Souvenir
- Material: Natural clay
- Colour/finish: Natural earthy clay tone
- Approximate size: Approximate size shown in product image
- Price: Rs 325
- Origin: Ram Pottery Mauritius
- Care: Handle with care; wipe gently with a soft cloth; avoid sudden impact or harsh cleaning chemicals.",Clay Elephant Souvenir Cm | Handmade Pottery Mauritius,"Buy Clay Elephant Souvenir Cm from Ram Pottery Mauritius. Handmade natural clay for clay souvenir, décor, gifting and traditional use. Rs 325.",Clay Elephant Souvenir Cm - Clay Souvenir handmade by Ram Pottery Mauritius,clay-elephant-souvenir-rs-9cm-rf-10085-rs-325.webp,C:\Dev\ram-potteey-ecom\public\product-images-optimized\clay-elephant-souvenir-rs-9cm-rf-10085-rs-325.webp,1000,TRUE,TRUE,Natural clay,Natural earthy clay tone,Category: Clay Souvenir | Material: Natural clay | Colour/finish: Natural earthy clay tone | Size: Approximate size shown in product image | Stock: 1000
C:\Dev\ram-potteey-ecom\public\product-images-optimized\clay-elephant-with-lamp-rs-275-rf-10078-h9cm.webp,C:\Dev\ram-potteey-ecom\public\product-images-optimized,clay-elephant-with-lamp-rs-275-rf-10078-h9cm.webp,Clay Souvenier,Clay Souvenir,Clay Elephant with Lamp,clay-elephant-with-lamp,275,344,Best Deal,,9,,"Handcrafted natural clay piece from Ram Pottery Mauritius, ideal for pooja, festivals, gifting, mandir décor and spiritual spaces.","Clay Elephant with Lamp is a charming handmade clay souvenir from Ram Pottery Mauritius, perfect for gifting and celebrating local artisan craftsmanship.

This piece is ideal for pooja, festivals, gifting, mandir décor and spiritual spaces. Each item carries the natural charm of handmade pottery, with small variations in tone, texture and finish that make every product unique. It is a beautiful choice for customers looking for authentic Mauritian craftsmanship, meaningful gifts, traditional pieces and elegant décor.

Specifications:
- Category: Clay Souvenir
- Material: Natural clay
- Colour/finish: Natural earthy clay tone
- Approximate size: H 9 cm
- Price: Rs 275
- Origin: Ram Pottery Mauritius
- Care: Handle with care; wipe gently with a soft cloth; avoid sudden impact or harsh cleaning chemicals.",Clay Elephant with Lamp | Handmade Pottery Mauritius,"Buy Clay Elephant with Lamp from Ram Pottery Mauritius. Handmade natural clay for clay souvenir, décor, gifting and traditional use. Rs 275.",Clay Elephant with Lamp - Clay Souvenir handmade by Ram Pottery Mauritius,clay-elephant-with-lamp-rs-275-rf-10078-h9cm.webp,C:\Dev\ram-potteey-ecom\public\product-images-optimized\clay-elephant-with-lamp-rs-275-rf-10078-h9cm.webp,1000,TRUE,TRUE,Natural clay,Natural earthy clay tone,Category: Clay Souvenir | Material: Natural clay | Colour/finish: Natural earthy clay tone | Size: H 9 cm | Stock: 1000
C:\Dev\ram-potteey-ecom\public\product-images-optimized\clay-elephant-with-lamp-rs-425-rf-10077-h-11cm.webp,C:\Dev\ram-potteey-ecom\public\product-images-optimized,clay-elephant-with-lamp-rs-425-rf-10077-h-11cm.webp,Clay Souvenier,Clay Souvenir,Clay Elephant with Lamp,clay-elephant-with-lamp-2,425,532,Best Deal,,11,,"Handcrafted natural clay piece from Ram Pottery Mauritius, ideal for pooja, festivals, gifting, mandir décor and spiritual spaces.","Clay Elephant with Lamp is a charming handmade clay souvenir from Ram Pottery Mauritius, perfect for gifting and celebrating local artisan craftsmanship.

This piece is ideal for pooja, festivals, gifting, mandir décor and spiritual spaces. Each item carries the natural charm of handmade pottery, with small variations in tone, texture and finish that make every product unique. It is a beautiful choice for customers looking for authentic Mauritian craftsmanship, meaningful gifts, traditional pieces and elegant décor.

Specifications:
- Category: Clay Souvenir
- Material: Natural clay
- Colour/finish: Natural earthy clay tone
- Approximate size: H 11 cm
- Price: Rs 425
- Origin: Ram Pottery Mauritius
- Care: Handle with care; wipe gently with a soft cloth; avoid sudden impact or harsh cleaning chemicals.",Clay Elephant with Lamp | Handmade Pottery Mauritius,"Buy Clay Elephant with Lamp from Ram Pottery Mauritius. Handmade natural clay for clay souvenir, décor, gifting and traditional use. Rs 425.",Clay Elephant with Lamp - Clay Souvenir handmade by Ram Pottery Mauritius,clay-elephant-with-lamp-rs-425-rf-10077-h-11cm.webp,C:\Dev\ram-potteey-ecom\public\product-images-optimized\clay-elephant-with-lamp-rs-425-rf-10077-h-11cm.webp,1000,TRUE,TRUE,Natural clay,Natural earthy clay tone,Category: Clay Souvenir | Material: Natural clay | Colour/finish: Natural earthy clay tone | Size: H 11 cm | Stock: 1000
C:\Dev\ram-potteey-ecom\public\product-images-optimized\clay-monkey-souvenir-rs-250-rf-10075-h-13cm.webp,C:\Dev\ram-potteey-ecom\public\product-images-optimized,clay-monkey-souvenir-rs-250-rf-10075-h-13cm.webp,Clay Souvenier,Clay Souvenir,Clay Monkey Souvenir,clay-monkey-souvenir,250,313,Best Deal,,13,,"Handcrafted natural clay piece from Ram Pottery Mauritius, ideal for gifting, home styling, verandas, resorts, boutiques and Mauritian artisan décor.","Clay Monkey Souvenir is a charming handmade clay souvenir from Ram Pottery Mauritius, perfect for gifting and celebrating local artisan craftsmanship.

This piece is ideal for gifting, home styling, verandas, resorts, boutiques and Mauritian artisan décor. Each item carries the natural charm of handmade pottery, with small variations in tone, texture and finish that make every product unique. It is a beautiful choice for customers looking for authentic Mauritian craftsmanship, meaningful gifts, traditional pieces and elegant décor.

Specifications:
- Category: Clay Souvenir
- Material: Natural clay
- Colour/finish: Natural earthy clay tone
- Approximate size: H 13 cm
- Price: Rs 250
- Origin: Ram Pottery Mauritius
- Care: Handle with care; wipe gently with a soft cloth; avoid sudden impact or harsh cleaning chemicals.",Clay Monkey Souvenir | Handmade Pottery Mauritius,"Buy Clay Monkey Souvenir from Ram Pottery Mauritius. Handmade natural clay for clay souvenir, décor, gifting and traditional use. Rs 250.",Clay Monkey Souvenir - Clay Souvenir handmade by Ram Pottery Mauritius,clay-monkey-souvenir-rs-250-rf-10075-h-13cm.webp,C:\Dev\ram-potteey-ecom\public\product-images-optimized\clay-monkey-souvenir-rs-250-rf-10075-h-13cm.webp,1000,TRUE,TRUE,Natural clay,Natural earthy clay tone,Category: Clay Souvenir | Material: Natural clay | Colour/finish: Natural earthy clay tone | Size: H 13 cm | Stock: 1000
C:\Dev\ram-potteey-ecom\public\product-images-optimized\clay-monkey-souvenir-rs-500-rf-10074-h19cm.webp,C:\Dev\ram-potteey-ecom\public\product-images-optimized,clay-monkey-souvenir-rs-500-rf-10074-h19cm.webp,Clay Souvenier,Clay Souvenir,Clay Monkey Souvenir,clay-monkey-souvenir-2,500,625,Best Deal,,19,,"Handcrafted natural clay piece from Ram Pottery Mauritius, ideal for gifting, home styling, verandas, resorts, boutiques and Mauritian artisan décor.","Clay Monkey Souvenir is a charming handmade clay souvenir from Ram Pottery Mauritius, perfect for gifting and celebrating local artisan craftsmanship.

This piece is ideal for gifting, home styling, verandas, resorts, boutiques and Mauritian artisan décor. Each item carries the natural charm of handmade pottery, with small variations in tone, texture and finish that make every product unique. It is a beautiful choice for customers looking for authentic Mauritian craftsmanship, meaningful gifts, traditional pieces and elegant décor.

Specifications:
- Category: Clay Souvenir
- Material: Natural clay
- Colour/finish: Natural earthy clay tone
- Approximate size: H 19 cm
- Price: Rs 500
- Origin: Ram Pottery Mauritius
- Care: Handle with care; wipe gently with a soft cloth; avoid sudden impact or harsh cleaning chemicals.",Clay Monkey Souvenir | Handmade Pottery Mauritius,"Buy Clay Monkey Souvenir from Ram Pottery Mauritius. Handmade natural clay for clay souvenir, décor, gifting and traditional use. Rs 500.",Clay Monkey Souvenir - Clay Souvenir handmade by Ram Pottery Mauritius,clay-monkey-souvenir-rs-500-rf-10074-h19cm.webp,C:\Dev\ram-potteey-ecom\public\product-images-optimized\clay-monkey-souvenir-rs-500-rf-10074-h19cm.webp,1000,TRUE,TRUE,Natural clay,Natural earthy clay tone,Category: Clay Souvenir | Material: Natural clay | Colour/finish: Natural earthy clay tone | Size: H 19 cm | Stock: 1000
C:\Dev\ram-potteey-ecom\public\product-images-optimized\clay-wind-chime-ref-bl13-10229-rs-975-h65cm.webp,C:\Dev\ram-potteey-ecom\public\product-images-optimized,clay-wind-chime-ref-bl13-10229-rs-975-h65cm.webp,Clay Wind chime,Clay Wind Chime,Clay Wind Chime 10229 Ref BL13,clay-wind-chime-10229-ref-bl13,975,1219,,BL13,65,,"Handcrafted natural clay piece from Ram Pottery Mauritius, ideal for gifting, home styling, verandas, resorts, boutiques and Mauritian artisan décor.","Clay Wind Chime 10229 Ref BL13 is a handmade clay wind chime from Ram Pottery Mauritius, crafted to add soft movement, natural texture and artisanal charm to your space.

This piece is ideal for gifting, home styling, verandas, resorts, boutiques and Mauritian artisan décor. Each item carries the natural charm of handmade pottery, with small variations in tone, texture and finish that make every product unique. It is a beautiful choice for customers looking for authentic Mauritian craftsmanship, meaningful gifts, traditional pieces and elegant décor.

Specifications:
- Category: Clay Wind Chime
- Material: Natural clay
- Colour/finish: Natural earthy clay tone
- Reference code: BL13
- Approximate size: H 65 cm
- Price: Rs 975
- Origin: Ram Pottery Mauritius
- Care: Handle with care; wipe gently with a soft cloth; avoid sudden impact or harsh cleaning chemicals.",Clay Wind Chime 10229 Ref BL13 | Handmade Pottery Mauritius,"Buy Clay Wind Chime 10229 Ref BL13 from Ram Pottery Mauritius. Handmade natural clay for clay wind chime, décor, gifting and traditional use. Ref BL13. Rs 975.",Clay Wind Chime 10229 Ref BL13 - Clay Wind Chime handmade by Ram Pottery Mauritius,clay-wind-chime-ref-bl13-10229-rs-975-h65cm.webp,C:\Dev\ram-potteey-ecom\public\product-images-optimized\clay-wind-chime-ref-bl13-10229-rs-975-h65cm.webp,1000,TRUE,TRUE,Natural clay,Natural earthy clay tone,Category: Clay Wind Chime | Material: Natural clay | Colour/finish: Natural earthy clay tone | Reference: BL13 | Size: H 65 cm | Stock: 1000
C:\Dev\ram-potteey-ecom\public\product-images-optimized\clay-wind-chime-rs-425-ref-bl6-10281-h-40cm.webp,C:\Dev\ram-potteey-ecom\public\product-images-optimized,clay-wind-chime-rs-425-ref-bl6-10281-h-40cm.webp,Clay Wind chime,Clay Wind Chime,Clay Wind Chime 10281 Ref BL6,clay-wind-chime-10281-ref-bl6,425,532,Best Deal,BL6,40,,"Handcrafted natural clay piece from Ram Pottery Mauritius, ideal for gifting, home styling, verandas, resorts, boutiques and Mauritian artisan décor.","Clay Wind Chime 10281 Ref BL6 is a handmade clay wind chime from Ram Pottery Mauritius, crafted to add soft movement, natural texture and artisanal charm to your space.

This piece is ideal for gifting, home styling, verandas, resorts, boutiques and Mauritian artisan décor. Each item carries the natural charm of handmade pottery, with small variations in tone, texture and finish that make every product unique. It is a beautiful choice for customers looking for authentic Mauritian craftsmanship, meaningful gifts, traditional pieces and elegant décor.

Specifications:
- Category: Clay Wind Chime
- Material: Natural clay
- Colour/finish: Natural earthy clay tone
- Reference code: BL6
- Approximate size: H 40 cm
- Price: Rs 425
- Origin: Ram Pottery Mauritius
- Care: Handle with care; wipe gently with a soft cloth; avoid sudden impact or harsh cleaning chemicals.",Clay Wind Chime 10281 Ref BL6 | Handmade Pottery Mauritius,"Buy Clay Wind Chime 10281 Ref BL6 from Ram Pottery Mauritius. Handmade natural clay for clay wind chime, décor, gifting and traditional use. Ref BL6. Rs 425.",Clay Wind Chime 10281 Ref BL6 - Clay Wind Chime handmade by Ram Pottery Mauritius,clay-wind-chime-rs-425-ref-bl6-10281-h-40cm.webp,C:\Dev\ram-potteey-ecom\public\product-images-optimized\clay-wind-chime-rs-425-ref-bl6-10281-h-40cm.webp,1000,TRUE,TRUE,Natural clay,Natural earthy clay tone,Category: Clay Wind Chime | Material: Natural clay | Colour/finish: Natural earthy clay tone | Reference: BL6 | Size: H 40 cm | Stock: 1000
C:\Dev\ram-potteey-ecom\public\product-images-optimized\clay-wind-chime-rs-825-ref-bl11-10239-h60cm.webp,C:\Dev\ram-potteey-ecom\public\product-images-optimized,clay-wind-chime-rs-825-ref-bl11-10239-h60cm.webp,Clay Wind chime,Clay Wind Chime,Clay Wind Chime 10239 Ref BL11,clay-wind-chime-10239-ref-bl11,825,1032,,BL11,60,,"Handcrafted natural clay piece from Ram Pottery Mauritius, ideal for gifting, home styling, verandas, resorts, boutiques and Mauritian artisan décor.","Clay Wind Chime 10239 Ref BL11 is a handmade clay wind chime from Ram Pottery Mauritius, crafted to add soft movement, natural texture and artisanal charm to your space.

This piece is ideal for gifting, home styling, verandas, resorts, boutiques and Mauritian artisan décor. Each item carries the natural charm of handmade pottery, with small variations in tone, texture and finish that make every product unique. It is a beautiful choice for customers looking for authentic Mauritian craftsmanship, meaningful gifts, traditional pieces and elegant décor.

Specifications:
- Category: Clay Wind Chime
- Material: Natural clay
- Colour/finish: Natural earthy clay tone
- Reference code: BL11
- Approximate size: H 60 cm
- Price: Rs 825
- Origin: Ram Pottery Mauritius
- Care: Handle with care; wipe gently with a soft cloth; avoid sudden impact or harsh cleaning chemicals.",Clay Wind Chime 10239 Ref BL11 | Handmade Pottery Mauritius,"Buy Clay Wind Chime 10239 Ref BL11 from Ram Pottery Mauritius. Handmade natural clay for clay wind chime, décor, gifting and traditional use. Ref BL11. Rs 825.",Clay Wind Chime 10239 Ref BL11 - Clay Wind Chime handmade by Ram Pottery Mauritius,clay-wind-chime-rs-825-ref-bl11-10239-h60cm.webp,C:\Dev\ram-potteey-ecom\public\product-images-optimized\clay-wind-chime-rs-825-ref-bl11-10239-h60cm.webp,1000,TRUE,TRUE,Natural clay,Natural earthy clay tone,Category: Clay Wind Chime | Material: Natural clay | Colour/finish: Natural earthy clay tone | Reference: BL11 | Size: H 60 cm | Stock: 1000
C:\Dev\ram-potteey-ecom\public\product-images-optimized\clay-window-toran-ref-10323-rs-750.webp,C:\Dev\ram-potteey-ecom\public\product-images-optimized,clay-window-toran-ref-10323-rs-750.webp,Clay Wind chime,Clay Wind Chime,Clay Window Toran Ref 10323,clay-window-toran-ref-10323,750,938,Best Deal,10323,,,"Handcrafted natural clay piece from Ram Pottery Mauritius, ideal for gifting, home styling, verandas, resorts, boutiques and Mauritian artisan décor.","Clay Window Toran Ref 10323 is a handmade clay wind chime from Ram Pottery Mauritius, crafted to add soft movement, natural texture and artisanal charm to your space.

This piece is ideal for gifting, home styling, verandas, resorts, boutiques and Mauritian artisan décor. Each item carries the natural charm of handmade pottery, with small variations in tone, texture and finish that make every product unique. It is a beautiful choice for customers looking for authentic Mauritian craftsmanship, meaningful gifts, traditional pieces and elegant décor.

Specifications:
- Category: Clay Wind Chime
- Material: Natural clay
- Colour/finish: Natural earthy clay tone
- Reference code: 10323
- Approximate size: Approximate size shown in product image
- Price: Rs 750
- Origin: Ram Pottery Mauritius
- Care: Handle with care; wipe gently with a soft cloth; avoid sudden impact or harsh cleaning chemicals.",Clay Window Toran Ref 10323 | Handmade Pottery Mauritius,"Buy Clay Window Toran Ref 10323 from Ram Pottery Mauritius. Handmade natural clay for clay wind chime, décor, gifting and traditional use. Ref 10323. Rs 750.",Clay Window Toran Ref 10323 - Clay Wind Chime handmade by Ram Pottery Mauritius,clay-window-toran-ref-10323-rs-750.webp,C:\Dev\ram-potteey-ecom\public\product-images-optimized\clay-window-toran-ref-10323-rs-750.webp,1000,TRUE,TRUE,Natural clay,Natural earthy clay tone,Category: Clay Wind Chime | Material: Natural clay | Colour/finish: Natural earthy clay tone | Reference: 10323 | Size: Approximate size shown in product image | Stock: 1000
C:\Dev\ram-potteey-ecom\public\product-images-optimized\clay-diya-big-size-ref-202-rs-45-h5cm-d13cm.webp,C:\Dev\ram-potteey-ecom\public\product-images-optimized,clay-diya-big-size-ref-202-rs-45-h5cm-d13cm.webp,Earthen Clay Lamp,Earthen Clay Lamp,Clay Diya Big Size Ref 202,clay-diya-big-size-ref-202,45,57,Best Deal,202,5,,"Handcrafted natural clay piece from Ram Pottery Mauritius, ideal for pooja, festivals, gifting, mandir décor and spiritual spaces.","Clay Diya Big Size Ref 202 is a handcrafted pooja and festive item from Ram Pottery Mauritius, suitable for prayers, ceremonies, celebrations and meaningful gifting.

This piece is ideal for pooja, festivals, gifting, mandir décor and spiritual spaces. Each item carries the natural charm of handmade pottery, with small variations in tone, texture and finish that make every product unique. It is a beautiful choice for customers looking for authentic Mauritian craftsmanship, meaningful gifts, traditional pieces and elegant décor.

Specifications:
- Category: Earthen Clay Lamp
- Material: Natural clay
- Colour/finish: Natural earthy clay tone
- Reference code: 202
- Approximate size: H 5 cm
- Price: Rs 45
- Origin: Ram Pottery Mauritius
- Care: Handle with care; wipe gently with a soft cloth; avoid sudden impact or harsh cleaning chemicals.",Clay Diya Big Size Ref 202 | Handmade Pottery Mauritius,"Buy Clay Diya Big Size Ref 202 from Ram Pottery Mauritius. Handmade natural clay for earthen clay lamp, décor, gifting and traditional use. Ref 202. Rs 45.",Clay Diya Big Size Ref 202 - Earthen Clay Lamp handmade by Ram Pottery Mauritius,clay-diya-big-size-ref-202-rs-45-h5cm-d13cm.webp,C:\Dev\ram-potteey-ecom\public\product-images-optimized\clay-diya-big-size-ref-202-rs-45-h5cm-d13cm.webp,1000,TRUE,TRUE,Natural clay,Natural earthy clay tone,Category: Earthen Clay Lamp | Material: Natural clay | Colour/finish: Natural earthy clay tone | Reference: 202 | Size: H 5 cm | Stock: 1000
C:\Dev\ram-potteey-ecom\public\product-images-optimized\clay-diya-4-corner-big-size-ref-44-rs-45-h5-w10cm.webp,C:\Dev\ram-potteey-ecom\public\product-images-optimized,clay-diya-4-corner-big-size-ref-44-rs-45-h5-w10cm.webp,Earthen Clay Lamp,Earthen Clay Lamp,Clay Diya 4 Corner Big Size Ref 44,clay-diya-4-corner-big-size-ref-44,45,57,Best Deal,44,5,10,"Handcrafted natural clay piece from Ram Pottery Mauritius, ideal for pooja, festivals, gifting, mandir décor and spiritual spaces.","Clay Diya 4 Corner Big Size Ref 44 is a handcrafted pooja and festive item from Ram Pottery Mauritius, suitable for prayers, ceremonies, celebrations and meaningful gifting.

This piece is ideal for pooja, festivals, gifting, mandir décor and spiritual spaces. Each item carries the natural charm of handmade pottery, with small variations in tone, texture and finish that make every product unique. It is a beautiful choice for customers looking for authentic Mauritian craftsmanship, meaningful gifts, traditional pieces and elegant décor.

Specifications:
- Category: Earthen Clay Lamp
- Material: Natural clay
- Colour/finish: Natural earthy clay tone
- Reference code: 44
- Approximate size: H 5 cm × W/D 10 cm
- Price: Rs 45
- Origin: Ram Pottery Mauritius
- Care: Handle with care; wipe gently with a soft cloth; avoid sudden impact or harsh cleaning chemicals.",Clay Diya 4 Corner Big Size Ref 44 | Handmade Pottery Mauritius,"Buy Clay Diya 4 Corner Big Size Ref 44 from Ram Pottery Mauritius. Handmade natural clay for earthen clay lamp, décor, gifting and traditional use. Ref 44. Rs 45.",Clay Diya 4 Corner Big Size Ref 44 - Earthen Clay Lamp handmade by Ram Pottery Mauritius,clay-diya-4-corner-big-size-ref-44-rs-45-h5-w10cm.webp,C:\Dev\ram-potteey-ecom\public\product-images-optimized\clay-diya-4-corner-big-size-ref-44-rs-45-h5-w10cm.webp,1000,TRUE,TRUE,Natural clay,Natural earthy clay tone,Category: Earthen Clay Lamp | Material: Natural clay | Colour/finish: Natural earthy clay tone | Reference: 44 | Size: H 5 cm × W/D 10 cm | Stock: 1000
C:\Dev\ram-potteey-ecom\public\product-images-optimized\clay-diya-4-corner-small-size-ref-33-rs-25-w7cm-h3cm.webp,C:\Dev\ram-potteey-ecom\public\product-images-optimized,clay-diya-4-corner-small-size-ref-33-rs-25-w7cm-h3cm.webp,Earthen Clay Lamp,Earthen Clay Lamp,Clay Diya 4 Corner Small Size Ref 33,clay-diya-4-corner-small-size-ref-33,25,32,Best Deal,33,3,7,"Handcrafted natural clay piece from Ram Pottery Mauritius, ideal for pooja, festivals, gifting, mandir décor and spiritual spaces.","Clay Diya 4 Corner Small Size Ref 33 is a handcrafted pooja and festive item from Ram Pottery Mauritius, suitable for prayers, ceremonies, celebrations and meaningful gifting.

This piece is ideal for pooja, festivals, gifting, mandir décor and spiritual spaces. Each item carries the natural charm of handmade pottery, with small variations in tone, texture and finish that make every product unique. It is a beautiful choice for customers looking for authentic Mauritian craftsmanship, meaningful gifts, traditional pieces and elegant décor.

Specifications:
- Category: Earthen Clay Lamp
- Material: Natural clay
- Colour/finish: Natural earthy clay tone
- Reference code: 33
- Approximate size: H 3 cm × W/D 7 cm
- Price: Rs 25
- Origin: Ram Pottery Mauritius
- Care: Handle with care; wipe gently with a soft cloth; avoid sudden impact or harsh cleaning chemicals.",Clay Diya 4 Corner Small Size Ref 33 | Handmade Pottery Mauritius,"Buy Clay Diya 4 Corner Small Size Ref 33 from Ram Pottery Mauritius. Handmade natural clay for earthen clay lamp, décor, gifting and traditional use. Ref 33. Rs 25.",Clay Diya 4 Corner Small Size Ref 33 - Earthen Clay Lamp handmade by Ram Pottery Mauritius,clay-diya-4-corner-small-size-ref-33-rs-25-w7cm-h3cm.webp,C:\Dev\ram-potteey-ecom\public\product-images-optimized\clay-diya-4-corner-small-size-ref-33-rs-25-w7cm-h3cm.webp,1000,TRUE,TRUE,Natural clay,Natural earthy clay tone,Category: Earthen Clay Lamp | Material: Natural clay | Colour/finish: Natural earthy clay tone | Reference: 33 | Size: H 3 cm × W/D 7 cm | Stock: 1000
C:\Dev\ram-potteey-ecom\public\product-images-optimized\clay-diya-big-size-ref-32-rs-45-d11cm-h-4-5cm.webp,C:\Dev\ram-potteey-ecom\public\product-images-optimized,clay-diya-big-size-ref-32-rs-45-d11cm-h-4-5cm.webp,Earthen Clay Lamp,Earthen Clay Lamp,Clay Diya Big Size Ref 32,clay-diya-big-size-ref-32,45,57,Best Deal,32,4.5,,"Handcrafted natural clay piece from Ram Pottery Mauritius, ideal for pooja, festivals, gifting, mandir décor and spiritual spaces.","Clay Diya Big Size Ref 32 is a handcrafted pooja and festive item from Ram Pottery Mauritius, suitable for prayers, ceremonies, celebrations and meaningful gifting.

This piece is ideal for pooja, festivals, gifting, mandir décor and spiritual spaces. Each item carries the natural charm of handmade pottery, with small variations in tone, texture and finish that make every product unique. It is a beautiful choice for customers looking for authentic Mauritian craftsmanship, meaningful gifts, traditional pieces and elegant décor.

Specifications:
- Category: Earthen Clay Lamp
- Material: Natural clay
- Colour/finish: Natural earthy clay tone
- Reference code: 32
- Approximate size: H 4.5 cm
- Price: Rs 45
- Origin: Ram Pottery Mauritius
- Care: Handle with care; wipe gently with a soft cloth; avoid sudden impact or harsh cleaning chemicals.",Clay Diya Big Size Ref 32 | Handmade Pottery Mauritius,"Buy Clay Diya Big Size Ref 32 from Ram Pottery Mauritius. Handmade natural clay for earthen clay lamp, décor, gifting and traditional use. Ref 32. Rs 45.",Clay Diya Big Size Ref 32 - Earthen Clay Lamp handmade by Ram Pottery Mauritius,clay-diya-big-size-ref-32-rs-45-d11cm-h-4-5cm.webp,C:\Dev\ram-potteey-ecom\public\product-images-optimized\clay-diya-big-size-ref-32-rs-45-d11cm-h-4-5cm.webp,1000,TRUE,TRUE,Natural clay,Natural earthy clay tone,Category: Earthen Clay Lamp | Material: Natural clay | Colour/finish: Natural earthy clay tone | Reference: 32 | Size: H 4.5 cm | Stock: 1000
C:\Dev\ram-potteey-ecom\public\product-images-optimized\clay-diya-local-ref-04-rs4-h4cm-d-6cm.webp,C:\Dev\ram-potteey-ecom\public\product-images-optimized,clay-diya-local-ref-04-rs4-h4cm-d-6cm.webp,Earthen Clay Lamp,Earthen Clay Lamp,Clay Diya Local Ref 04,clay-diya-local-ref-04,4,5,Best Deal,4,4,,"Handcrafted natural clay piece from Ram Pottery Mauritius, ideal for pooja, festivals, gifting, mandir décor and spiritual spaces.","Clay Diya Local Ref 04 is a handcrafted pooja and festive item from Ram Pottery Mauritius, suitable for prayers, ceremonies, celebrations and meaningful gifting.

This piece is ideal for pooja, festivals, gifting, mandir décor and spiritual spaces. Each item carries the natural charm of handmade pottery, with small variations in tone, texture and finish that make every product unique. It is a beautiful choice for customers looking for authentic Mauritian craftsmanship, meaningful gifts, traditional pieces and elegant décor.

Specifications:
- Category: Earthen Clay Lamp
- Material: Natural clay
- Colour/finish: Natural earthy clay tone
- Reference code: 04
- Approximate size: H 4 cm
- Price: Rs 4
- Origin: Ram Pottery Mauritius
- Care: Handle with care; wipe gently with a soft cloth; avoid sudden impact or harsh cleaning chemicals.",Clay Diya Local Ref 04 | Handmade Pottery Mauritius,"Buy Clay Diya Local Ref 04 from Ram Pottery Mauritius. Handmade natural clay for earthen clay lamp, décor, gifting and traditional use. Ref 04. Rs 4.",Clay Diya Local Ref 04 - Earthen Clay Lamp handmade by Ram Pottery Mauritius,clay-diya-local-ref-04-rs4-h4cm-d-6cm.webp,C:\Dev\ram-potteey-ecom\public\product-images-optimized\clay-diya-local-ref-04-rs4-h4cm-d-6cm.webp,1000,TRUE,TRUE,Natural clay,Natural earthy clay tone,Category: Earthen Clay Lamp | Material: Natural clay | Colour/finish: Natural earthy clay tone | Reference: 04 | Size: H 4 cm | Stock: 1000
C:\Dev\ram-potteey-ecom\public\product-images-optimized\clay-diya-local-medium-size-ref-108-rs-35-h5cm-w11cm.webp,C:\Dev\ram-potteey-ecom\public\product-images-optimized,clay-diya-local-medium-size-ref-108-rs-35-h5cm-w11cm.webp,Earthen Clay Lamp,Earthen Clay Lamp,Clay Diya Local Medium Size Ref 108,clay-diya-local-medium-size-ref-108,35,44,Best Deal,108,5,11,"Handcrafted natural clay piece from Ram Pottery Mauritius, ideal for pooja, festivals, gifting, mandir décor and spiritual spaces.","Clay Diya Local Medium Size Ref 108 is a handcrafted pooja and festive item from Ram Pottery Mauritius, suitable for prayers, ceremonies, celebrations and meaningful gifting.

This piece is ideal for pooja, festivals, gifting, mandir décor and spiritual spaces. Each item carries the natural charm of handmade pottery, with small variations in tone, texture and finish that make every product unique. It is a beautiful choice for customers looking for authentic Mauritian craftsmanship, meaningful gifts, traditional pieces and elegant décor.

Specifications:
- Category: Earthen Clay Lamp
- Material: Natural clay
- Colour/finish: Natural earthy clay tone
- Reference code: 108
- Approximate size: H 5 cm × W/D 11 cm
- Price: Rs 35
- Origin: Ram Pottery Mauritius
- Care: Handle with care; wipe gently with a soft cloth; avoid sudden impact or harsh cleaning chemicals.",Clay Diya Local Medium Size Ref 108 | Handmade Pottery Mauritius,"Buy Clay Diya Local Medium Size Ref 108 from Ram Pottery Mauritius. Handmade natural clay for earthen clay lamp, décor, gifting and traditional use. Ref 108. Rs 35.",Clay Diya Local Medium Size Ref 108 - Earthen Clay Lamp handmade by Ram Pottery Mauritius,clay-diya-local-medium-size-ref-108-rs-35-h5cm-w11cm.webp,C:\Dev\ram-potteey-ecom\public\product-images-optimized\clay-diya-local-medium-size-ref-108-rs-35-h5cm-w11cm.webp,1000,TRUE,TRUE,Natural clay,Natural earthy clay tone,Category: Earthen Clay Lamp | Material: Natural clay | Colour/finish: Natural earthy clay tone | Reference: 108 | Size: H 5 cm × W/D 11 cm | Stock: 1000
C:\Dev\ram-potteey-ecom\public\product-images-optimized\clay-diya-local-ref-01-rs-3-h3cm-w4cm.webp,C:\Dev\ram-potteey-ecom\public\product-images-optimized,clay-diya-local-ref-01-rs-3-h3cm-w4cm.webp,Earthen Clay Lamp,Earthen Clay Lamp,Clay Diya Local Ref 01,clay-diya-local-ref-01,3,4,Best Deal,1,3,4,"Handcrafted natural clay piece from Ram Pottery Mauritius, ideal for pooja, festivals, gifting, mandir décor and spiritual spaces.","Clay Diya Local Ref 01 is a handcrafted pooja and festive item from Ram Pottery Mauritius, suitable for prayers, ceremonies, celebrations and meaningful gifting.

This piece is ideal for pooja, festivals, gifting, mandir décor and spiritual spaces. Each item carries the natural charm of handmade pottery, with small variations in tone, texture and finish that make every product unique. It is a beautiful choice for customers looking for authentic Mauritian craftsmanship, meaningful gifts, traditional pieces and elegant décor.

Specifications:
- Category: Earthen Clay Lamp
- Material: Natural clay
- Colour/finish: Natural earthy clay tone
- Reference code: 01
- Approximate size: H 3 cm × W/D 4 cm
- Price: Rs 3
- Origin: Ram Pottery Mauritius
- Care: Handle with care; wipe gently with a soft cloth; avoid sudden impact or harsh cleaning chemicals.",Clay Diya Local Ref 01 | Handmade Pottery Mauritius,"Buy Clay Diya Local Ref 01 from Ram Pottery Mauritius. Handmade natural clay for earthen clay lamp, décor, gifting and traditional use. Ref 01. Rs 3.",Clay Diya Local Ref 01 - Earthen Clay Lamp handmade by Ram Pottery Mauritius,clay-diya-local-ref-01-rs-3-h3cm-w4cm.webp,C:\Dev\ram-potteey-ecom\public\product-images-optimized\clay-diya-local-ref-01-rs-3-h3cm-w4cm.webp,1000,TRUE,TRUE,Natural clay,Natural earthy clay tone,Category: Earthen Clay Lamp | Material: Natural clay | Colour/finish: Natural earthy clay tone | Reference: 01 | Size: H 3 cm × W/D 4 cm | Stock: 1000
C:\Dev\ram-potteey-ecom\public\product-images-optimized\clay-diya-ref-17-rs-8-h4cm-d7cm.webp,C:\Dev\ram-potteey-ecom\public\product-images-optimized,clay-diya-ref-17-rs-8-h4cm-d7cm.webp,Earthen Clay Lamp,Earthen Clay Lamp,Clay Diya Ref 17,clay-diya-ref-17,8,10,Best Deal,17,4,,"Handcrafted natural clay piece from Ram Pottery Mauritius, ideal for pooja, festivals, gifting, mandir décor and spiritual spaces.","Clay Diya Ref 17 is a handcrafted pooja and festive item from Ram Pottery Mauritius, suitable for prayers, ceremonies, celebrations and meaningful gifting.

This piece is ideal for pooja, festivals, gifting, mandir décor and spiritual spaces. Each item carries the natural charm of handmade pottery, with small variations in tone, texture and finish that make every product unique. It is a beautiful choice for customers looking for authentic Mauritian craftsmanship, meaningful gifts, traditional pieces and elegant décor.

Specifications:
- Category: Earthen Clay Lamp
- Material: Natural clay
- Colour/finish: Natural earthy clay tone
- Reference code: 17
- Approximate size: H 4 cm
- Price: Rs 8
- Origin: Ram Pottery Mauritius
- Care: Handle with care; wipe gently with a soft cloth; avoid sudden impact or harsh cleaning chemicals.",Clay Diya Ref 17 | Handmade Pottery Mauritius,"Buy Clay Diya Ref 17 from Ram Pottery Mauritius. Handmade natural clay for earthen clay lamp, décor, gifting and traditional use. Ref 17. Rs 8.",Clay Diya Ref 17 - Earthen Clay Lamp handmade by Ram Pottery Mauritius,clay-diya-ref-17-rs-8-h4cm-d7cm.webp,C:\Dev\ram-potteey-ecom\public\product-images-optimized\clay-diya-ref-17-rs-8-h4cm-d7cm.webp,1000,TRUE,TRUE,Natural clay,Natural earthy clay tone,Category: Earthen Clay Lamp | Material: Natural clay | Colour/finish: Natural earthy clay tone | Reference: 17 | Size: H 4 cm | Stock: 1000
C:\Dev\ram-potteey-ecom\public\product-images-optimized\clay-diya-ref-18-rs-8-h4cm-d7cn.webp,C:\Dev\ram-potteey-ecom\public\product-images-optimized,clay-diya-ref-18-rs-8-h4cm-d7cn.webp,Earthen Clay Lamp,Earthen Clay Lamp,Clay Diya D7cn Ref 18,clay-diya-d7cn-ref-18,8,10,Best Deal,18,4,,"Handcrafted natural clay piece from Ram Pottery Mauritius, ideal for pooja, festivals, gifting, mandir décor and spiritual spaces.","Clay Diya D7cn Ref 18 is a handcrafted pooja and festive item from Ram Pottery Mauritius, suitable for prayers, ceremonies, celebrations and meaningful gifting.

This piece is ideal for pooja, festivals, gifting, mandir décor and spiritual spaces. Each item carries the natural charm of handmade pottery, with small variations in tone, texture and finish that make every product unique. It is a beautiful choice for customers looking for authentic Mauritian craftsmanship, meaningful gifts, traditional pieces and elegant décor.

Specifications:
- Category: Earthen Clay Lamp
- Material: Natural clay
- Colour/finish: Natural earthy clay tone
- Reference code: 18
- Approximate size: H 4 cm
- Price: Rs 8
- Origin: Ram Pottery Mauritius
- Care: Handle with care; wipe gently with a soft cloth; avoid sudden impact or harsh cleaning chemicals.",Clay Diya D7cn Ref 18 | Handmade Pottery Mauritius,"Buy Clay Diya D7cn Ref 18 from Ram Pottery Mauritius. Handmade natural clay for earthen clay lamp, décor, gifting and traditional use. Ref 18. Rs 8.",Clay Diya D7cn Ref 18 - Earthen Clay Lamp handmade by Ram Pottery Mauritius,clay-diya-ref-18-rs-8-h4cm-d7cn.webp,C:\Dev\ram-potteey-ecom\public\product-images-optimized\clay-diya-ref-18-rs-8-h4cm-d7cn.webp,1000,TRUE,TRUE,Natural clay,Natural earthy clay tone,Category: Earthen Clay Lamp | Material: Natural clay | Colour/finish: Natural earthy clay tone | Reference: 18 | Size: H 4 cm | Stock: 1000
C:\Dev\ram-potteey-ecom\public\product-images-optimized\clay-diya-small-size-ref-02-rs-2-h2cm-w4cm.webp,C:\Dev\ram-potteey-ecom\public\product-images-optimized,clay-diya-small-size-ref-02-rs-2-h2cm-w4cm.webp,Earthen Clay Lamp,Earthen Clay Lamp,Clay Diya Small Size Ref 02,clay-diya-small-size-ref-02,2,3,Best Deal,2,2,4,"Handcrafted natural clay piece from Ram Pottery Mauritius, ideal for pooja, festivals, gifting, mandir décor and spiritual spaces.","Clay Diya Small Size Ref 02 is a handcrafted pooja and festive item from Ram Pottery Mauritius, suitable for prayers, ceremonies, celebrations and meaningful gifting.

This piece is ideal for pooja, festivals, gifting, mandir décor and spiritual spaces. Each item carries the natural charm of handmade pottery, with small variations in tone, texture and finish that make every product unique. It is a beautiful choice for customers looking for authentic Mauritian craftsmanship, meaningful gifts, traditional pieces and elegant décor.

Specifications:
- Category: Earthen Clay Lamp
- Material: Natural clay
- Colour/finish: Natural earthy clay tone
- Reference code: 02
- Approximate size: H 2 cm × W/D 4 cm
- Price: Rs 2
- Origin: Ram Pottery Mauritius
- Care: Handle with care; wipe gently with a soft cloth; avoid sudden impact or harsh cleaning chemicals.",Clay Diya Small Size Ref 02 | Handmade Pottery Mauritius,"Buy Clay Diya Small Size Ref 02 from Ram Pottery Mauritius. Handmade natural clay for earthen clay lamp, décor, gifting and traditional use. Ref 02. Rs 2.",Clay Diya Small Size Ref 02 - Earthen Clay Lamp handmade by Ram Pottery Mauritius,clay-diya-small-size-ref-02-rs-2-h2cm-w4cm.webp,C:\Dev\ram-potteey-ecom\public\product-images-optimized\clay-diya-small-size-ref-02-rs-2-h2cm-w4cm.webp,1000,TRUE,TRUE,Natural clay,Natural earthy clay tone,Category: Earthen Clay Lamp | Material: Natural clay | Colour/finish: Natural earthy clay tone | Reference: 02 | Size: H 2 cm × W/D 4 cm | Stock: 1000
C:\Dev\ram-potteey-ecom\public\product-images-optimized\clay-diya-with-design-ref-47-rs-8-h3cm-d7cm.webp,C:\Dev\ram-potteey-ecom\public\product-images-optimized,clay-diya-with-design-ref-47-rs-8-h3cm-d7cm.webp,Earthen Clay Lamp,Earthen Clay Lamp,Clay Diya with Design Ref 47,clay-diya-with-design-ref-47,8,10,Best Deal,47,3,,"Handcrafted natural clay piece from Ram Pottery Mauritius, ideal for pooja, festivals, gifting, mandir décor and spiritual spaces.","Clay Diya with Design Ref 47 is a handcrafted pooja and festive item from Ram Pottery Mauritius, suitable for prayers, ceremonies, celebrations and meaningful gifting.

This piece is ideal for pooja, festivals, gifting, mandir décor and spiritual spaces. Each item carries the natural charm of handmade pottery, with small variations in tone, texture and finish that make every product unique. It is a beautiful choice for customers looking for authentic Mauritian craftsmanship, meaningful gifts, traditional pieces and elegant décor.

Specifications:
- Category: Earthen Clay Lamp
- Material: Natural clay
- Colour/finish: Natural earthy clay tone
- Reference code: 47
- Approximate size: H 3 cm
- Price: Rs 8
- Origin: Ram Pottery Mauritius
- Care: Handle with care; wipe gently with a soft cloth; avoid sudden impact or harsh cleaning chemicals.",Clay Diya with Design Ref 47 | Handmade Pottery Mauritius,"Buy Clay Diya with Design Ref 47 from Ram Pottery Mauritius. Handmade natural clay for earthen clay lamp, décor, gifting and traditional use. Ref 47. Rs 8.",Clay Diya with Design Ref 47 - Earthen Clay Lamp handmade by Ram Pottery Mauritius,clay-diya-with-design-ref-47-rs-8-h3cm-d7cm.webp,C:\Dev\ram-potteey-ecom\public\product-images-optimized\clay-diya-with-design-ref-47-rs-8-h3cm-d7cm.webp,1000,TRUE,TRUE,Natural clay,Natural earthy clay tone,Category: Earthen Clay Lamp | Material: Natural clay | Colour/finish: Natural earthy clay tone | Reference: 47 | Size: H 3 cm | Stock: 1000
C:\Dev\ram-potteey-ecom\public\product-images-optimized\clay-diya-with-design-big-size-ref-203-rs-45-h4cm-d14mc.webp,C:\Dev\ram-potteey-ecom\public\product-images-optimized,clay-diya-with-design-big-size-ref-203-rs-45-h4cm-d14mc.webp,Earthen Clay Lamp,Earthen Clay Lamp,Clay Diya with Design Big Size D14mc Ref 203,clay-diya-with-design-big-size-d14mc-ref-203,45,57,Best Deal,203,4,,"Handcrafted natural clay piece from Ram Pottery Mauritius, ideal for pooja, festivals, gifting, mandir décor and spiritual spaces.","Clay Diya with Design Big Size D14mc Ref 203 is a handcrafted pooja and festive item from Ram Pottery Mauritius, suitable for prayers, ceremonies, celebrations and meaningful gifting.

This piece is ideal for pooja, festivals, gifting, mandir décor and spiritual spaces. Each item carries the natural charm of handmade pottery, with small variations in tone, texture and finish that make every product unique. It is a beautiful choice for customers looking for authentic Mauritian craftsmanship, meaningful gifts, traditional pieces and elegant décor.

Specifications:
- Category: Earthen Clay Lamp
- Material: Natural clay
- Colour/finish: Natural earthy clay tone
- Reference code: 203
- Approximate size: H 4 cm
- Price: Rs 45
- Origin: Ram Pottery Mauritius
- Care: Handle with care; wipe gently with a soft cloth; avoid sudden impact or harsh cleaning chemicals.",Clay Diya with Design Big Size D14mc Ref 203 | Handmade Pottery Mauritius,"Buy Clay Diya with Design Big Size D14mc Ref 203 from Ram Pottery Mauritius. Handmade natural clay for earthen clay lamp, décor, gifting and traditional use. Ref 203. Rs 45.",Clay Diya with Design Big Size D14mc Ref 203 - Earthen Clay Lamp handmade by Ram Pottery Mauritius,clay-diya-with-design-big-size-ref-203-rs-45-h4cm-d14mc.webp,C:\Dev\ram-potteey-ecom\public\product-images-optimized\clay-diya-with-design-big-size-ref-203-rs-45-h4cm-d14mc.webp,1000,TRUE,TRUE,Natural clay,Natural earthy clay tone,Category: Earthen Clay Lamp | Material: Natural clay | Colour/finish: Natural earthy clay tone | Reference: 203 | Size: H 4 cm | Stock: 1000
C:\Dev\ram-potteey-ecom\public\product-images-optimized\clay-diya-with-design-ref-30-rs-8-h-3cm-d7cm.webp,C:\Dev\ram-potteey-ecom\public\product-images-optimized,clay-diya-with-design-ref-30-rs-8-h-3cm-d7cm.webp,Earthen Clay Lamp,Earthen Clay Lamp,Clay Diya with Design Ref 30,clay-diya-with-design-ref-30,8,10,Best Deal,30,3,,"Handcrafted natural clay piece from Ram Pottery Mauritius, ideal for pooja, festivals, gifting, mandir décor and spiritual spaces.","Clay Diya with Design Ref 30 is a handcrafted pooja and festive item from Ram Pottery Mauritius, suitable for prayers, ceremonies, celebrations and meaningful gifting.

This piece is ideal for pooja, festivals, gifting, mandir décor and spiritual spaces. Each item carries the natural charm of handmade pottery, with small variations in tone, texture and finish that make every product unique. It is a beautiful choice for customers looking for authentic Mauritian craftsmanship, meaningful gifts, traditional pieces and elegant décor.

Specifications:
- Category: Earthen Clay Lamp
- Material: Natural clay
- Colour/finish: Natural earthy clay tone
- Reference code: 30
- Approximate size: H 3 cm
- Price: Rs 8
- Origin: Ram Pottery Mauritius
- Care: Handle with care; wipe gently with a soft cloth; avoid sudden impact or harsh cleaning chemicals.",Clay Diya with Design Ref 30 | Handmade Pottery Mauritius,"Buy Clay Diya with Design Ref 30 from Ram Pottery Mauritius. Handmade natural clay for earthen clay lamp, décor, gifting and traditional use. Ref 30. Rs 8.",Clay Diya with Design Ref 30 - Earthen Clay Lamp handmade by Ram Pottery Mauritius,clay-diya-with-design-ref-30-rs-8-h-3cm-d7cm.webp,C:\Dev\ram-potteey-ecom\public\product-images-optimized\clay-diya-with-design-ref-30-rs-8-h-3cm-d7cm.webp,1000,TRUE,TRUE,Natural clay,Natural earthy clay tone,Category: Earthen Clay Lamp | Material: Natural clay | Colour/finish: Natural earthy clay tone | Reference: 30 | Size: H 3 cm | Stock: 1000
C:\Dev\ram-potteey-ecom\public\product-images-optimized\clay-diya-with-design-ref-103-rs-4-h3cm-d7c-m.webp,C:\Dev\ram-potteey-ecom\public\product-images-optimized,clay-diya-with-design-ref-103-rs-4-h3cm-d7c-m.webp,Earthen Clay Lamp,Earthen Clay Lamp,Clay Diya with Design D7c M Ref 103,clay-diya-with-design-d7c-m-ref-103,4,5,Best Deal,103,3,,"Handcrafted natural clay piece from Ram Pottery Mauritius, ideal for pooja, festivals, gifting, mandir décor and spiritual spaces.","Clay Diya with Design D7c M Ref 103 is a handcrafted pooja and festive item from Ram Pottery Mauritius, suitable for prayers, ceremonies, celebrations and meaningful gifting.

This piece is ideal for pooja, festivals, gifting, mandir décor and spiritual spaces. Each item carries the natural charm of handmade pottery, with small variations in tone, texture and finish that make every product unique. It is a beautiful choice for customers looking for authentic Mauritian craftsmanship, meaningful gifts, traditional pieces and elegant décor.

Specifications:
- Category: Earthen Clay Lamp
- Material: Natural clay
- Colour/finish: Natural earthy clay tone
- Reference code: 103
- Approximate size: H 3 cm
- Price: Rs 4
- Origin: Ram Pottery Mauritius
- Care: Handle with care; wipe gently with a soft cloth; avoid sudden impact or harsh cleaning chemicals.",Clay Diya with Design D7c M Ref 103 | Handmade Pottery Mauritius,"Buy Clay Diya with Design D7c M Ref 103 from Ram Pottery Mauritius. Handmade natural clay for earthen clay lamp, décor, gifting and traditional use. Ref 103. Rs 4.",Clay Diya with Design D7c M Ref 103 - Earthen Clay Lamp handmade by Ram Pottery Mauritius,clay-diya-with-design-ref-103-rs-4-h3cm-d7c-m.webp,C:\Dev\ram-potteey-ecom\public\product-images-optimized\clay-diya-with-design-ref-103-rs-4-h3cm-d7c-m.webp,1000,TRUE,TRUE,Natural clay,Natural earthy clay tone,Category: Earthen Clay Lamp | Material: Natural clay | Colour/finish: Natural earthy clay tone | Reference: 103 | Size: H 3 cm | Stock: 1000
C:\Dev\ram-potteey-ecom\public\product-images-optimized\clay-diya-with-design-ref-205-rs-45-h4cm-d14cm.webp,C:\Dev\ram-potteey-ecom\public\product-images-optimized,clay-diya-with-design-ref-205-rs-45-h4cm-d14cm.webp,Earthen Clay Lamp,Earthen Clay Lamp,Clay Diya with Design Ref 205,clay-diya-with-design-ref-205,45,57,Best Deal,205,4,,"Handcrafted natural clay piece from Ram Pottery Mauritius, ideal for pooja, festivals, gifting, mandir décor and spiritual spaces.","Clay Diya with Design Ref 205 is a handcrafted pooja and festive item from Ram Pottery Mauritius, suitable for prayers, ceremonies, celebrations and meaningful gifting.

This piece is ideal for pooja, festivals, gifting, mandir décor and spiritual spaces. Each item carries the natural charm of handmade pottery, with small variations in tone, texture and finish that make every product unique. It is a beautiful choice for customers looking for authentic Mauritian craftsmanship, meaningful gifts, traditional pieces and elegant décor.

Specifications:
- Category: Earthen Clay Lamp
- Material: Natural clay
- Colour/finish: Natural earthy clay tone
- Reference code: 205
- Approximate size: H 4 cm
- Price: Rs 45
- Origin: Ram Pottery Mauritius
- Care: Handle with care; wipe gently with a soft cloth; avoid sudden impact or harsh cleaning chemicals.",Clay Diya with Design Ref 205 | Handmade Pottery Mauritius,"Buy Clay Diya with Design Ref 205 from Ram Pottery Mauritius. Handmade natural clay for earthen clay lamp, décor, gifting and traditional use. Ref 205. Rs 45.",Clay Diya with Design Ref 205 - Earthen Clay Lamp handmade by Ram Pottery Mauritius,clay-diya-with-design-ref-205-rs-45-h4cm-d14cm.webp,C:\Dev\ram-potteey-ecom\public\product-images-optimized\clay-diya-with-design-ref-205-rs-45-h4cm-d14cm.webp,1000,TRUE,TRUE,Natural clay,Natural earthy clay tone,Category: Earthen Clay Lamp | Material: Natural clay | Colour/finish: Natural earthy clay tone | Reference: 205 | Size: H 4 cm | Stock: 1000
C:\Dev\ram-potteey-ecom\public\product-images-optimized\clay-diya-with-design-ref-58-rs-5-h3cm-d5cm.webp,C:\Dev\ram-potteey-ecom\public\product-images-optimized,clay-diya-with-design-ref-58-rs-5-h3cm-d5cm.webp,Earthen Clay Lamp,Earthen Clay Lamp,Clay Diya with Design Ref 58,clay-diya-with-design-ref-58,5,7,Best Deal,58,3,,"Handcrafted natural clay piece from Ram Pottery Mauritius, ideal for pooja, festivals, gifting, mandir décor and spiritual spaces.","Clay Diya with Design Ref 58 is a handcrafted pooja and festive item from Ram Pottery Mauritius, suitable for prayers, ceremonies, celebrations and meaningful gifting.

This piece is ideal for pooja, festivals, gifting, mandir décor and spiritual spaces. Each item carries the natural charm of handmade pottery, with small variations in tone, texture and finish that make every product unique. It is a beautiful choice for customers looking for authentic Mauritian craftsmanship, meaningful gifts, traditional pieces and elegant décor.

Specifications:
- Category: Earthen Clay Lamp
- Material: Natural clay
- Colour/finish: Natural earthy clay tone
- Reference code: 58
- Approximate size: H 3 cm
- Price: Rs 5
- Origin: Ram Pottery Mauritius
- Care: Handle with care; wipe gently with a soft cloth; avoid sudden impact or harsh cleaning chemicals.",Clay Diya with Design Ref 58 | Handmade Pottery Mauritius,"Buy Clay Diya with Design Ref 58 from Ram Pottery Mauritius. Handmade natural clay for earthen clay lamp, décor, gifting and traditional use. Ref 58. Rs 5.",Clay Diya with Design Ref 58 - Earthen Clay Lamp handmade by Ram Pottery Mauritius,clay-diya-with-design-ref-58-rs-5-h3cm-d5cm.webp,C:\Dev\ram-potteey-ecom\public\product-images-optimized\clay-diya-with-design-ref-58-rs-5-h3cm-d5cm.webp,1000,TRUE,TRUE,Natural clay,Natural earthy clay tone,Category: Earthen Clay Lamp | Material: Natural clay | Colour/finish: Natural earthy clay tone | Reference: 58 | Size: H 3 cm | Stock: 1000
C:\Dev\ram-potteey-ecom\public\product-images-optimized\clay-diya-with-design-rf-16-rs-6-h4cm-d6cm.webp,C:\Dev\ram-potteey-ecom\public\product-images-optimized,clay-diya-with-design-rf-16-rs-6-h4cm-d6cm.webp,Earthen Clay Lamp,Earthen Clay Lamp,Clay Diya with Design,clay-diya-with-design,6,8,Best Deal,,4,,"Handcrafted natural clay piece from Ram Pottery Mauritius, ideal for pooja, festivals, gifting, mandir décor and spiritual spaces.","Clay Diya with Design is a handcrafted pooja and festive item from Ram Pottery Mauritius, suitable for prayers, ceremonies, celebrations and meaningful gifting.

This piece is ideal for pooja, festivals, gifting, mandir décor and spiritual spaces. Each item carries the natural charm of handmade pottery, with small variations in tone, texture and finish that make every product unique. It is a beautiful choice for customers looking for authentic Mauritian craftsmanship, meaningful gifts, traditional pieces and elegant décor.

Specifications:
- Category: Earthen Clay Lamp
- Material: Natural clay
- Colour/finish: Natural earthy clay tone
- Approximate size: H 4 cm
- Price: Rs 6
- Origin: Ram Pottery Mauritius
- Care: Handle with care; wipe gently with a soft cloth; avoid sudden impact or harsh cleaning chemicals.",Clay Diya with Design | Handmade Pottery Mauritius,"Buy Clay Diya with Design from Ram Pottery Mauritius. Handmade natural clay for earthen clay lamp, décor, gifting and traditional use. Rs 6.",Clay Diya with Design - Earthen Clay Lamp handmade by Ram Pottery Mauritius,clay-diya-with-design-rf-16-rs-6-h4cm-d6cm.webp,C:\Dev\ram-potteey-ecom\public\product-images-optimized\clay-diya-with-design-rf-16-rs-6-h4cm-d6cm.webp,1000,TRUE,TRUE,Natural clay,Natural earthy clay tone,Category: Earthen Clay Lamp | Material: Natural clay | Colour/finish: Natural earthy clay tone | Size: H 4 cm | Stock: 1000
C:\Dev\ram-potteey-ecom\public\product-images-optimized\clay-diya-with-heart-shape-ref-105-rs-4-h3cm-d7cm.webp,C:\Dev\ram-potteey-ecom\public\product-images-optimized,clay-diya-with-heart-shape-ref-105-rs-4-h3cm-d7cm.webp,Earthen Clay Lamp,Earthen Clay Lamp,Clay Diya with Heart Shape Ref 105,clay-diya-with-heart-shape-ref-105,4,5,Best Deal,105,3,,"Handcrafted natural clay piece from Ram Pottery Mauritius, ideal for pooja, festivals, gifting, mandir décor and spiritual spaces.","Clay Diya with Heart Shape Ref 105 is a handcrafted pooja and festive item from Ram Pottery Mauritius, suitable for prayers, ceremonies, celebrations and meaningful gifting.

This piece is ideal for pooja, festivals, gifting, mandir décor and spiritual spaces. Each item carries the natural charm of handmade pottery, with small variations in tone, texture and finish that make every product unique. It is a beautiful choice for customers looking for authentic Mauritian craftsmanship, meaningful gifts, traditional pieces and elegant décor.

Specifications:
- Category: Earthen Clay Lamp
- Material: Natural clay
- Colour/finish: Natural earthy clay tone
- Reference code: 105
- Approximate size: H 3 cm
- Price: Rs 4
- Origin: Ram Pottery Mauritius
- Care: Handle with care; wipe gently with a soft cloth; avoid sudden impact or harsh cleaning chemicals.",Clay Diya with Heart Shape Ref 105 | Handmade Pottery Mauritius,"Buy Clay Diya with Heart Shape Ref 105 from Ram Pottery Mauritius. Handmade natural clay for earthen clay lamp, décor, gifting and traditional use. Ref 105. Rs 4.",Clay Diya with Heart Shape Ref 105 - Earthen Clay Lamp handmade by Ram Pottery Mauritius,clay-diya-with-heart-shape-ref-105-rs-4-h3cm-d7cm.webp,C:\Dev\ram-potteey-ecom\public\product-images-optimized\clay-diya-with-heart-shape-ref-105-rs-4-h3cm-d7cm.webp,1000,TRUE,TRUE,Natural clay,Natural earthy clay tone,Category: Earthen Clay Lamp | Material: Natural clay | Colour/finish: Natural earthy clay tone | Reference: 105 | Size: H 3 cm | Stock: 1000
C:\Dev\ram-potteey-ecom\public\product-images-optimized\clay-diya-with-heart-shape-ref-108-rs-9-h5cm-d-7cm.webp,C:\Dev\ram-potteey-ecom\public\product-images-optimized,clay-diya-with-heart-shape-ref-108-rs-9-h5cm-d-7cm.webp,Earthen Clay Lamp,Earthen Clay Lamp,Clay Diya with Heart Shape Ref 108,clay-diya-with-heart-shape-ref-108,9,12,Best Deal,108,5,,"Handcrafted natural clay piece from Ram Pottery Mauritius, ideal for pooja, festivals, gifting, mandir décor and spiritual spaces.","Clay Diya with Heart Shape Ref 108 is a handcrafted pooja and festive item from Ram Pottery Mauritius, suitable for prayers, ceremonies, celebrations and meaningful gifting.

This piece is ideal for pooja, festivals, gifting, mandir décor and spiritual spaces. Each item carries the natural charm of handmade pottery, with small variations in tone, texture and finish that make every product unique. It is a beautiful choice for customers looking for authentic Mauritian craftsmanship, meaningful gifts, traditional pieces and elegant décor.

Specifications:
- Category: Earthen Clay Lamp
- Material: Natural clay
- Colour/finish: Natural earthy clay tone
- Reference code: 108
- Approximate size: H 5 cm
- Price: Rs 9
- Origin: Ram Pottery Mauritius
- Care: Handle with care; wipe gently with a soft cloth; avoid sudden impact or harsh cleaning chemicals.",Clay Diya with Heart Shape Ref 108 | Handmade Pottery Mauritius,"Buy Clay Diya with Heart Shape Ref 108 from Ram Pottery Mauritius. Handmade natural clay for earthen clay lamp, décor, gifting and traditional use. Ref 108. Rs 9.",Clay Diya with Heart Shape Ref 108 - Earthen Clay Lamp handmade by Ram Pottery Mauritius,clay-diya-with-heart-shape-ref-108-rs-9-h5cm-d-7cm.webp,C:\Dev\ram-potteey-ecom\public\product-images-optimized\clay-diya-with-heart-shape-ref-108-rs-9-h5cm-d-7cm.webp,1000,TRUE,TRUE,Natural clay,Natural earthy clay tone,Category: Earthen Clay Lamp | Material: Natural clay | Colour/finish: Natural earthy clay tone | Reference: 108 | Size: H 5 cm | Stock: 1000
C:\Dev\ram-potteey-ecom\public\product-images-optimized\cllay-diya-with-heart-shape-rf-204-rs-45-h4cm-d12cm.webp,C:\Dev\ram-potteey-ecom\public\product-images-optimized,cllay-diya-with-heart-shape-rf-204-rs-45-h4cm-d12cm.webp,Earthen Clay Lamp,Earthen Clay Lamp,Cllay Diya with Heart Shape,cllay-diya-with-heart-shape,45,57,Best Deal,,4,,"Handcrafted natural clay piece from Ram Pottery Mauritius, ideal for pooja, festivals, gifting, mandir décor and spiritual spaces.","Cllay Diya with Heart Shape is a handcrafted pooja and festive item from Ram Pottery Mauritius, suitable for prayers, ceremonies, celebrations and meaningful gifting.

This piece is ideal for pooja, festivals, gifting, mandir décor and spiritual spaces. Each item carries the natural charm of handmade pottery, with small variations in tone, texture and finish that make every product unique. It is a beautiful choice for customers looking for authentic Mauritian craftsmanship, meaningful gifts, traditional pieces and elegant décor.

Specifications:
- Category: Earthen Clay Lamp
- Material: Natural clay
- Colour/finish: Natural earthy clay tone
- Approximate size: H 4 cm
- Price: Rs 45
- Origin: Ram Pottery Mauritius
- Care: Handle with care; wipe gently with a soft cloth; avoid sudden impact or harsh cleaning chemicals.",Cllay Diya with Heart Shape | Handmade Pottery Mauritius,"Buy Cllay Diya with Heart Shape from Ram Pottery Mauritius. Handmade natural clay for earthen clay lamp, décor, gifting and traditional use. Rs 45.",Cllay Diya with Heart Shape - Earthen Clay Lamp handmade by Ram Pottery Mauritius,cllay-diya-with-heart-shape-rf-204-rs-45-h4cm-d12cm.webp,C:\Dev\ram-potteey-ecom\public\product-images-optimized\cllay-diya-with-heart-shape-rf-204-rs-45-h4cm-d12cm.webp,1000,TRUE,TRUE,Natural clay,Natural earthy clay tone,Category: Earthen Clay Lamp | Material: Natural clay | Colour/finish: Natural earthy clay tone | Size: H 4 cm | Stock: 1000
C:\Dev\ram-potteey-ecom\public\product-images-optimized\plain-clay-diya-ref-104-rs-3-d5cm-hcm.webp,C:\Dev\ram-potteey-ecom\public\product-images-optimized,plain-clay-diya-ref-104-rs-3-d5cm-hcm.webp,Earthen Clay Lamp,Earthen Clay Lamp,Plain Clay Diya Hcm Ref 104,plain-clay-diya-hcm-ref-104,3,4,Best Deal,104,,,"Handcrafted natural clay piece from Ram Pottery Mauritius, ideal for pooja, festivals, gifting, mandir décor and spiritual spaces.","Plain Clay Diya Hcm Ref 104 is a handcrafted pooja and festive item from Ram Pottery Mauritius, suitable for prayers, ceremonies, celebrations and meaningful gifting.

This piece is ideal for pooja, festivals, gifting, mandir décor and spiritual spaces. Each item carries the natural charm of handmade pottery, with small variations in tone, texture and finish that make every product unique. It is a beautiful choice for customers looking for authentic Mauritian craftsmanship, meaningful gifts, traditional pieces and elegant décor.

Specifications:
- Category: Earthen Clay Lamp
- Material: Natural clay
- Colour/finish: Natural earthy clay tone
- Reference code: 104
- Approximate size: W/D 5 cm
- Price: Rs 3
- Origin: Ram Pottery Mauritius
- Care: Handle with care; wipe gently with a soft cloth; avoid sudden impact or harsh cleaning chemicals.",Plain Clay Diya Hcm Ref 104 | Handmade Pottery Mauritius,"Buy Plain Clay Diya Hcm Ref 104 from Ram Pottery Mauritius. Handmade natural clay for earthen clay lamp, décor, gifting and traditional use. Ref 104. Rs 3.",Plain Clay Diya Hcm Ref 104 - Earthen Clay Lamp handmade by Ram Pottery Mauritius,plain-clay-diya-ref-104-rs-3-d5cm-hcm.webp,C:\Dev\ram-potteey-ecom\public\product-images-optimized\plain-clay-diya-ref-104-rs-3-d5cm-hcm.webp,1000,TRUE,TRUE,Natural clay,Natural earthy clay tone,Category: Earthen Clay Lamp | Material: Natural clay | Colour/finish: Natural earthy clay tone | Reference: 104 | Size: W/D 5 cm | Stock: 1000
C:\Dev\ram-potteey-ecom\public\product-images-optimized\clay-aashtray-h-7cm-d10cm-rs-450.webp,C:\Dev\ram-potteey-ecom\public\product-images-optimized,clay-aashtray-h-7cm-d10cm-rs-450.webp,other category,Others,Clay Aashtray,clay-aashtray,450,563,Best Deal,,7,,"Handcrafted natural clay piece from Ram Pottery Mauritius, ideal for home décor, gifting, cultural events, hotels, boutiques and premium artisan styling.","Clay Aashtray is a handmade artisan product from Ram Pottery Mauritius, crafted with care for homes, gifts, ceremonies and premium décor settings.

This piece is ideal for home décor, gifting, cultural events, hotels, boutiques and premium artisan styling. Each item carries the natural charm of handmade pottery, with small variations in tone, texture and finish that make every product unique. It is a beautiful choice for customers looking for authentic Mauritian craftsmanship, meaningful gifts, traditional pieces and elegant décor.

Specifications:
- Category: Others
- Material: Natural clay
- Colour/finish: Natural earthy clay tone
- Approximate size: H 7 cm
- Price: Rs 450
- Origin: Ram Pottery Mauritius
- Care: Handle with care; wipe gently with a soft cloth; avoid sudden impact or harsh cleaning chemicals.",Clay Aashtray | Handmade Pottery Mauritius,"Buy Clay Aashtray from Ram Pottery Mauritius. Handmade natural clay for others, décor, gifting and traditional use. Rs 450.",Clay Aashtray - Others handmade by Ram Pottery Mauritius,clay-aashtray-h-7cm-d10cm-rs-450.webp,C:\Dev\ram-potteey-ecom\public\product-images-optimized\clay-aashtray-h-7cm-d10cm-rs-450.webp,1000,TRUE,TRUE,Natural clay,Natural earthy clay tone,Category: Others | Material: Natural clay | Colour/finish: Natural earthy clay tone | Size: H 7 cm | Stock: 1000
C:\Dev\ram-potteey-ecom\public\product-images-optimized\clay-bathing-brush-rs-40-w10cm.webp,C:\Dev\ram-potteey-ecom\public\product-images-optimized,clay-bathing-brush-rs-40-w10cm.webp,other category,Others,Clay Bathing Brush,clay-bathing-brush,40,50,Best Deal,,,10,"Handcrafted natural clay piece from Ram Pottery Mauritius, ideal for home décor, gifting, cultural events, hotels, boutiques and premium artisan styling.","Clay Bathing Brush is a handmade artisan product from Ram Pottery Mauritius, crafted with care for homes, gifts, ceremonies and premium décor settings.

This piece is ideal for home décor, gifting, cultural events, hotels, boutiques and premium artisan styling. Each item carries the natural charm of handmade pottery, with small variations in tone, texture and finish that make every product unique. It is a beautiful choice for customers looking for authentic Mauritian craftsmanship, meaningful gifts, traditional pieces and elegant décor.

Specifications:
- Category: Others
- Material: Natural clay
- Colour/finish: Natural earthy clay tone
- Approximate size: W/D 10 cm
- Price: Rs 40
- Origin: Ram Pottery Mauritius
- Care: Handle with care; wipe gently with a soft cloth; avoid sudden impact or harsh cleaning chemicals.",Clay Bathing Brush | Handmade Pottery Mauritius,"Buy Clay Bathing Brush from Ram Pottery Mauritius. Handmade natural clay for others, décor, gifting and traditional use. Rs 40.",Clay Bathing Brush - Others handmade by Ram Pottery Mauritius,clay-bathing-brush-rs-40-w10cm.webp,C:\Dev\ram-potteey-ecom\public\product-images-optimized\clay-bathing-brush-rs-40-w10cm.webp,1000,TRUE,TRUE,Natural clay,Natural earthy clay tone,Category: Others | Material: Natural clay | Colour/finish: Natural earthy clay tone | Size: W/D 10 cm | Stock: 1000
C:\Dev\ram-potteey-ecom\public\product-images-optimized\clay-chilium-rs-125-ref-10094-w9cm.webp,C:\Dev\ram-potteey-ecom\public\product-images-optimized,clay-chilium-rs-125-ref-10094-w9cm.webp,other category,Others,Clay Chilium Ref 10094,clay-chilium-ref-10094,125,157,Best Deal,10094,,9,"Handcrafted natural clay piece from Ram Pottery Mauritius, ideal for home décor, gifting, cultural events, hotels, boutiques and premium artisan styling.","Clay Chilium Ref 10094 is a handmade artisan product from Ram Pottery Mauritius, crafted with care for homes, gifts, ceremonies and premium décor settings.

This piece is ideal for home décor, gifting, cultural events, hotels, boutiques and premium artisan styling. Each item carries the natural charm of handmade pottery, with small variations in tone, texture and finish that make every product unique. It is a beautiful choice for customers looking for authentic Mauritian craftsmanship, meaningful gifts, traditional pieces and elegant décor.

Specifications:
- Category: Others
- Material: Natural clay
- Colour/finish: Natural earthy clay tone
- Reference code: 10094
- Approximate size: W/D 9 cm
- Price: Rs 125
- Origin: Ram Pottery Mauritius
- Care: Handle with care; wipe gently with a soft cloth; avoid sudden impact or harsh cleaning chemicals.",Clay Chilium Ref 10094 | Handmade Pottery Mauritius,"Buy Clay Chilium Ref 10094 from Ram Pottery Mauritius. Handmade natural clay for others, décor, gifting and traditional use. Ref 10094. Rs 125.",Clay Chilium Ref 10094 - Others handmade by Ram Pottery Mauritius,clay-chilium-rs-125-ref-10094-w9cm.webp,C:\Dev\ram-potteey-ecom\public\product-images-optimized\clay-chilium-rs-125-ref-10094-w9cm.webp,1000,TRUE,TRUE,Natural clay,Natural earthy clay tone,Category: Others | Material: Natural clay | Colour/finish: Natural earthy clay tone | Reference: 10094 | Size: W/D 9 cm | Stock: 1000
C:\Dev\ram-potteey-ecom\public\product-images-optimized\clay-mosquito-coil-holder-rs-350-ref-10414ind.webp,C:\Dev\ram-potteey-ecom\public\product-images-optimized,clay-mosquito-coil-holder-rs-350-ref-10414ind.webp,other category,Others,Clay Mosquito Coil Holder Ref 10414IND,clay-mosquito-coil-holder-ref-10414ind,350,438,Best Deal,10414IND,,,"Handcrafted natural clay piece from Ram Pottery Mauritius, ideal for home décor, gifting, cultural events, hotels, boutiques and premium artisan styling.","Clay Mosquito Coil Holder Ref 10414IND is a handmade artisan product from Ram Pottery Mauritius, crafted with care for homes, gifts, ceremonies and premium décor settings.

This piece is ideal for home décor, gifting, cultural events, hotels, boutiques and premium artisan styling. Each item carries the natural charm of handmade pottery, with small variations in tone, texture and finish that make every product unique. It is a beautiful choice for customers looking for authentic Mauritian craftsmanship, meaningful gifts, traditional pieces and elegant décor.

Specifications:
- Category: Others
- Material: Natural clay
- Colour/finish: Natural earthy clay tone
- Reference code: 10414IND
- Approximate size: Approximate size shown in product image
- Price: Rs 350
- Origin: Ram Pottery Mauritius
- Care: Handle with care; wipe gently with a soft cloth; avoid sudden impact or harsh cleaning chemicals.",Clay Mosquito Coil Holder Ref 10414IND | Handmade Pottery Mauritius,"Buy Clay Mosquito Coil Holder Ref 10414IND from Ram Pottery Mauritius. Handmade natural clay for others, décor, gifting and traditional use. Ref 10414IND. Rs 350.",Clay Mosquito Coil Holder Ref 10414IND - Others handmade by Ram Pottery Mauritius,clay-mosquito-coil-holder-rs-350-ref-10414ind.webp,C:\Dev\ram-potteey-ecom\public\product-images-optimized\clay-mosquito-coil-holder-rs-350-ref-10414ind.webp,1000,TRUE,TRUE,Natural clay,Natural earthy clay tone,Category: Others | Material: Natural clay | Colour/finish: Natural earthy clay tone | Reference: 10414IND | Size: Approximate size shown in product image | Stock: 1000
C:\Dev\ram-potteey-ecom\public\product-images-optimized\clay-mosquito-coil-holder-rs-629-ref-10415chn.webp,C:\Dev\ram-potteey-ecom\public\product-images-optimized,clay-mosquito-coil-holder-rs-629-ref-10415chn.webp,other category,Others,Clay Mosquito Coil Holder Ref 10415CHN,clay-mosquito-coil-holder-ref-10415chn,629,787,Best Deal,10415CHN,,,"Handcrafted natural clay piece from Ram Pottery Mauritius, ideal for home décor, gifting, cultural events, hotels, boutiques and premium artisan styling.","Clay Mosquito Coil Holder Ref 10415CHN is a handmade artisan product from Ram Pottery Mauritius, crafted with care for homes, gifts, ceremonies and premium décor settings.

This piece is ideal for home décor, gifting, cultural events, hotels, boutiques and premium artisan styling. Each item carries the natural charm of handmade pottery, with small variations in tone, texture and finish that make every product unique. It is a beautiful choice for customers looking for authentic Mauritian craftsmanship, meaningful gifts, traditional pieces and elegant décor.

Specifications:
- Category: Others
- Material: Natural clay
- Colour/finish: Natural earthy clay tone
- Reference code: 10415CHN
- Approximate size: Approximate size shown in product image
- Price: Rs 629
- Origin: Ram Pottery Mauritius
- Care: Handle with care; wipe gently with a soft cloth; avoid sudden impact or harsh cleaning chemicals.",Clay Mosquito Coil Holder Ref 10415CHN | Handmade Pottery Mauritius,"Buy Clay Mosquito Coil Holder Ref 10415CHN from Ram Pottery Mauritius. Handmade natural clay for others, décor, gifting and traditional use. Ref 10415CHN. Rs 629.",Clay Mosquito Coil Holder Ref 10415CHN - Others handmade by Ram Pottery Mauritius,clay-mosquito-coil-holder-rs-629-ref-10415chn.webp,C:\Dev\ram-potteey-ecom\public\product-images-optimized\clay-mosquito-coil-holder-rs-629-ref-10415chn.webp,1000,TRUE,TRUE,Natural clay,Natural earthy clay tone,Category: Others | Material: Natural clay | Colour/finish: Natural earthy clay tone | Reference: 10415CHN | Size: Approximate size shown in product image | Stock: 1000
C:\Dev\ram-potteey-ecom\public\product-images-optimized\clay-piggy-bank-h-20cm-rs-250.webp,C:\Dev\ram-potteey-ecom\public\product-images-optimized,clay-piggy-bank-h-20cm-rs-250.webp,other category,Others,Clay Piggy Bank,clay-piggy-bank,250,313,Best Deal,,20,,"Handcrafted natural clay piece from Ram Pottery Mauritius, ideal for home décor, gifting, cultural events, hotels, boutiques and premium artisan styling.","Clay Piggy Bank is a handmade artisan product from Ram Pottery Mauritius, crafted with care for homes, gifts, ceremonies and premium décor settings.

This piece is ideal for home décor, gifting, cultural events, hotels, boutiques and premium artisan styling. Each item carries the natural charm of handmade pottery, with small variations in tone, texture and finish that make every product unique. It is a beautiful choice for customers looking for authentic Mauritian craftsmanship, meaningful gifts, traditional pieces and elegant décor.

Specifications:
- Category: Others
- Material: Natural clay
- Colour/finish: Natural earthy clay tone
- Approximate size: H 20 cm
- Price: Rs 250
- Origin: Ram Pottery Mauritius
- Care: Handle with care; wipe gently with a soft cloth; avoid sudden impact or harsh cleaning chemicals.",Clay Piggy Bank | Handmade Pottery Mauritius,"Buy Clay Piggy Bank from Ram Pottery Mauritius. Handmade natural clay for others, décor, gifting and traditional use. Rs 250.",Clay Piggy Bank - Others handmade by Ram Pottery Mauritius,clay-piggy-bank-h-20cm-rs-250.webp,C:\Dev\ram-potteey-ecom\public\product-images-optimized\clay-piggy-bank-h-20cm-rs-250.webp,1000,TRUE,TRUE,Natural clay,Natural earthy clay tone,Category: Others | Material: Natural clay | Colour/finish: Natural earthy clay tone | Size: H 20 cm | Stock: 1000
C:\Dev\ram-potteey-ecom\public\product-images-optimized\clay-diya-with-wax-6pcs-rs180.webp,C:\Dev\ram-potteey-ecom\public\product-images-optimized,clay-diya-with-wax-6pcs-rs180.webp,Painting & wax lamp,Painting & Wax Lamp,Clay Diya with Wax 6pcs,clay-diya-with-wax-6pcs,180,225,Best Deal,,,,"Handcrafted natural clay piece from Ram Pottery Mauritius, ideal for pooja, festivals, gifting, mandir décor and spiritual spaces.","Clay Diya with Wax 6pcs is a handcrafted pooja and festive item from Ram Pottery Mauritius, suitable for prayers, ceremonies, celebrations and meaningful gifting.

This piece is ideal for pooja, festivals, gifting, mandir décor and spiritual spaces. Each item carries the natural charm of handmade pottery, with small variations in tone, texture and finish that make every product unique. It is a beautiful choice for customers looking for authentic Mauritian craftsmanship, meaningful gifts, traditional pieces and elegant décor.

Specifications:
- Category: Painting & Wax Lamp
- Material: Natural clay
- Colour/finish: Natural earthy clay tone
- Approximate size: Approximate size shown in product image
- Price: Rs 180
- Origin: Ram Pottery Mauritius
- Care: Handle with care; wipe gently with a soft cloth; avoid sudden impact or harsh cleaning chemicals.",Clay Diya with Wax 6pcs | Handmade Pottery Mauritius,"Buy Clay Diya with Wax 6pcs from Ram Pottery Mauritius. Handmade natural clay for painting & wax lamp, décor, gifting and traditional use. Rs 180.",Clay Diya with Wax 6pcs - Painting & Wax Lamp handmade by Ram Pottery Mauritius,clay-diya-with-wax-6pcs-rs180.webp,C:\Dev\ram-potteey-ecom\public\product-images-optimized\clay-diya-with-wax-6pcs-rs180.webp,1000,TRUE,TRUE,Natural clay,Natural earthy clay tone,Category: Painting & Wax Lamp | Material: Natural clay | Colour/finish: Natural earthy clay tone | Size: Approximate size shown in product image | Stock: 1000
C:\Dev\ram-potteey-ecom\public\product-images-optimized\clay-diya-with-wax-6pcs-rf-10167-rs180-2.webp,C:\Dev\ram-potteey-ecom\public\product-images-optimized,clay-diya-with-wax-6pcs-rf-10167-rs180-2.webp,Painting & wax lamp,Painting & Wax Lamp,Clay Diya with Wax 6pcs,clay-diya-with-wax-6pcs-2,180,225,Best Deal,,,,"Handcrafted natural clay piece from Ram Pottery Mauritius, ideal for pooja, festivals, gifting, mandir décor and spiritual spaces.","Clay Diya with Wax 6pcs is a handcrafted pooja and festive item from Ram Pottery Mauritius, suitable for prayers, ceremonies, celebrations and meaningful gifting.

This piece is ideal for pooja, festivals, gifting, mandir décor and spiritual spaces. Each item carries the natural charm of handmade pottery, with small variations in tone, texture and finish that make every product unique. It is a beautiful choice for customers looking for authentic Mauritian craftsmanship, meaningful gifts, traditional pieces and elegant décor.

Specifications:
- Category: Painting & Wax Lamp
- Material: Natural clay
- Colour/finish: Natural earthy clay tone
- Approximate size: Approximate size shown in product image
- Price: Rs 180
- Origin: Ram Pottery Mauritius
- Care: Handle with care; wipe gently with a soft cloth; avoid sudden impact or harsh cleaning chemicals.",Clay Diya with Wax 6pcs | Handmade Pottery Mauritius,"Buy Clay Diya with Wax 6pcs from Ram Pottery Mauritius. Handmade natural clay for painting & wax lamp, décor, gifting and traditional use. Rs 180.",Clay Diya with Wax 6pcs - Painting & Wax Lamp handmade by Ram Pottery Mauritius,clay-diya-with-wax-6pcs-rf-10167-rs180-2.webp,C:\Dev\ram-potteey-ecom\public\product-images-optimized\clay-diya-with-wax-6pcs-rf-10167-rs180-2.webp,1000,TRUE,TRUE,Natural clay,Natural earthy clay tone,Category: Painting & Wax Lamp | Material: Natural clay | Colour/finish: Natural earthy clay tone | Size: Approximate size shown in product image | Stock: 1000
C:\Dev\ram-potteey-ecom\public\product-images-optimized\painted-4-corner-oil-lamp-ref-44p-rs65.webp,C:\Dev\ram-potteey-ecom\public\product-images-optimized,painted-4-corner-oil-lamp-ref-44p-rs65.webp,Painting & wax lamp,Painting & Wax Lamp,Painted 4 Corner Oil Lamp Ref 44P,painted-4-corner-oil-lamp-ref-44p,65,82,Best Deal,44P,,,"Handcrafted handcrafted pottery / artisan material piece from Ram Pottery Mauritius, ideal for pooja, festivals, gifting, mandir décor and spiritual spaces.","Painted 4 Corner Oil Lamp Ref 44P is a handcrafted pooja and festive item from Ram Pottery Mauritius, suitable for prayers, ceremonies, celebrations and meaningful gifting.

This piece is ideal for pooja, festivals, gifting, mandir décor and spiritual spaces. Each item carries the natural charm of handmade pottery, with small variations in tone, texture and finish that make every product unique. It is a beautiful choice for customers looking for authentic Mauritian craftsmanship, meaningful gifts, traditional pieces and elegant décor.

Specifications:
- Category: Painting & Wax Lamp
- Material: Handcrafted pottery / artisan material
- Colour/finish: As shown in product image
- Reference code: 44P
- Approximate size: Approximate size shown in product image
- Price: Rs 65
- Origin: Ram Pottery Mauritius
- Care: Handle with care; wipe gently with a soft cloth; avoid sudden impact or harsh cleaning chemicals.",Painted 4 Corner Oil Lamp Ref 44P | Handmade Pottery Mauritius,"Buy Painted 4 Corner Oil Lamp Ref 44P from Ram Pottery Mauritius. Handmade handcrafted pottery / artisan material for painting & wax lamp, décor, gifting and traditional use. Ref 44P. Rs 65.",Painted 4 Corner Oil Lamp Ref 44P - Painting & Wax Lamp handmade by Ram Pottery Mauritius,painted-4-corner-oil-lamp-ref-44p-rs65.webp,C:\Dev\ram-potteey-ecom\public\product-images-optimized\painted-4-corner-oil-lamp-ref-44p-rs65.webp,1000,TRUE,TRUE,Handcrafted pottery / artisan material,As shown in product image,Category: Painting & Wax Lamp | Material: Handcrafted pottery / artisan material | Colour/finish: As shown in product image | Reference: 44P | Size: Approximate size shown in product image | Stock: 1000
C:\Dev\ram-potteey-ecom\public\product-images-optimized\painted-clay-diya-rs12.webp,C:\Dev\ram-potteey-ecom\public\product-images-optimized,painted-clay-diya-rs12.webp,Painting & wax lamp,Painting & Wax Lamp,Painted Clay Diya,painted-clay-diya,12,15,Best Deal,,,,"Handcrafted natural clay piece from Ram Pottery Mauritius, ideal for pooja, festivals, gifting, mandir décor and spiritual spaces.","Painted Clay Diya is a handcrafted pooja and festive item from Ram Pottery Mauritius, suitable for prayers, ceremonies, celebrations and meaningful gifting.

This piece is ideal for pooja, festivals, gifting, mandir décor and spiritual spaces. Each item carries the natural charm of handmade pottery, with small variations in tone, texture and finish that make every product unique. It is a beautiful choice for customers looking for authentic Mauritian craftsmanship, meaningful gifts, traditional pieces and elegant décor.

Specifications:
- Category: Painting & Wax Lamp
- Material: Natural clay
- Colour/finish: Natural earthy clay tone
- Approximate size: Approximate size shown in product image
- Price: Rs 12
- Origin: Ram Pottery Mauritius
- Care: Handle with care; wipe gently with a soft cloth; avoid sudden impact or harsh cleaning chemicals.",Painted Clay Diya | Handmade Pottery Mauritius,"Buy Painted Clay Diya from Ram Pottery Mauritius. Handmade natural clay for painting & wax lamp, décor, gifting and traditional use. Rs 12.",Painted Clay Diya - Painting & Wax Lamp handmade by Ram Pottery Mauritius,painted-clay-diya-rs12.webp,C:\Dev\ram-potteey-ecom\public\product-images-optimized\painted-clay-diya-rs12.webp,1000,TRUE,TRUE,Natural clay,Natural earthy clay tone,Category: Painting & Wax Lamp | Material: Natural clay | Colour/finish: Natural earthy clay tone | Size: Approximate size shown in product image | Stock: 1000
C:\Dev\ram-potteey-ecom\public\product-images-optimized\painted-clay-diya-rs18-3.webp,C:\Dev\ram-potteey-ecom\public\product-images-optimized,painted-clay-diya-rs18-3.webp,Painting & wax lamp,Painting & Wax Lamp,Painted Clay Diya,painted-clay-diya-2,18,23,Best Deal,,,,"Handcrafted natural clay piece from Ram Pottery Mauritius, ideal for pooja, festivals, gifting, mandir décor and spiritual spaces.","Painted Clay Diya is a handcrafted pooja and festive item from Ram Pottery Mauritius, suitable for prayers, ceremonies, celebrations and meaningful gifting.

This piece is ideal for pooja, festivals, gifting, mandir décor and spiritual spaces. Each item carries the natural charm of handmade pottery, with small variations in tone, texture and finish that make every product unique. It is a beautiful choice for customers looking for authentic Mauritian craftsmanship, meaningful gifts, traditional pieces and elegant décor.

Specifications:
- Category: Painting & Wax Lamp
- Material: Natural clay
- Colour/finish: Natural earthy clay tone
- Approximate size: Approximate size shown in product image
- Price: Rs 18
- Origin: Ram Pottery Mauritius
- Care: Handle with care; wipe gently with a soft cloth; avoid sudden impact or harsh cleaning chemicals.",Painted Clay Diya | Handmade Pottery Mauritius,"Buy Painted Clay Diya from Ram Pottery Mauritius. Handmade natural clay for painting & wax lamp, décor, gifting and traditional use. Rs 18.",Painted Clay Diya - Painting & Wax Lamp handmade by Ram Pottery Mauritius,painted-clay-diya-rs18-3.webp,C:\Dev\ram-potteey-ecom\public\product-images-optimized\painted-clay-diya-rs18-3.webp,1000,TRUE,TRUE,Natural clay,Natural earthy clay tone,Category: Painting & Wax Lamp | Material: Natural clay | Colour/finish: Natural earthy clay tone | Size: Approximate size shown in product image | Stock: 1000
C:\Dev\ram-potteey-ecom\public\product-images-optimized\painted-clay-diya-12pcs-rs200.webp,C:\Dev\ram-potteey-ecom\public\product-images-optimized,painted-clay-diya-12pcs-rs200.webp,Painting & wax lamp,Painting & Wax Lamp,Painted Clay Diya 12pcs,painted-clay-diya-12pcs,200,250,Best Deal,,,,"Handcrafted natural clay piece from Ram Pottery Mauritius, ideal for pooja, festivals, gifting, mandir décor and spiritual spaces.","Painted Clay Diya 12pcs is a handcrafted pooja and festive item from Ram Pottery Mauritius, suitable for prayers, ceremonies, celebrations and meaningful gifting.

This piece is ideal for pooja, festivals, gifting, mandir décor and spiritual spaces. Each item carries the natural charm of handmade pottery, with small variations in tone, texture and finish that make every product unique. It is a beautiful choice for customers looking for authentic Mauritian craftsmanship, meaningful gifts, traditional pieces and elegant décor.

Specifications:
- Category: Painting & Wax Lamp
- Material: Natural clay
- Colour/finish: Natural earthy clay tone
- Approximate size: Approximate size shown in product image
- Price: Rs 200
- Origin: Ram Pottery Mauritius
- Care: Handle with care; wipe gently with a soft cloth; avoid sudden impact or harsh cleaning chemicals.",Painted Clay Diya 12pcs | Handmade Pottery Mauritius,"Buy Painted Clay Diya 12pcs from Ram Pottery Mauritius. Handmade natural clay for painting & wax lamp, décor, gifting and traditional use. Rs 200.",Painted Clay Diya 12pcs - Painting & Wax Lamp handmade by Ram Pottery Mauritius,painted-clay-diya-12pcs-rs200.webp,C:\Dev\ram-potteey-ecom\public\product-images-optimized\painted-clay-diya-12pcs-rs200.webp,1000,TRUE,TRUE,Natural clay,Natural earthy clay tone,Category: Painting & Wax Lamp | Material: Natural clay | Colour/finish: Natural earthy clay tone | Size: Approximate size shown in product image | Stock: 1000
C:\Dev\ram-potteey-ecom\public\product-images-optimized\painted-clay-diya-rs18-2.webp,C:\Dev\ram-potteey-ecom\public\product-images-optimized,painted-clay-diya-rs18-2.webp,Painting & wax lamp,Painting & Wax Lamp,Painted Clay Diya,painted-clay-diya-2-2,18,23,Best Deal,,,,"Handcrafted natural clay piece from Ram Pottery Mauritius, ideal for pooja, festivals, gifting, mandir décor and spiritual spaces.","Painted Clay Diya is a handcrafted pooja and festive item from Ram Pottery Mauritius, suitable for prayers, ceremonies, celebrations and meaningful gifting.

This piece is ideal for pooja, festivals, gifting, mandir décor and spiritual spaces. Each item carries the natural charm of handmade pottery, with small variations in tone, texture and finish that make every product unique. It is a beautiful choice for customers looking for authentic Mauritian craftsmanship, meaningful gifts, traditional pieces and elegant décor.

Specifications:
- Category: Painting & Wax Lamp
- Material: Natural clay
- Colour/finish: Natural earthy clay tone
- Approximate size: Approximate size shown in product image
- Price: Rs 18
- Origin: Ram Pottery Mauritius
- Care: Handle with care; wipe gently with a soft cloth; avoid sudden impact or harsh cleaning chemicals.",Painted Clay Diya | Handmade Pottery Mauritius,"Buy Painted Clay Diya from Ram Pottery Mauritius. Handmade natural clay for painting & wax lamp, décor, gifting and traditional use. Rs 18.",Painted Clay Diya - Painting & Wax Lamp handmade by Ram Pottery Mauritius,painted-clay-diya-rs18-2.webp,C:\Dev\ram-potteey-ecom\public\product-images-optimized\painted-clay-diya-rs18-2.webp,1000,TRUE,TRUE,Natural clay,Natural earthy clay tone,Category: Painting & Wax Lamp | Material: Natural clay | Colour/finish: Natural earthy clay tone | Size: Approximate size shown in product image | Stock: 1000
C:\Dev\ram-potteey-ecom\public\product-images-optimized\painted-clay-diya-rs18.webp,C:\Dev\ram-potteey-ecom\public\product-images-optimized,painted-clay-diya-rs18.webp,Painting & wax lamp,Painting & Wax Lamp,Painted Clay Diya,painted-clay-diya-2-3,18,23,Best Deal,,,,"Handcrafted natural clay piece from Ram Pottery Mauritius, ideal for pooja, festivals, gifting, mandir décor and spiritual spaces.","Painted Clay Diya is a handcrafted pooja and festive item from Ram Pottery Mauritius, suitable for prayers, ceremonies, celebrations and meaningful gifting.

This piece is ideal for pooja, festivals, gifting, mandir décor and spiritual spaces. Each item carries the natural charm of handmade pottery, with small variations in tone, texture and finish that make every product unique. It is a beautiful choice for customers looking for authentic Mauritian craftsmanship, meaningful gifts, traditional pieces and elegant décor.

Specifications:
- Category: Painting & Wax Lamp
- Material: Natural clay
- Colour/finish: Natural earthy clay tone
- Approximate size: Approximate size shown in product image
- Price: Rs 18
- Origin: Ram Pottery Mauritius
- Care: Handle with care; wipe gently with a soft cloth; avoid sudden impact or harsh cleaning chemicals.",Painted Clay Diya | Handmade Pottery Mauritius,"Buy Painted Clay Diya from Ram Pottery Mauritius. Handmade natural clay for painting & wax lamp, décor, gifting and traditional use. Rs 18.",Painted Clay Diya - Painting & Wax Lamp handmade by Ram Pottery Mauritius,painted-clay-diya-rs18.webp,C:\Dev\ram-potteey-ecom\public\product-images-optimized\painted-clay-diya-rs18.webp,1000,TRUE,TRUE,Natural clay,Natural earthy clay tone,Category: Painting & Wax Lamp | Material: Natural clay | Colour/finish: Natural earthy clay tone | Size: Approximate size shown in product image | Stock: 1000
C:\Dev\ram-potteey-ecom\public\product-images-optimized\painted-clay-diya-with-wax-4pcs-rs120.webp,C:\Dev\ram-potteey-ecom\public\product-images-optimized,painted-clay-diya-with-wax-4pcs-rs120.webp,Painting & wax lamp,Painting & Wax Lamp,Painted Clay Diya with Wax 4pcs,painted-clay-diya-with-wax-4pcs,120,150,Best Deal,,,,"Handcrafted natural clay piece from Ram Pottery Mauritius, ideal for pooja, festivals, gifting, mandir décor and spiritual spaces.","Painted Clay Diya with Wax 4pcs is a handcrafted pooja and festive item from Ram Pottery Mauritius, suitable for prayers, ceremonies, celebrations and meaningful gifting.

This piece is ideal for pooja, festivals, gifting, mandir décor and spiritual spaces. Each item carries the natural charm of handmade pottery, with small variations in tone, texture and finish that make every product unique. It is a beautiful choice for customers looking for authentic Mauritian craftsmanship, meaningful gifts, traditional pieces and elegant décor.

Specifications:
- Category: Painting & Wax Lamp
- Material: Natural clay
- Colour/finish: Natural earthy clay tone
- Approximate size: Approximate size shown in product image
- Price: Rs 120
- Origin: Ram Pottery Mauritius
- Care: Handle with care; wipe gently with a soft cloth; avoid sudden impact or harsh cleaning chemicals.",Painted Clay Diya with Wax 4pcs | Handmade Pottery Mauritius,"Buy Painted Clay Diya with Wax 4pcs from Ram Pottery Mauritius. Handmade natural clay for painting & wax lamp, décor, gifting and traditional use. Rs 120.",Painted Clay Diya with Wax 4pcs - Painting & Wax Lamp handmade by Ram Pottery Mauritius,painted-clay-diya-with-wax-4pcs-rs120.webp,C:\Dev\ram-potteey-ecom\public\product-images-optimized\painted-clay-diya-with-wax-4pcs-rs120.webp,1000,TRUE,TRUE,Natural clay,Natural earthy clay tone,Category: Painting & Wax Lamp | Material: Natural clay | Colour/finish: Natural earthy clay tone | Size: Approximate size shown in product image | Stock: 1000
C:\Dev\ram-potteey-ecom\public\product-images-optimized\painted-matka-with-wax-6pcs-rs180.webp,C:\Dev\ram-potteey-ecom\public\product-images-optimized,painted-matka-with-wax-6pcs-rs180.webp,Painting & wax lamp,Painting & Wax Lamp,Painted Matka with Wax 6pcs,painted-matka-with-wax-6pcs,180,225,Best Deal,,,,"Handcrafted natural clay piece from Ram Pottery Mauritius, ideal for natural water storage, traditional serving and earthy kitchen styling.","Painted Matka with Wax 6pcs is a handcrafted pooja and festive item from Ram Pottery Mauritius, suitable for prayers, ceremonies, celebrations and meaningful gifting.

This piece is ideal for natural water storage, traditional serving and earthy kitchen styling. Each item carries the natural charm of handmade pottery, with small variations in tone, texture and finish that make every product unique. It is a beautiful choice for customers looking for authentic Mauritian craftsmanship, meaningful gifts, traditional pieces and elegant décor.

Specifications:
- Category: Painting & Wax Lamp
- Material: Natural clay
- Colour/finish: Natural earthy clay tone
- Approximate size: Approximate size shown in product image
- Price: Rs 180
- Origin: Ram Pottery Mauritius
- Care: Handle with care; wipe gently with a soft cloth; avoid sudden impact or harsh cleaning chemicals.",Painted Matka with Wax 6pcs | Handmade Pottery Mauritius,"Buy Painted Matka with Wax 6pcs from Ram Pottery Mauritius. Handmade natural clay for painting & wax lamp, décor, gifting and traditional use. Rs 180.",Painted Matka with Wax 6pcs - Painting & Wax Lamp handmade by Ram Pottery Mauritius,painted-matka-with-wax-6pcs-rs180.webp,C:\Dev\ram-potteey-ecom\public\product-images-optimized\painted-matka-with-wax-6pcs-rs180.webp,1000,TRUE,TRUE,Natural clay,Natural earthy clay tone,Category: Painting & Wax Lamp | Material: Natural clay | Colour/finish: Natural earthy clay tone | Size: Approximate size shown in product image | Stock: 1000
C:\Dev\ram-potteey-ecom\public\product-images-optimized\painted-oil-diya-6pcs-10169-rs100.webp,C:\Dev\ram-potteey-ecom\public\product-images-optimized,painted-oil-diya-6pcs-10169-rs100.webp,Painting & wax lamp,Painting & Wax Lamp,Painted Oil Diya 6pcs 10169,painted-oil-diya-6pcs-10169,100,125,Best Deal,,,,"Handcrafted natural clay piece from Ram Pottery Mauritius, ideal for pooja, festivals, gifting, mandir décor and spiritual spaces.","Painted Oil Diya 6pcs 10169 is a handcrafted pooja and festive item from Ram Pottery Mauritius, suitable for prayers, ceremonies, celebrations and meaningful gifting.

This piece is ideal for pooja, festivals, gifting, mandir décor and spiritual spaces. Each item carries the natural charm of handmade pottery, with small variations in tone, texture and finish that make every product unique. It is a beautiful choice for customers looking for authentic Mauritian craftsmanship, meaningful gifts, traditional pieces and elegant décor.

Specifications:
- Category: Painting & Wax Lamp
- Material: Natural clay
- Colour/finish: Natural earthy clay tone
- Approximate size: Approximate size shown in product image
- Price: Rs 100
- Origin: Ram Pottery Mauritius
- Care: Handle with care; wipe gently with a soft cloth; avoid sudden impact or harsh cleaning chemicals.",Painted Oil Diya 6pcs 10169 | Handmade Pottery Mauritius,"Buy Painted Oil Diya 6pcs 10169 from Ram Pottery Mauritius. Handmade natural clay for painting & wax lamp, décor, gifting and traditional use. Rs 100.",Painted Oil Diya 6pcs 10169 - Painting & Wax Lamp handmade by Ram Pottery Mauritius,painted-oil-diya-6pcs-10169-rs100.webp,C:\Dev\ram-potteey-ecom\public\product-images-optimized\painted-oil-diya-6pcs-10169-rs100.webp,1000,TRUE,TRUE,Natural clay,Natural earthy clay tone,Category: Painting & Wax Lamp | Material: Natural clay | Colour/finish: Natural earthy clay tone | Size: Approximate size shown in product image | Stock: 1000
C:\Dev\ram-potteey-ecom\public\product-images-optimized\painted-oil-lamp-4pcs-ref-30-4-rs75.webp,C:\Dev\ram-potteey-ecom\public\product-images-optimized,painted-oil-lamp-4pcs-ref-30-4-rs75.webp,Painting & wax lamp,Painting & Wax Lamp,Painted Oil Lamp 4pcs 4 Ref 30,painted-oil-lamp-4pcs-4-ref-30,75,94,Best Deal,30,,,"Handcrafted handcrafted pottery / artisan material piece from Ram Pottery Mauritius, ideal for pooja, festivals, gifting, mandir décor and spiritual spaces.","Painted Oil Lamp 4pcs 4 Ref 30 is a handcrafted pooja and festive item from Ram Pottery Mauritius, suitable for prayers, ceremonies, celebrations and meaningful gifting.

This piece is ideal for pooja, festivals, gifting, mandir décor and spiritual spaces. Each item carries the natural charm of handmade pottery, with small variations in tone, texture and finish that make every product unique. It is a beautiful choice for customers looking for authentic Mauritian craftsmanship, meaningful gifts, traditional pieces and elegant décor.

Specifications:
- Category: Painting & Wax Lamp
- Material: Handcrafted pottery / artisan material
- Colour/finish: As shown in product image
- Reference code: 30
- Approximate size: Approximate size shown in product image
- Price: Rs 75
- Origin: Ram Pottery Mauritius
- Care: Handle with care; wipe gently with a soft cloth; avoid sudden impact or harsh cleaning chemicals.",Painted Oil Lamp 4pcs 4 Ref 30 | Handmade Pottery Mauritius,"Buy Painted Oil Lamp 4pcs 4 Ref 30 from Ram Pottery Mauritius. Handmade handcrafted pottery / artisan material for painting & wax lamp, décor, gifting and traditional use. Ref 30. Rs 75.",Painted Oil Lamp 4pcs 4 Ref 30 - Painting & Wax Lamp handmade by Ram Pottery Mauritius,painted-oil-lamp-4pcs-ref-30-4-rs75.webp,C:\Dev\ram-potteey-ecom\public\product-images-optimized\painted-oil-lamp-4pcs-ref-30-4-rs75.webp,1000,TRUE,TRUE,Handcrafted pottery / artisan material,As shown in product image,Category: Painting & Wax Lamp | Material: Handcrafted pottery / artisan material | Colour/finish: As shown in product image | Reference: 30 | Size: Approximate size shown in product image | Stock: 1000
C:\Dev\ram-potteey-ecom\public\product-images-optimized\painted-oil-lamp-5pcs-30-5-rs90.webp,C:\Dev\ram-potteey-ecom\public\product-images-optimized,painted-oil-lamp-5pcs-30-5-rs90.webp,Painting & wax lamp,Painting & Wax Lamp,Painted Oil Lamp 5pcs 30 5,painted-oil-lamp-5pcs-30-5,90,113,Best Deal,,,,"Handcrafted handcrafted pottery / artisan material piece from Ram Pottery Mauritius, ideal for pooja, festivals, gifting, mandir décor and spiritual spaces.","Painted Oil Lamp 5pcs 30 5 is a handcrafted pooja and festive item from Ram Pottery Mauritius, suitable for prayers, ceremonies, celebrations and meaningful gifting.

This piece is ideal for pooja, festivals, gifting, mandir décor and spiritual spaces. Each item carries the natural charm of handmade pottery, with small variations in tone, texture and finish that make every product unique. It is a beautiful choice for customers looking for authentic Mauritian craftsmanship, meaningful gifts, traditional pieces and elegant décor.

Specifications:
- Category: Painting & Wax Lamp
- Material: Handcrafted pottery / artisan material
- Colour/finish: As shown in product image
- Approximate size: Approximate size shown in product image
- Price: Rs 90
- Origin: Ram Pottery Mauritius
- Care: Handle with care; wipe gently with a soft cloth; avoid sudden impact or harsh cleaning chemicals.",Painted Oil Lamp 5pcs 30 5 | Handmade Pottery Mauritius,"Buy Painted Oil Lamp 5pcs 30 5 from Ram Pottery Mauritius. Handmade handcrafted pottery / artisan material for painting & wax lamp, décor, gifting and traditional use. Rs 90.",Painted Oil Lamp 5pcs 30 5 - Painting & Wax Lamp handmade by Ram Pottery Mauritius,painted-oil-lamp-5pcs-30-5-rs90.webp,C:\Dev\ram-potteey-ecom\public\product-images-optimized\painted-oil-lamp-5pcs-30-5-rs90.webp,1000,TRUE,TRUE,Handcrafted pottery / artisan material,As shown in product image,Category: Painting & Wax Lamp | Material: Handcrafted pottery / artisan material | Colour/finish: As shown in product image | Size: Approximate size shown in product image | Stock: 1000
C:\Dev\ram-potteey-ecom\public\product-images-optimized\painted-oil-lamp-9-1-pcs-ref-32-9-rs185-2.webp,C:\Dev\ram-potteey-ecom\public\product-images-optimized,painted-oil-lamp-9-1-pcs-ref-32-9-rs185-2.webp,Painting & wax lamp,Painting & Wax Lamp,Painted Oil Lamp 9 1 Pcs 9 Ref 32,painted-oil-lamp-9-1-pcs-9-ref-32,185,232,Best Deal,32,,,"Handcrafted handcrafted pottery / artisan material piece from Ram Pottery Mauritius, ideal for pooja, festivals, gifting, mandir décor and spiritual spaces.","Painted Oil Lamp 9 1 Pcs 9 Ref 32 is a handcrafted pooja and festive item from Ram Pottery Mauritius, suitable for prayers, ceremonies, celebrations and meaningful gifting.

This piece is ideal for pooja, festivals, gifting, mandir décor and spiritual spaces. Each item carries the natural charm of handmade pottery, with small variations in tone, texture and finish that make every product unique. It is a beautiful choice for customers looking for authentic Mauritian craftsmanship, meaningful gifts, traditional pieces and elegant décor.

Specifications:
- Category: Painting & Wax Lamp
- Material: Handcrafted pottery / artisan material
- Colour/finish: As shown in product image
- Reference code: 32
- Approximate size: Approximate size shown in product image
- Price: Rs 185
- Origin: Ram Pottery Mauritius
- Care: Handle with care; wipe gently with a soft cloth; avoid sudden impact or harsh cleaning chemicals.",Painted Oil Lamp 9 1 Pcs 9 Ref 32 | Handmade Pottery Mauritius,"Buy Painted Oil Lamp 9 1 Pcs 9 Ref 32 from Ram Pottery Mauritius. Handmade handcrafted pottery / artisan material for painting & wax lamp, décor, gifting and traditional use. Ref 32. Rs 185.",Painted Oil Lamp 9 1 Pcs 9 Ref 32 - Painting & Wax Lamp handmade by Ram Pottery Mauritius,painted-oil-lamp-9-1-pcs-ref-32-9-rs185-2.webp,C:\Dev\ram-potteey-ecom\public\product-images-optimized\painted-oil-lamp-9-1-pcs-ref-32-9-rs185-2.webp,1000,TRUE,TRUE,Handcrafted pottery / artisan material,As shown in product image,Category: Painting & Wax Lamp | Material: Handcrafted pottery / artisan material | Colour/finish: As shown in product image | Reference: 32 | Size: Approximate size shown in product image | Stock: 1000
C:\Dev\ram-potteey-ecom\public\product-images-optimized\painted-oil-lamp-9-1pcs-rf-32-9-rs185.webp,C:\Dev\ram-potteey-ecom\public\product-images-optimized,painted-oil-lamp-9-1pcs-rf-32-9-rs185.webp,Painting & wax lamp,Painting & Wax Lamp,Painted Oil Lamp 9 1pcs 9,painted-oil-lamp-9-1pcs-9,185,232,Best Deal,,,,"Handcrafted handcrafted pottery / artisan material piece from Ram Pottery Mauritius, ideal for pooja, festivals, gifting, mandir décor and spiritual spaces.","Painted Oil Lamp 9 1pcs 9 is a handcrafted pooja and festive item from Ram Pottery Mauritius, suitable for prayers, ceremonies, celebrations and meaningful gifting.

This piece is ideal for pooja, festivals, gifting, mandir décor and spiritual spaces. Each item carries the natural charm of handmade pottery, with small variations in tone, texture and finish that make every product unique. It is a beautiful choice for customers looking for authentic Mauritian craftsmanship, meaningful gifts, traditional pieces and elegant décor.

Specifications:
- Category: Painting & Wax Lamp
- Material: Handcrafted pottery / artisan material
- Colour/finish: As shown in product image
- Approximate size: Approximate size shown in product image
- Price: Rs 185
- Origin: Ram Pottery Mauritius
- Care: Handle with care; wipe gently with a soft cloth; avoid sudden impact or harsh cleaning chemicals.",Painted Oil Lamp 9 1pcs 9 | Handmade Pottery Mauritius,"Buy Painted Oil Lamp 9 1pcs 9 from Ram Pottery Mauritius. Handmade handcrafted pottery / artisan material for painting & wax lamp, décor, gifting and traditional use. Rs 185.",Painted Oil Lamp 9 1pcs 9 - Painting & Wax Lamp handmade by Ram Pottery Mauritius,painted-oil-lamp-9-1pcs-rf-32-9-rs185.webp,C:\Dev\ram-potteey-ecom\public\product-images-optimized\painted-oil-lamp-9-1pcs-rf-32-9-rs185.webp,1000,TRUE,TRUE,Handcrafted pottery / artisan material,As shown in product image,Category: Painting & Wax Lamp | Material: Handcrafted pottery / artisan material | Colour/finish: As shown in product image | Size: Approximate size shown in product image | Stock: 1000
C:\Dev\ram-potteey-ecom\public\product-images-optimized\painted-oil-lamp-9pcs-ref-105-9-rs100.webp,C:\Dev\ram-potteey-ecom\public\product-images-optimized,painted-oil-lamp-9pcs-ref-105-9-rs100.webp,Painting & wax lamp,Painting & Wax Lamp,Painted Oil Lamp 9pcs 9 Ref 105,painted-oil-lamp-9pcs-9-ref-105,100,125,Best Deal,105,,,"Handcrafted handcrafted pottery / artisan material piece from Ram Pottery Mauritius, ideal for pooja, festivals, gifting, mandir décor and spiritual spaces.","Painted Oil Lamp 9pcs 9 Ref 105 is a handcrafted pooja and festive item from Ram Pottery Mauritius, suitable for prayers, ceremonies, celebrations and meaningful gifting.

This piece is ideal for pooja, festivals, gifting, mandir décor and spiritual spaces. Each item carries the natural charm of handmade pottery, with small variations in tone, texture and finish that make every product unique. It is a beautiful choice for customers looking for authentic Mauritian craftsmanship, meaningful gifts, traditional pieces and elegant décor.

Specifications:
- Category: Painting & Wax Lamp
- Material: Handcrafted pottery / artisan material
- Colour/finish: As shown in product image
- Reference code: 105
- Approximate size: Approximate size shown in product image
- Price: Rs 100
- Origin: Ram Pottery Mauritius
- Care: Handle with care; wipe gently with a soft cloth; avoid sudden impact or harsh cleaning chemicals.",Painted Oil Lamp 9pcs 9 Ref 105 | Handmade Pottery Mauritius,"Buy Painted Oil Lamp 9pcs 9 Ref 105 from Ram Pottery Mauritius. Handmade handcrafted pottery / artisan material for painting & wax lamp, décor, gifting and traditional use. Ref 105. Rs 100.",Painted Oil Lamp 9pcs 9 Ref 105 - Painting & Wax Lamp handmade by Ram Pottery Mauritius,painted-oil-lamp-9pcs-ref-105-9-rs100.webp,C:\Dev\ram-potteey-ecom\public\product-images-optimized\painted-oil-lamp-9pcs-ref-105-9-rs100.webp,1000,TRUE,TRUE,Handcrafted pottery / artisan material,As shown in product image,Category: Painting & Wax Lamp | Material: Handcrafted pottery / artisan material | Colour/finish: As shown in product image | Reference: 105 | Size: Approximate size shown in product image | Stock: 1000
C:\Dev\ram-potteey-ecom\public\product-images-optimized\painted-oil-lamp-9pcs-ref-105-9-rs100-2.webp,C:\Dev\ram-potteey-ecom\public\product-images-optimized,painted-oil-lamp-9pcs-ref-105-9-rs100-2.webp,Painting & wax lamp,Painting & Wax Lamp,Painted Oil Lamp 9pcs 9 Ref 105,painted-oil-lamp-9pcs-9-ref-105-ref-105,100,125,Best Deal,105,,,"Handcrafted handcrafted pottery / artisan material piece from Ram Pottery Mauritius, ideal for pooja, festivals, gifting, mandir décor and spiritual spaces.","Painted Oil Lamp 9pcs 9 Ref 105 is a handcrafted pooja and festive item from Ram Pottery Mauritius, suitable for prayers, ceremonies, celebrations and meaningful gifting.

This piece is ideal for pooja, festivals, gifting, mandir décor and spiritual spaces. Each item carries the natural charm of handmade pottery, with small variations in tone, texture and finish that make every product unique. It is a beautiful choice for customers looking for authentic Mauritian craftsmanship, meaningful gifts, traditional pieces and elegant décor.

Specifications:
- Category: Painting & Wax Lamp
- Material: Handcrafted pottery / artisan material
- Colour/finish: As shown in product image
- Reference code: 105
- Approximate size: Approximate size shown in product image
- Price: Rs 100
- Origin: Ram Pottery Mauritius
- Care: Handle with care; wipe gently with a soft cloth; avoid sudden impact or harsh cleaning chemicals.",Painted Oil Lamp 9pcs 9 Ref 105 | Handmade Pottery Mauritius,"Buy Painted Oil Lamp 9pcs 9 Ref 105 from Ram Pottery Mauritius. Handmade handcrafted pottery / artisan material for painting & wax lamp, décor, gifting and traditional use. Ref 105. Rs 100.",Painted Oil Lamp 9pcs 9 Ref 105 - Painting & Wax Lamp handmade by Ram Pottery Mauritius,painted-oil-lamp-9pcs-ref-105-9-rs100-2.webp,C:\Dev\ram-potteey-ecom\public\product-images-optimized\painted-oil-lamp-9pcs-ref-105-9-rs100-2.webp,1000,TRUE,TRUE,Handcrafted pottery / artisan material,As shown in product image,Category: Painting & Wax Lamp | Material: Handcrafted pottery / artisan material | Colour/finish: As shown in product image | Reference: 105 | Size: Approximate size shown in product image | Stock: 1000
C:\Dev\ram-potteey-ecom\public\product-images-optimized\painted-tulsi-pot-with-wax-6pcs-rs120-3.webp,C:\Dev\ram-potteey-ecom\public\product-images-optimized,painted-tulsi-pot-with-wax-6pcs-rs120-3.webp,Painting & wax lamp,Painting & Wax Lamp,Painted Tulsi Pot with Wax 6pcs,painted-tulsi-pot-with-wax-6pcs,120,150,Best Deal,,,,"Handcrafted handcrafted pottery / artisan material piece from Ram Pottery Mauritius, ideal for tulsi planting, prayer areas, balconies, courtyards and traditional home décor.","Painted Tulsi Pot with Wax 6pcs is a handcrafted pooja and festive item from Ram Pottery Mauritius, suitable for prayers, ceremonies, celebrations and meaningful gifting.

This piece is ideal for tulsi planting, prayer areas, balconies, courtyards and traditional home décor. Each item carries the natural charm of handmade pottery, with small variations in tone, texture and finish that make every product unique. It is a beautiful choice for customers looking for authentic Mauritian craftsmanship, meaningful gifts, traditional pieces and elegant décor.

Specifications:
- Category: Painting & Wax Lamp
- Material: Handcrafted pottery / artisan material
- Colour/finish: As shown in product image
- Approximate size: Approximate size shown in product image
- Price: Rs 120
- Origin: Ram Pottery Mauritius
- Care: Handle with care; wipe gently with a soft cloth; avoid sudden impact or harsh cleaning chemicals.",Painted Tulsi Pot with Wax 6pcs | Handmade Pottery Mauritius,"Buy Painted Tulsi Pot with Wax 6pcs from Ram Pottery Mauritius. Handmade handcrafted pottery / artisan material for painting & wax lamp, décor, gifting and traditional use. Rs 120.",Painted Tulsi Pot with Wax 6pcs - Painting & Wax Lamp handmade by Ram Pottery Mauritius,painted-tulsi-pot-with-wax-6pcs-rs120-3.webp,C:\Dev\ram-potteey-ecom\public\product-images-optimized\painted-tulsi-pot-with-wax-6pcs-rs120-3.webp,1000,TRUE,TRUE,Handcrafted pottery / artisan material,As shown in product image,Category: Painting & Wax Lamp | Material: Handcrafted pottery / artisan material | Colour/finish: As shown in product image | Size: Approximate size shown in product image | Stock: 1000
C:\Dev\ram-potteey-ecom\public\product-images-optimized\clay-glass-250ml-rs-675.webp,C:\Dev\ram-potteey-ecom\public\product-images-optimized,clay-glass-250ml-rs-675.webp,Tableware,Tableware,Clay Glass 250ml,clay-glass-250ml,675,844,Best Deal,,,,"Handcrafted natural clay piece from Ram Pottery Mauritius, ideal for table styling, serving, gifting and artisanal dining experiences.","Clay Glass 250ml is a handmade tableware piece from Ram Pottery Mauritius, created for elegant serving, artisanal dining and memorable presentation.

This piece is ideal for table styling, serving, gifting and artisanal dining experiences. Each item carries the natural charm of handmade pottery, with small variations in tone, texture and finish that make every product unique. It is a beautiful choice for customers looking for authentic Mauritian craftsmanship, meaningful gifts, traditional pieces and elegant décor.

Specifications:
- Category: Tableware
- Material: Natural clay
- Colour/finish: Natural earthy clay tone
- Approximate size: Approximate size shown in product image
- Capacity: 250 ml
- Price: Rs 675
- Origin: Ram Pottery Mauritius
- Care: Handle with care; wipe gently with a soft cloth; avoid sudden impact or harsh cleaning chemicals.",Clay Glass 250ml | Handmade Pottery Mauritius,"Buy Clay Glass 250ml from Ram Pottery Mauritius. Handmade natural clay for tableware, décor, gifting and traditional use. Rs 675.",Clay Glass 250ml - Tableware handmade by Ram Pottery Mauritius,clay-glass-250ml-rs-675.webp,C:\Dev\ram-potteey-ecom\public\product-images-optimized\clay-glass-250ml-rs-675.webp,1000,TRUE,TRUE,Natural clay,Natural earthy clay tone,Category: Tableware | Material: Natural clay | Colour/finish: Natural earthy clay tone | Size: Approximate size shown in product image | Capacity: 250 ml | Stock: 1000
C:\Dev\ram-potteey-ecom\public\product-images-optimized\clay-cup-100ml-ref-101-rs-550.webp,C:\Dev\ram-potteey-ecom\public\product-images-optimized,clay-cup-100ml-ref-101-rs-550.webp,Tableware,Tableware,Clay Cup 100ml Ref 101,clay-cup-100ml-ref-101,550,688,Best Deal,101,,,"Handcrafted natural clay piece from Ram Pottery Mauritius, ideal for table styling, serving, gifting and artisanal dining experiences.","Clay Cup 100ml Ref 101 is a handmade tableware piece from Ram Pottery Mauritius, created for elegant serving, artisanal dining and memorable presentation.

This piece is ideal for table styling, serving, gifting and artisanal dining experiences. Each item carries the natural charm of handmade pottery, with small variations in tone, texture and finish that make every product unique. It is a beautiful choice for customers looking for authentic Mauritian craftsmanship, meaningful gifts, traditional pieces and elegant décor.

Specifications:
- Category: Tableware
- Material: Natural clay
- Colour/finish: Natural earthy clay tone
- Reference code: 101
- Approximate size: Approximate size shown in product image
- Capacity: 100 ml
- Price: Rs 550
- Origin: Ram Pottery Mauritius
- Care: Handle with care; wipe gently with a soft cloth; avoid sudden impact or harsh cleaning chemicals.",Clay Cup 100ml Ref 101 | Handmade Pottery Mauritius,"Buy Clay Cup 100ml Ref 101 from Ram Pottery Mauritius. Handmade natural clay for tableware, décor, gifting and traditional use. Ref 101. Rs 550.",Clay Cup 100ml Ref 101 - Tableware handmade by Ram Pottery Mauritius,clay-cup-100ml-ref-101-rs-550.webp,C:\Dev\ram-potteey-ecom\public\product-images-optimized\clay-cup-100ml-ref-101-rs-550.webp,1000,TRUE,TRUE,Natural clay,Natural earthy clay tone,Category: Tableware | Material: Natural clay | Colour/finish: Natural earthy clay tone | Reference: 101 | Size: Approximate size shown in product image | Capacity: 100 ml | Stock: 1000
C:\Dev\ram-potteey-ecom\public\product-images-optimized\clay-cup-100ml-rs-550-ref108.webp,C:\Dev\ram-potteey-ecom\public\product-images-optimized,clay-cup-100ml-rs-550-ref108.webp,Tableware,Tableware,Clay Cup 100ml Ref 108,clay-cup-100ml-ref-108,550,688,Best Deal,108,,,"Handcrafted natural clay piece from Ram Pottery Mauritius, ideal for table styling, serving, gifting and artisanal dining experiences.","Clay Cup 100ml Ref 108 is a handmade tableware piece from Ram Pottery Mauritius, created for elegant serving, artisanal dining and memorable presentation.

This piece is ideal for table styling, serving, gifting and artisanal dining experiences. Each item carries the natural charm of handmade pottery, with small variations in tone, texture and finish that make every product unique. It is a beautiful choice for customers looking for authentic Mauritian craftsmanship, meaningful gifts, traditional pieces and elegant décor.

Specifications:
- Category: Tableware
- Material: Natural clay
- Colour/finish: Natural earthy clay tone
- Reference code: 108
- Approximate size: Approximate size shown in product image
- Capacity: 100 ml
- Price: Rs 550
- Origin: Ram Pottery Mauritius
- Care: Handle with care; wipe gently with a soft cloth; avoid sudden impact or harsh cleaning chemicals.",Clay Cup 100ml Ref 108 | Handmade Pottery Mauritius,"Buy Clay Cup 100ml Ref 108 from Ram Pottery Mauritius. Handmade natural clay for tableware, décor, gifting and traditional use. Ref 108. Rs 550.",Clay Cup 100ml Ref 108 - Tableware handmade by Ram Pottery Mauritius,clay-cup-100ml-rs-550-ref108.webp,C:\Dev\ram-potteey-ecom\public\product-images-optimized\clay-cup-100ml-rs-550-ref108.webp,1000,TRUE,TRUE,Natural clay,Natural earthy clay tone,Category: Tableware | Material: Natural clay | Colour/finish: Natural earthy clay tone | Reference: 108 | Size: Approximate size shown in product image | Capacity: 100 ml | Stock: 1000
C:\Dev\ram-potteey-ecom\public\product-images-optimized\clay-cup-110ml-rs-550-ref-105.webp,C:\Dev\ram-potteey-ecom\public\product-images-optimized,clay-cup-110ml-rs-550-ref-105.webp,Tableware,Tableware,Clay Cup 110ml Ref 105,clay-cup-110ml-ref-105,550,688,Best Deal,105,,,"Handcrafted natural clay piece from Ram Pottery Mauritius, ideal for table styling, serving, gifting and artisanal dining experiences.","Clay Cup 110ml Ref 105 is a handmade tableware piece from Ram Pottery Mauritius, created for elegant serving, artisanal dining and memorable presentation.

This piece is ideal for table styling, serving, gifting and artisanal dining experiences. Each item carries the natural charm of handmade pottery, with small variations in tone, texture and finish that make every product unique. It is a beautiful choice for customers looking for authentic Mauritian craftsmanship, meaningful gifts, traditional pieces and elegant décor.

Specifications:
- Category: Tableware
- Material: Natural clay
- Colour/finish: Natural earthy clay tone
- Reference code: 105
- Approximate size: Approximate size shown in product image
- Capacity: 110 ml
- Price: Rs 550
- Origin: Ram Pottery Mauritius
- Care: Handle with care; wipe gently with a soft cloth; avoid sudden impact or harsh cleaning chemicals.",Clay Cup 110ml Ref 105 | Handmade Pottery Mauritius,"Buy Clay Cup 110ml Ref 105 from Ram Pottery Mauritius. Handmade natural clay for tableware, décor, gifting and traditional use. Ref 105. Rs 550.",Clay Cup 110ml Ref 105 - Tableware handmade by Ram Pottery Mauritius,clay-cup-110ml-rs-550-ref-105.webp,C:\Dev\ram-potteey-ecom\public\product-images-optimized\clay-cup-110ml-rs-550-ref-105.webp,1000,TRUE,TRUE,Natural clay,Natural earthy clay tone,Category: Tableware | Material: Natural clay | Colour/finish: Natural earthy clay tone | Reference: 105 | Size: Approximate size shown in product image | Capacity: 110 ml | Stock: 1000
C:\Dev\ram-potteey-ecom\public\product-images-optimized\clay-cup-110ml-rs-550-ref-112.webp,C:\Dev\ram-potteey-ecom\public\product-images-optimized,clay-cup-110ml-rs-550-ref-112.webp,Tableware,Tableware,Clay Cup 110ml Ref 112,clay-cup-110ml-ref-112,550,688,Best Deal,112,,,"Handcrafted natural clay piece from Ram Pottery Mauritius, ideal for table styling, serving, gifting and artisanal dining experiences.","Clay Cup 110ml Ref 112 is a handmade tableware piece from Ram Pottery Mauritius, created for elegant serving, artisanal dining and memorable presentation.

This piece is ideal for table styling, serving, gifting and artisanal dining experiences. Each item carries the natural charm of handmade pottery, with small variations in tone, texture and finish that make every product unique. It is a beautiful choice for customers looking for authentic Mauritian craftsmanship, meaningful gifts, traditional pieces and elegant décor.

Specifications:
- Category: Tableware
- Material: Natural clay
- Colour/finish: Natural earthy clay tone
- Reference code: 112
- Approximate size: Approximate size shown in product image
- Capacity: 110 ml
- Price: Rs 550
- Origin: Ram Pottery Mauritius
- Care: Handle with care; wipe gently with a soft cloth; avoid sudden impact or harsh cleaning chemicals.",Clay Cup 110ml Ref 112 | Handmade Pottery Mauritius,"Buy Clay Cup 110ml Ref 112 from Ram Pottery Mauritius. Handmade natural clay for tableware, décor, gifting and traditional use. Ref 112. Rs 550.",Clay Cup 110ml Ref 112 - Tableware handmade by Ram Pottery Mauritius,clay-cup-110ml-rs-550-ref-112.webp,C:\Dev\ram-potteey-ecom\public\product-images-optimized\clay-cup-110ml-rs-550-ref-112.webp,1000,TRUE,TRUE,Natural clay,Natural earthy clay tone,Category: Tableware | Material: Natural clay | Colour/finish: Natural earthy clay tone | Reference: 112 | Size: Approximate size shown in product image | Capacity: 110 ml | Stock: 1000
C:\Dev\ram-potteey-ecom\public\product-images-optimized\clay-cup-190ml-rs-600-ref-215.webp,C:\Dev\ram-potteey-ecom\public\product-images-optimized,clay-cup-190ml-rs-600-ref-215.webp,Tableware,Tableware,Clay Cup 190ml Ref 215,clay-cup-190ml-ref-215,600,750,Best Deal,215,,,"Handcrafted natural clay piece from Ram Pottery Mauritius, ideal for table styling, serving, gifting and artisanal dining experiences.","Clay Cup 190ml Ref 215 is a handmade tableware piece from Ram Pottery Mauritius, created for elegant serving, artisanal dining and memorable presentation.

This piece is ideal for table styling, serving, gifting and artisanal dining experiences. Each item carries the natural charm of handmade pottery, with small variations in tone, texture and finish that make every product unique. It is a beautiful choice for customers looking for authentic Mauritian craftsmanship, meaningful gifts, traditional pieces and elegant décor.

Specifications:
- Category: Tableware
- Material: Natural clay
- Colour/finish: Natural earthy clay tone
- Reference code: 215
- Approximate size: Approximate size shown in product image
- Capacity: 190 ml
- Price: Rs 600
- Origin: Ram Pottery Mauritius
- Care: Handle with care; wipe gently with a soft cloth; avoid sudden impact or harsh cleaning chemicals.",Clay Cup 190ml Ref 215 | Handmade Pottery Mauritius,"Buy Clay Cup 190ml Ref 215 from Ram Pottery Mauritius. Handmade natural clay for tableware, décor, gifting and traditional use. Ref 215. Rs 600.",Clay Cup 190ml Ref 215 - Tableware handmade by Ram Pottery Mauritius,clay-cup-190ml-rs-600-ref-215.webp,C:\Dev\ram-potteey-ecom\public\product-images-optimized\clay-cup-190ml-rs-600-ref-215.webp,1000,TRUE,TRUE,Natural clay,Natural earthy clay tone,Category: Tableware | Material: Natural clay | Colour/finish: Natural earthy clay tone | Reference: 215 | Size: Approximate size shown in product image | Capacity: 190 ml | Stock: 1000
C:\Dev\ram-potteey-ecom\public\product-images-optimized\clay-cup-250ml-rs-625-ref601.webp,C:\Dev\ram-potteey-ecom\public\product-images-optimized,clay-cup-250ml-rs-625-ref601.webp,Tableware,Tableware,Clay Cup 250ml Ref 601,clay-cup-250ml-ref-601,625,782,Best Deal,601,,,"Handcrafted natural clay piece from Ram Pottery Mauritius, ideal for table styling, serving, gifting and artisanal dining experiences.","Clay Cup 250ml Ref 601 is a handmade tableware piece from Ram Pottery Mauritius, created for elegant serving, artisanal dining and memorable presentation.

This piece is ideal for table styling, serving, gifting and artisanal dining experiences. Each item carries the natural charm of handmade pottery, with small variations in tone, texture and finish that make every product unique. It is a beautiful choice for customers looking for authentic Mauritian craftsmanship, meaningful gifts, traditional pieces and elegant décor.

Specifications:
- Category: Tableware
- Material: Natural clay
- Colour/finish: Natural earthy clay tone
- Reference code: 601
- Approximate size: Approximate size shown in product image
- Capacity: 250 ml
- Price: Rs 625
- Origin: Ram Pottery Mauritius
- Care: Handle with care; wipe gently with a soft cloth; avoid sudden impact or harsh cleaning chemicals.",Clay Cup 250ml Ref 601 | Handmade Pottery Mauritius,"Buy Clay Cup 250ml Ref 601 from Ram Pottery Mauritius. Handmade natural clay for tableware, décor, gifting and traditional use. Ref 601. Rs 625.",Clay Cup 250ml Ref 601 - Tableware handmade by Ram Pottery Mauritius,clay-cup-250ml-rs-625-ref601.webp,C:\Dev\ram-potteey-ecom\public\product-images-optimized\clay-cup-250ml-rs-625-ref601.webp,1000,TRUE,TRUE,Natural clay,Natural earthy clay tone,Category: Tableware | Material: Natural clay | Colour/finish: Natural earthy clay tone | Reference: 601 | Size: Approximate size shown in product image | Capacity: 250 ml | Stock: 1000
C:\Dev\ram-potteey-ecom\public\product-images-optimized\clay-cup-with-glazed-100ml-ref-301-rs-600.webp,C:\Dev\ram-potteey-ecom\public\product-images-optimized,clay-cup-with-glazed-100ml-ref-301-rs-600.webp,Tableware,Tableware,Clay Cup with Glazed 100ml Ref 301,clay-cup-with-glazed-100ml-ref-301,600,750,Best Deal,301,,,"Handcrafted natural clay piece from Ram Pottery Mauritius, ideal for table styling, serving, gifting and artisanal dining experiences.","Clay Cup with Glazed 100ml Ref 301 is a handmade tableware piece from Ram Pottery Mauritius, created for elegant serving, artisanal dining and memorable presentation.

This piece is ideal for table styling, serving, gifting and artisanal dining experiences. Each item carries the natural charm of handmade pottery, with small variations in tone, texture and finish that make every product unique. It is a beautiful choice for customers looking for authentic Mauritian craftsmanship, meaningful gifts, traditional pieces and elegant décor.

Specifications:
- Category: Tableware
- Material: Natural clay
- Colour/finish: Natural earthy clay tone
- Reference code: 301
- Approximate size: Approximate size shown in product image
- Capacity: 100 ml
- Price: Rs 600
- Origin: Ram Pottery Mauritius
- Care: Handle with care; wipe gently with a soft cloth; avoid sudden impact or harsh cleaning chemicals.",Clay Cup with Glazed 100ml Ref 301 | Handmade Pottery Mauritius,"Buy Clay Cup with Glazed 100ml Ref 301 from Ram Pottery Mauritius. Handmade natural clay for tableware, décor, gifting and traditional use. Ref 301. Rs 600.",Clay Cup with Glazed 100ml Ref 301 - Tableware handmade by Ram Pottery Mauritius,clay-cup-with-glazed-100ml-ref-301-rs-600.webp,C:\Dev\ram-potteey-ecom\public\product-images-optimized\clay-cup-with-glazed-100ml-ref-301-rs-600.webp,1000,TRUE,TRUE,Natural clay,Natural earthy clay tone,Category: Tableware | Material: Natural clay | Colour/finish: Natural earthy clay tone | Reference: 301 | Size: Approximate size shown in product image | Capacity: 100 ml | Stock: 1000
C:\Dev\ram-potteey-ecom\public\product-images-optimized\clay-cup-with-glazed-100ml-rs-600-ref-302.webp,C:\Dev\ram-potteey-ecom\public\product-images-optimized,clay-cup-with-glazed-100ml-rs-600-ref-302.webp,Tableware,Tableware,Clay Cup with Glazed 100ml Ref 302,clay-cup-with-glazed-100ml-ref-302,600,750,Best Deal,302,,,"Handcrafted natural clay piece from Ram Pottery Mauritius, ideal for table styling, serving, gifting and artisanal dining experiences.","Clay Cup with Glazed 100ml Ref 302 is a handmade tableware piece from Ram Pottery Mauritius, created for elegant serving, artisanal dining and memorable presentation.

This piece is ideal for table styling, serving, gifting and artisanal dining experiences. Each item carries the natural charm of handmade pottery, with small variations in tone, texture and finish that make every product unique. It is a beautiful choice for customers looking for authentic Mauritian craftsmanship, meaningful gifts, traditional pieces and elegant décor.

Specifications:
- Category: Tableware
- Material: Natural clay
- Colour/finish: Natural earthy clay tone
- Reference code: 302
- Approximate size: Approximate size shown in product image
- Capacity: 100 ml
- Price: Rs 600
- Origin: Ram Pottery Mauritius
- Care: Handle with care; wipe gently with a soft cloth; avoid sudden impact or harsh cleaning chemicals.",Clay Cup with Glazed 100ml Ref 302 | Handmade Pottery Mauritius,"Buy Clay Cup with Glazed 100ml Ref 302 from Ram Pottery Mauritius. Handmade natural clay for tableware, décor, gifting and traditional use. Ref 302. Rs 600.",Clay Cup with Glazed 100ml Ref 302 - Tableware handmade by Ram Pottery Mauritius,clay-cup-with-glazed-100ml-rs-600-ref-302.webp,C:\Dev\ram-potteey-ecom\public\product-images-optimized\clay-cup-with-glazed-100ml-rs-600-ref-302.webp,1000,TRUE,TRUE,Natural clay,Natural earthy clay tone,Category: Tableware | Material: Natural clay | Colour/finish: Natural earthy clay tone | Reference: 302 | Size: Approximate size shown in product image | Capacity: 100 ml | Stock: 1000
C:\Dev\ram-potteey-ecom\public\product-images-optimized\clay-glass-150ml-rs-600-ref-501.webp,C:\Dev\ram-potteey-ecom\public\product-images-optimized,clay-glass-150ml-rs-600-ref-501.webp,Tableware,Tableware,Clay Glass 150ml Ref 501,clay-glass-150ml-ref-501,600,750,Best Deal,501,,,"Handcrafted natural clay piece from Ram Pottery Mauritius, ideal for table styling, serving, gifting and artisanal dining experiences.","Clay Glass 150ml Ref 501 is a handmade tableware piece from Ram Pottery Mauritius, created for elegant serving, artisanal dining and memorable presentation.

This piece is ideal for table styling, serving, gifting and artisanal dining experiences. Each item carries the natural charm of handmade pottery, with small variations in tone, texture and finish that make every product unique. It is a beautiful choice for customers looking for authentic Mauritian craftsmanship, meaningful gifts, traditional pieces and elegant décor.

Specifications:
- Category: Tableware
- Material: Natural clay
- Colour/finish: Natural earthy clay tone
- Reference code: 501
- Approximate size: Approximate size shown in product image
- Capacity: 150 ml
- Price: Rs 600
- Origin: Ram Pottery Mauritius
- Care: Handle with care; wipe gently with a soft cloth; avoid sudden impact or harsh cleaning chemicals.",Clay Glass 150ml Ref 501 | Handmade Pottery Mauritius,"Buy Clay Glass 150ml Ref 501 from Ram Pottery Mauritius. Handmade natural clay for tableware, décor, gifting and traditional use. Ref 501. Rs 600.",Clay Glass 150ml Ref 501 - Tableware handmade by Ram Pottery Mauritius,clay-glass-150ml-rs-600-ref-501.webp,C:\Dev\ram-potteey-ecom\public\product-images-optimized\clay-glass-150ml-rs-600-ref-501.webp,1000,TRUE,TRUE,Natural clay,Natural earthy clay tone,Category: Tableware | Material: Natural clay | Colour/finish: Natural earthy clay tone | Reference: 501 | Size: Approximate size shown in product image | Capacity: 150 ml | Stock: 1000
C:\Dev\ram-potteey-ecom\public\product-images-optimized\clay-glass-180ml-ref-419-rs-700.webp,C:\Dev\ram-potteey-ecom\public\product-images-optimized,clay-glass-180ml-ref-419-rs-700.webp,Tableware,Tableware,Clay Glass 180ml Ref 419,clay-glass-180ml-ref-419,700,875,Best Deal,419,,,"Handcrafted natural clay piece from Ram Pottery Mauritius, ideal for table styling, serving, gifting and artisanal dining experiences.","Clay Glass 180ml Ref 419 is a handmade tableware piece from Ram Pottery Mauritius, created for elegant serving, artisanal dining and memorable presentation.

This piece is ideal for table styling, serving, gifting and artisanal dining experiences. Each item carries the natural charm of handmade pottery, with small variations in tone, texture and finish that make every product unique. It is a beautiful choice for customers looking for authentic Mauritian craftsmanship, meaningful gifts, traditional pieces and elegant décor.

Specifications:
- Category: Tableware
- Material: Natural clay
- Colour/finish: Natural earthy clay tone
- Reference code: 419
- Approximate size: Approximate size shown in product image
- Capacity: 180 ml
- Price: Rs 700
- Origin: Ram Pottery Mauritius
- Care: Handle with care; wipe gently with a soft cloth; avoid sudden impact or harsh cleaning chemicals.",Clay Glass 180ml Ref 419 | Handmade Pottery Mauritius,"Buy Clay Glass 180ml Ref 419 from Ram Pottery Mauritius. Handmade natural clay for tableware, décor, gifting and traditional use. Ref 419. Rs 700.",Clay Glass 180ml Ref 419 - Tableware handmade by Ram Pottery Mauritius,clay-glass-180ml-ref-419-rs-700.webp,C:\Dev\ram-potteey-ecom\public\product-images-optimized\clay-glass-180ml-ref-419-rs-700.webp,1000,TRUE,TRUE,Natural clay,Natural earthy clay tone,Category: Tableware | Material: Natural clay | Colour/finish: Natural earthy clay tone | Reference: 419 | Size: Approximate size shown in product image | Capacity: 180 ml | Stock: 1000
C:\Dev\ram-potteey-ecom\public\product-images-optimized\clay-jug-1500ml-rs-800-ref-10039.webp,C:\Dev\ram-potteey-ecom\public\product-images-optimized,clay-jug-1500ml-rs-800-ref-10039.webp,Tableware,Tableware,Clay Jug 1500ml Ref 10039,clay-jug-1500ml-ref-10039,800,1000,Best Deal,10039,,,"Handcrafted natural clay piece from Ram Pottery Mauritius, ideal for natural water storage, traditional serving and earthy kitchen styling.","Clay Jug 1500ml Ref 10039 is a handmade tableware piece from Ram Pottery Mauritius, created for elegant serving, artisanal dining and memorable presentation.

This piece is ideal for natural water storage, traditional serving and earthy kitchen styling. Each item carries the natural charm of handmade pottery, with small variations in tone, texture and finish that make every product unique. It is a beautiful choice for customers looking for authentic Mauritian craftsmanship, meaningful gifts, traditional pieces and elegant décor.

Specifications:
- Category: Tableware
- Material: Natural clay
- Colour/finish: Natural earthy clay tone
- Reference code: 10039
- Approximate size: Approximate size shown in product image
- Capacity: 1500 ml
- Price: Rs 800
- Origin: Ram Pottery Mauritius
- Care: Handle with care; wipe gently with a soft cloth; avoid sudden impact or harsh cleaning chemicals.",Clay Jug 1500ml Ref 10039 | Handmade Pottery Mauritius,"Buy Clay Jug 1500ml Ref 10039 from Ram Pottery Mauritius. Handmade natural clay for tableware, décor, gifting and traditional use. Ref 10039. Rs 800.",Clay Jug 1500ml Ref 10039 - Tableware handmade by Ram Pottery Mauritius,clay-jug-1500ml-rs-800-ref-10039.webp,C:\Dev\ram-potteey-ecom\public\product-images-optimized\clay-jug-1500ml-rs-800-ref-10039.webp,1000,TRUE,TRUE,Natural clay,Natural earthy clay tone,Category: Tableware | Material: Natural clay | Colour/finish: Natural earthy clay tone | Reference: 10039 | Size: Approximate size shown in product image | Capacity: 1500 ml | Stock: 1000
C:\Dev\ram-potteey-ecom\public\product-images-optimized\clay-jug-rf-10155-rs-700-2l.webp,C:\Dev\ram-potteey-ecom\public\product-images-optimized,clay-jug-rf-10155-rs-700-2l.webp,Tableware,Tableware,Clay Jug 2L,clay-jug-2l,700,875,Best Deal,,,,"Handcrafted natural clay piece from Ram Pottery Mauritius, ideal for natural water storage, traditional serving and earthy kitchen styling.","Clay Jug 2L is a handmade tableware piece from Ram Pottery Mauritius, created for elegant serving, artisanal dining and memorable presentation.

This piece is ideal for natural water storage, traditional serving and earthy kitchen styling. Each item carries the natural charm of handmade pottery, with small variations in tone, texture and finish that make every product unique. It is a beautiful choice for customers looking for authentic Mauritian craftsmanship, meaningful gifts, traditional pieces and elegant décor.

Specifications:
- Category: Tableware
- Material: Natural clay
- Colour/finish: Natural earthy clay tone
- Approximate size: Approximate size shown in product image
- Capacity: 700.2 L
- Price: Rs 700
- Origin: Ram Pottery Mauritius
- Care: Handle with care; wipe gently with a soft cloth; avoid sudden impact or harsh cleaning chemicals.",Clay Jug 2L | Handmade Pottery Mauritius,"Buy Clay Jug 2L from Ram Pottery Mauritius. Handmade natural clay for tableware, décor, gifting and traditional use. Rs 700.",Clay Jug 2L - Tableware handmade by Ram Pottery Mauritius,clay-jug-rf-10155-rs-700-2l.webp,C:\Dev\ram-potteey-ecom\public\product-images-optimized\clay-jug-rf-10155-rs-700-2l.webp,1000,TRUE,TRUE,Natural clay,Natural earthy clay tone,Category: Tableware | Material: Natural clay | Colour/finish: Natural earthy clay tone | Size: Approximate size shown in product image | Capacity: 700.2 L | Stock: 1000
C:\Dev\ram-potteey-ecom\public\product-images-optimized\clay-jug-rs-600-500ml-rf10038.webp,C:\Dev\ram-potteey-ecom\public\product-images-optimized,clay-jug-rs-600-500ml-rf10038.webp,Tableware,Tableware,Clay Jug 500ml,clay-jug-500ml,600,750,Best Deal,,,,"Handcrafted natural clay piece from Ram Pottery Mauritius, ideal for natural water storage, traditional serving and earthy kitchen styling.","Clay Jug 500ml is a handmade tableware piece from Ram Pottery Mauritius, created for elegant serving, artisanal dining and memorable presentation.

This piece is ideal for natural water storage, traditional serving and earthy kitchen styling. Each item carries the natural charm of handmade pottery, with small variations in tone, texture and finish that make every product unique. It is a beautiful choice for customers looking for authentic Mauritian craftsmanship, meaningful gifts, traditional pieces and elegant décor.

Specifications:
- Category: Tableware
- Material: Natural clay
- Colour/finish: Natural earthy clay tone
- Approximate size: Approximate size shown in product image
- Capacity: 500 ml
- Price: Rs 600
- Origin: Ram Pottery Mauritius
- Care: Handle with care; wipe gently with a soft cloth; avoid sudden impact or harsh cleaning chemicals.",Clay Jug 500ml | Handmade Pottery Mauritius,"Buy Clay Jug 500ml from Ram Pottery Mauritius. Handmade natural clay for tableware, décor, gifting and traditional use. Rs 600.",Clay Jug 500ml - Tableware handmade by Ram Pottery Mauritius,clay-jug-rs-600-500ml-rf10038.webp,C:\Dev\ram-potteey-ecom\public\product-images-optimized\clay-jug-rs-600-500ml-rf10038.webp,1000,TRUE,TRUE,Natural clay,Natural earthy clay tone,Category: Tableware | Material: Natural clay | Colour/finish: Natural earthy clay tone | Size: Approximate size shown in product image | Capacity: 500 ml | Stock: 1000
C:\Dev\ram-potteey-ecom\public\product-images-optimized\clay-saucer-rs-490-13-5cm-ref-10395.webp,C:\Dev\ram-potteey-ecom\public\product-images-optimized,clay-saucer-rs-490-13-5cm-ref-10395.webp,Tableware,Tableware,Clay Saucer Ref 10395,clay-saucer-ref-10395,490,613,Best Deal,10395,,,"Handcrafted natural clay piece from Ram Pottery Mauritius, ideal for table styling, serving, gifting and artisanal dining experiences.","Clay Saucer Ref 10395 is a handmade tableware piece from Ram Pottery Mauritius, created for elegant serving, artisanal dining and memorable presentation.

This piece is ideal for table styling, serving, gifting and artisanal dining experiences. Each item carries the natural charm of handmade pottery, with small variations in tone, texture and finish that make every product unique. It is a beautiful choice for customers looking for authentic Mauritian craftsmanship, meaningful gifts, traditional pieces and elegant décor.

Specifications:
- Category: Tableware
- Material: Natural clay
- Colour/finish: Natural earthy clay tone
- Reference code: 10395
- Approximate size: Approximate size shown in product image
- Price: Rs 490
- Origin: Ram Pottery Mauritius
- Care: Handle with care; wipe gently with a soft cloth; avoid sudden impact or harsh cleaning chemicals.",Clay Saucer Ref 10395 | Handmade Pottery Mauritius,"Buy Clay Saucer Ref 10395 from Ram Pottery Mauritius. Handmade natural clay for tableware, décor, gifting and traditional use. Ref 10395. Rs 490.",Clay Saucer Ref 10395 - Tableware handmade by Ram Pottery Mauritius,clay-saucer-rs-490-13-5cm-ref-10395.webp,C:\Dev\ram-potteey-ecom\public\product-images-optimized\clay-saucer-rs-490-13-5cm-ref-10395.webp,1000,TRUE,TRUE,Natural clay,Natural earthy clay tone,Category: Tableware | Material: Natural clay | Colour/finish: Natural earthy clay tone | Reference: 10395 | Size: Approximate size shown in product image | Stock: 1000
C:\Dev\ram-potteey-ecom\public\product-images-optimized\clay-soup-bowl-230ml-rf-10026-rs-595-12x6cm-soup-bowl.webp,C:\Dev\ram-potteey-ecom\public\product-images-optimized,clay-soup-bowl-230ml-rf-10026-rs-595-12x6cm-soup-bowl.webp,Tableware,Tableware,Clay Soup Bowl 230M X6cm Soup Bowl,clay-soup-bowl-230m-x6cm-soup-bowl,595,744,Best Deal,,,,"Handcrafted natural clay piece from Ram Pottery Mauritius, ideal for table styling, serving, gifting and artisanal dining experiences.","Clay Soup Bowl 230M X6cm Soup Bowl is a handmade tableware piece from Ram Pottery Mauritius, created for elegant serving, artisanal dining and memorable presentation.

This piece is ideal for table styling, serving, gifting and artisanal dining experiences. Each item carries the natural charm of handmade pottery, with small variations in tone, texture and finish that make every product unique. It is a beautiful choice for customers looking for authentic Mauritian craftsmanship, meaningful gifts, traditional pieces and elegant décor.

Specifications:
- Category: Tableware
- Material: Natural clay
- Colour/finish: Natural earthy clay tone
- Approximate size: 12 cm × 6 cm
- Capacity: 230 ml
- Price: Rs 595
- Origin: Ram Pottery Mauritius
- Care: Handle with care; wipe gently with a soft cloth; avoid sudden impact or harsh cleaning chemicals.",Clay Soup Bowl 230M X6cm Soup Bowl | Handmade Pottery Mauritius,"Buy Clay Soup Bowl 230M X6cm Soup Bowl from Ram Pottery Mauritius. Handmade natural clay for tableware, décor, gifting and traditional use. Rs 595.",Clay Soup Bowl 230M X6cm Soup Bowl - Tableware handmade by Ram Pottery Mauritius,clay-soup-bowl-230ml-rf-10026-rs-595-12x6cm-soup-bowl.webp,C:\Dev\ram-potteey-ecom\public\product-images-optimized\clay-soup-bowl-230ml-rf-10026-rs-595-12x6cm-soup-bowl.webp,1000,TRUE,TRUE,Natural clay,Natural earthy clay tone,Category: Tableware | Material: Natural clay | Colour/finish: Natural earthy clay tone | Size: 12 cm × 6 cm | Capacity: 230 ml | Stock: 1000
C:\Dev\ram-potteey-ecom\public\product-images-optimized\clay-wine-glass-140ml-rs-225-10024.webp,C:\Dev\ram-potteey-ecom\public\product-images-optimized,clay-wine-glass-140ml-rs-225-10024.webp,Tableware,Tableware,Clay Wine Glass 140ml 10024,clay-wine-glass-140ml-10024,225,282,Best Deal,,,,"Handcrafted natural clay piece from Ram Pottery Mauritius, ideal for table styling, serving, gifting and artisanal dining experiences.","Clay Wine Glass 140ml 10024 is a handmade tableware piece from Ram Pottery Mauritius, created for elegant serving, artisanal dining and memorable presentation.

This piece is ideal for table styling, serving, gifting and artisanal dining experiences. Each item carries the natural charm of handmade pottery, with small variations in tone, texture and finish that make every product unique. It is a beautiful choice for customers looking for authentic Mauritian craftsmanship, meaningful gifts, traditional pieces and elegant décor.

Specifications:
- Category: Tableware
- Material: Natural clay
- Colour/finish: Natural earthy clay tone
- Approximate size: Approximate size shown in product image
- Capacity: 140 ml
- Price: Rs 225
- Origin: Ram Pottery Mauritius
- Care: Handle with care; wipe gently with a soft cloth; avoid sudden impact or harsh cleaning chemicals.",Clay Wine Glass 140ml 10024 | Handmade Pottery Mauritius,"Buy Clay Wine Glass 140ml 10024 from Ram Pottery Mauritius. Handmade natural clay for tableware, décor, gifting and traditional use. Rs 225.",Clay Wine Glass 140ml 10024 - Tableware handmade by Ram Pottery Mauritius,clay-wine-glass-140ml-rs-225-10024.webp,C:\Dev\ram-potteey-ecom\public\product-images-optimized\clay-wine-glass-140ml-rs-225-10024.webp,1000,TRUE,TRUE,Natural clay,Natural earthy clay tone,Category: Tableware | Material: Natural clay | Colour/finish: Natural earthy clay tone | Size: Approximate size shown in product image | Capacity: 140 ml | Stock: 1000
C:\Dev\ram-potteey-ecom\public\product-images-optimized\clay-wine-glass-180ml-rs-675-wine-glass.webp,C:\Dev\ram-potteey-ecom\public\product-images-optimized,clay-wine-glass-180ml-rs-675-wine-glass.webp,Tableware,Tableware,Clay Wine Glass 180ml Wine Glass,clay-wine-glass-180ml-wine-glass,675,844,Best Deal,,,,"Handcrafted natural clay piece from Ram Pottery Mauritius, ideal for table styling, serving, gifting and artisanal dining experiences.","Clay Wine Glass 180ml Wine Glass is a handmade tableware piece from Ram Pottery Mauritius, created for elegant serving, artisanal dining and memorable presentation.

This piece is ideal for table styling, serving, gifting and artisanal dining experiences. Each item carries the natural charm of handmade pottery, with small variations in tone, texture and finish that make every product unique. It is a beautiful choice for customers looking for authentic Mauritian craftsmanship, meaningful gifts, traditional pieces and elegant décor.

Specifications:
- Category: Tableware
- Material: Natural clay
- Colour/finish: Natural earthy clay tone
- Approximate size: Approximate size shown in product image
- Capacity: 180 ml
- Price: Rs 675
- Origin: Ram Pottery Mauritius
- Care: Handle with care; wipe gently with a soft cloth; avoid sudden impact or harsh cleaning chemicals.",Clay Wine Glass 180ml Wine Glass | Handmade Pottery Mauritius,"Buy Clay Wine Glass 180ml Wine Glass from Ram Pottery Mauritius. Handmade natural clay for tableware, décor, gifting and traditional use. Rs 675.",Clay Wine Glass 180ml Wine Glass - Tableware handmade by Ram Pottery Mauritius,clay-wine-glass-180ml-rs-675-wine-glass.webp,C:\Dev\ram-potteey-ecom\public\product-images-optimized\clay-wine-glass-180ml-rs-675-wine-glass.webp,1000,TRUE,TRUE,Natural clay,Natural earthy clay tone,Category: Tableware | Material: Natural clay | Colour/finish: Natural earthy clay tone | Size: Approximate size shown in product image | Capacity: 180 ml | Stock: 1000
C:\Dev\ram-potteey-ecom\public\product-images-optimized\dipping-bowl-70ml-rs-410-9x4cm-ref-10028.webp,C:\Dev\ram-potteey-ecom\public\product-images-optimized,dipping-bowl-70ml-rs-410-9x4cm-ref-10028.webp,Tableware,Tableware,Dipping Bowl 70ml 9x4cm Ref 10028,dipping-bowl-70ml-9x4cm-ref-10028,410,513,Best Deal,10028,,,"Handcrafted handcrafted pottery / artisan material piece from Ram Pottery Mauritius, ideal for table styling, serving, gifting and artisanal dining experiences.","Dipping Bowl 70ml 9x4cm Ref 10028 is a handmade tableware piece from Ram Pottery Mauritius, created for elegant serving, artisanal dining and memorable presentation.

This piece is ideal for table styling, serving, gifting and artisanal dining experiences. Each item carries the natural charm of handmade pottery, with small variations in tone, texture and finish that make every product unique. It is a beautiful choice for customers looking for authentic Mauritian craftsmanship, meaningful gifts, traditional pieces and elegant décor.

Specifications:
- Category: Tableware
- Material: Handcrafted pottery / artisan material
- Colour/finish: As shown in product image
- Reference code: 10028
- Approximate size: 9 cm × 4 cm
- Capacity: 70 ml
- Price: Rs 410
- Origin: Ram Pottery Mauritius
- Care: Handle with care; wipe gently with a soft cloth; avoid sudden impact or harsh cleaning chemicals.",Dipping Bowl 70ml 9x4cm Ref 10028 | Handmade Pottery Mauritius,"Buy Dipping Bowl 70ml 9x4cm Ref 10028 from Ram Pottery Mauritius. Handmade handcrafted pottery / artisan material for tableware, décor, gifting and traditional use. Ref 10028. Rs 410.",Dipping Bowl 70ml 9x4cm Ref 10028 - Tableware handmade by Ram Pottery Mauritius,dipping-bowl-70ml-rs-410-9x4cm-ref-10028.webp,C:\Dev\ram-potteey-ecom\public\product-images-optimized\dipping-bowl-70ml-rs-410-9x4cm-ref-10028.webp,1000,TRUE,TRUE,Handcrafted pottery / artisan material,As shown in product image,Category: Tableware | Material: Handcrafted pottery / artisan material | Colour/finish: As shown in product image | Reference: 10028 | Size: 9 cm × 4 cm | Capacity: 70 ml | Stock: 1000
C:\Dev\ram-potteey-ecom\public\product-images-optimized\ice-cream-bowl-120ml-diameter-11-5cm-rs-30-rf-10162.webp,C:\Dev\ram-potteey-ecom\public\product-images-optimized,ice-cream-bowl-120ml-diameter-11-5cm-rs-30-rf-10162.webp,Tableware,Tableware,Ice Cream Bowl 120ml Diameter,ice-cream-bowl-120ml-diameter,30,38,Best Deal,,,,"Handcrafted handcrafted pottery / artisan material piece from Ram Pottery Mauritius, ideal for table styling, serving, gifting and artisanal dining experiences.","Ice Cream Bowl 120ml Diameter is a handmade tableware piece from Ram Pottery Mauritius, created for elegant serving, artisanal dining and memorable presentation.

This piece is ideal for table styling, serving, gifting and artisanal dining experiences. Each item carries the natural charm of handmade pottery, with small variations in tone, texture and finish that make every product unique. It is a beautiful choice for customers looking for authentic Mauritian craftsmanship, meaningful gifts, traditional pieces and elegant décor.

Specifications:
- Category: Tableware
- Material: Handcrafted pottery / artisan material
- Colour/finish: As shown in product image
- Approximate size: Approximate size shown in product image
- Capacity: 120 ml
- Price: Rs 30
- Origin: Ram Pottery Mauritius
- Care: Handle with care; wipe gently with a soft cloth; avoid sudden impact or harsh cleaning chemicals.",Ice Cream Bowl 120ml Diameter | Handmade Pottery Mauritius,"Buy Ice Cream Bowl 120ml Diameter from Ram Pottery Mauritius. Handmade handcrafted pottery / artisan material for tableware, décor, gifting and traditional use. Rs 30.",Ice Cream Bowl 120ml Diameter - Tableware handmade by Ram Pottery Mauritius,ice-cream-bowl-120ml-diameter-11-5cm-rs-30-rf-10162.webp,C:\Dev\ram-potteey-ecom\public\product-images-optimized\ice-cream-bowl-120ml-diameter-11-5cm-rs-30-rf-10162.webp,1000,TRUE,TRUE,Handcrafted pottery / artisan material,As shown in product image,Category: Tableware | Material: Handcrafted pottery / artisan material | Colour/finish: As shown in product image | Size: Approximate size shown in product image | Capacity: 120 ml | Stock: 1000
C:\Dev\ram-potteey-ecom\public\product-images-optimized\clay-urli-35-x14-cm-rs-1200.webp,C:\Dev\ram-potteey-ecom\public\product-images-optimized,clay-urli-35-x14-cm-rs-1200.webp,Terracotta Home Decor,Terracotta Home Decor,Clay Urli 35 X14 Cm,clay-urli-35-x14-cm,1200,1500,,,,,"Handcrafted terracotta clay piece from Ram Pottery Mauritius, ideal for home décor, gifting, cultural events, hotels, boutiques and premium artisan styling.","Clay Urli 35 X14 Cm is a premium terracotta home décor piece from Ram Pottery Mauritius, designed to bring warmth, texture and statement artisan style to any space.

This piece is ideal for home décor, gifting, cultural events, hotels, boutiques and premium artisan styling. Each item carries the natural charm of handmade pottery, with small variations in tone, texture and finish that make every product unique. It is a beautiful choice for customers looking for authentic Mauritian craftsmanship, meaningful gifts, traditional pieces and elegant décor.

Specifications:
- Category: Terracotta Home Decor
- Material: Terracotta clay
- Colour/finish: Natural earthy clay tone
- Approximate size: Approximate size shown in product image
- Price: Rs 1200
- Origin: Ram Pottery Mauritius
- Care: Handle with care; wipe gently with a soft cloth; avoid sudden impact or harsh cleaning chemicals.",Clay Urli 35 X14 Cm | Handmade Pottery Mauritius,"Buy Clay Urli 35 X14 Cm from Ram Pottery Mauritius. Handmade terracotta clay for terracotta home decor, décor, gifting and traditional use. Rs 1200.",Clay Urli 35 X14 Cm - Terracotta Home Decor handmade by Ram Pottery Mauritius,clay-urli-35-x14-cm-rs-1200.webp,C:\Dev\ram-potteey-ecom\public\product-images-optimized\clay-urli-35-x14-cm-rs-1200.webp,1000,TRUE,TRUE,Terracotta clay,Natural earthy clay tone,Category: Terracotta Home Decor | Material: Terracotta clay | Colour/finish: Natural earthy clay tone | Size: Approximate size shown in product image | Stock: 1000
C:\Dev\ram-potteey-ecom\public\product-images-optimized\terracota-clay-lantern-h66-rf-10302-rs-2500.webp,C:\Dev\ram-potteey-ecom\public\product-images-optimized,terracota-clay-lantern-h66-rf-10302-rs-2500.webp,Terracotta Home Decor,Terracotta Home Decor,Terracota Clay Lantern,terracota-clay-lantern,2500,3125,Featured,,66,,"Handcrafted terracotta clay piece from Ram Pottery Mauritius, ideal for gifting, home styling, verandas, resorts, boutiques and Mauritian artisan décor.","Terracota Clay Lantern is a premium terracotta home décor piece from Ram Pottery Mauritius, designed to bring warmth, texture and statement artisan style to any space.

This piece is ideal for gifting, home styling, verandas, resorts, boutiques and Mauritian artisan décor. Each item carries the natural charm of handmade pottery, with small variations in tone, texture and finish that make every product unique. It is a beautiful choice for customers looking for authentic Mauritian craftsmanship, meaningful gifts, traditional pieces and elegant décor.

Specifications:
- Category: Terracotta Home Decor
- Material: Terracotta clay
- Colour/finish: Natural earthy clay tone
- Approximate size: H 66 cm
- Price: Rs 2500
- Origin: Ram Pottery Mauritius
- Care: Handle with care; wipe gently with a soft cloth; avoid sudden impact or harsh cleaning chemicals.",Terracota Clay Lantern | Handmade Pottery Mauritius,"Buy Terracota Clay Lantern from Ram Pottery Mauritius. Handmade terracotta clay for terracotta home decor, décor, gifting and traditional use. Rs 2500.",Terracota Clay Lantern - Terracotta Home Decor handmade by Ram Pottery Mauritius,terracota-clay-lantern-h66-rf-10302-rs-2500.webp,C:\Dev\ram-potteey-ecom\public\product-images-optimized\terracota-clay-lantern-h66-rf-10302-rs-2500.webp,1000,TRUE,TRUE,Terracotta clay,Natural earthy clay tone,Category: Terracotta Home Decor | Material: Terracotta clay | Colour/finish: Natural earthy clay tone | Size: H 66 cm | Stock: 1000
C:\Dev\ram-potteey-ecom\public\product-images-optimized\terracota-stool-with-bamboo-design-rs-1200-h33cm.webp,C:\Dev\ram-potteey-ecom\public\product-images-optimized,terracota-stool-with-bamboo-design-rs-1200-h33cm.webp,Terracotta Home Decor,Terracotta Home Decor,Terracota Stool with Bamboo Design,terracota-stool-with-bamboo-design,1200,1500,,,33,,"Handcrafted terracotta clay piece from Ram Pottery Mauritius, ideal for gifting, home styling, verandas, resorts, boutiques and Mauritian artisan décor.","Terracota Stool with Bamboo Design is a premium terracotta home décor piece from Ram Pottery Mauritius, designed to bring warmth, texture and statement artisan style to any space.

This piece is ideal for gifting, home styling, verandas, resorts, boutiques and Mauritian artisan décor. Each item carries the natural charm of handmade pottery, with small variations in tone, texture and finish that make every product unique. It is a beautiful choice for customers looking for authentic Mauritian craftsmanship, meaningful gifts, traditional pieces and elegant décor.

Specifications:
- Category: Terracotta Home Decor
- Material: Terracotta clay
- Colour/finish: Natural earthy clay tone
- Approximate size: H 33 cm
- Price: Rs 1200
- Origin: Ram Pottery Mauritius
- Care: Handle with care; wipe gently with a soft cloth; avoid sudden impact or harsh cleaning chemicals.",Terracota Stool with Bamboo Design | Handmade Pottery Mauritius,"Buy Terracota Stool with Bamboo Design from Ram Pottery Mauritius. Handmade terracotta clay for terracotta home decor, décor, gifting and traditional use. Rs 1200.",Terracota Stool with Bamboo Design - Terracotta Home Decor handmade by Ram Pottery Mauritius,terracota-stool-with-bamboo-design-rs-1200-h33cm.webp,C:\Dev\ram-potteey-ecom\public\product-images-optimized\terracota-stool-with-bamboo-design-rs-1200-h33cm.webp,1000,TRUE,TRUE,Terracotta clay,Natural earthy clay tone,Category: Terracotta Home Decor | Material: Terracotta clay | Colour/finish: Natural earthy clay tone | Size: H 33 cm | Stock: 1000
C:\Dev\ram-potteey-ecom\public\product-images-optimized\terracotta-clay-lantern-rs-1200-rf-10303-h-45cm.webp,C:\Dev\ram-potteey-ecom\public\product-images-optimized,terracotta-clay-lantern-rs-1200-rf-10303-h-45cm.webp,Terracotta Home Decor,Terracotta Home Decor,Terracotta Clay Lantern,terracotta-clay-lantern,1200,1500,,,45,,"Handcrafted terracotta clay piece from Ram Pottery Mauritius, ideal for gifting, home styling, verandas, resorts, boutiques and Mauritian artisan décor.","Terracotta Clay Lantern is a premium terracotta home décor piece from Ram Pottery Mauritius, designed to bring warmth, texture and statement artisan style to any space.

This piece is ideal for gifting, home styling, verandas, resorts, boutiques and Mauritian artisan décor. Each item carries the natural charm of handmade pottery, with small variations in tone, texture and finish that make every product unique. It is a beautiful choice for customers looking for authentic Mauritian craftsmanship, meaningful gifts, traditional pieces and elegant décor.

Specifications:
- Category: Terracotta Home Decor
- Material: Terracotta clay
- Colour/finish: Natural earthy clay tone
- Approximate size: H 45 cm
- Price: Rs 1200
- Origin: Ram Pottery Mauritius
- Care: Handle with care; wipe gently with a soft cloth; avoid sudden impact or harsh cleaning chemicals.",Terracotta Clay Lantern | Handmade Pottery Mauritius,"Buy Terracotta Clay Lantern from Ram Pottery Mauritius. Handmade terracotta clay for terracotta home decor, décor, gifting and traditional use. Rs 1200.",Terracotta Clay Lantern - Terracotta Home Decor handmade by Ram Pottery Mauritius,terracotta-clay-lantern-rs-1200-rf-10303-h-45cm.webp,C:\Dev\ram-potteey-ecom\public\product-images-optimized\terracotta-clay-lantern-rs-1200-rf-10303-h-45cm.webp,1000,TRUE,TRUE,Terracotta clay,Natural earthy clay tone,Category: Terracotta Home Decor | Material: Terracotta clay | Colour/finish: Natural earthy clay tone | Size: H 45 cm | Stock: 1000
C:\Dev\ram-potteey-ecom\public\product-images-optimized\terracotta-clay-stool-with-elephant-design-rs-1450-h33-d35-ref-10290.webp,C:\Dev\ram-potteey-ecom\public\product-images-optimized,terracotta-clay-stool-with-elephant-design-rs-1450-h33-d35-ref-10290.webp,Terracotta Home Decor,Terracotta Home Decor,Terracotta Clay Stool with Elephant Design Ref 10290,terracotta-clay-stool-with-elephant-design-ref-10290,1450,1813,,10290,33,,"Handcrafted terracotta clay piece from Ram Pottery Mauritius, ideal for gifting, home styling, verandas, resorts, boutiques and Mauritian artisan décor.","Terracotta Clay Stool with Elephant Design Ref 10290 is a premium terracotta home décor piece from Ram Pottery Mauritius, designed to bring warmth, texture and statement artisan style to any space.

This piece is ideal for gifting, home styling, verandas, resorts, boutiques and Mauritian artisan décor. Each item carries the natural charm of handmade pottery, with small variations in tone, texture and finish that make every product unique. It is a beautiful choice for customers looking for authentic Mauritian craftsmanship, meaningful gifts, traditional pieces and elegant décor.

Specifications:
- Category: Terracotta Home Decor
- Material: Terracotta clay
- Colour/finish: Natural earthy clay tone
- Reference code: 10290
- Approximate size: H 33 cm
- Price: Rs 1450
- Origin: Ram Pottery Mauritius
- Care: Handle with care; wipe gently with a soft cloth; avoid sudden impact or harsh cleaning chemicals.",Terracotta Clay Stool with Elephant Design Ref 10290 | Handmade Pottery Mauritius,"Buy Terracotta Clay Stool with Elephant Design Ref 10290 from Ram Pottery Mauritius. Handmade terracotta clay for terracotta home decor, décor, gifting and traditional use. Ref 10290. Rs 1450.",Terracotta Clay Stool with Elephant Design Ref 10290 - Terracotta Home Decor handmade by Ram Pottery Mauritius,terracotta-clay-stool-with-elephant-design-rs-1450-h33-d35-ref-10290.webp,C:\Dev\ram-potteey-ecom\public\product-images-optimized\terracotta-clay-stool-with-elephant-design-rs-1450-h33-d35-ref-10290.webp,1000,TRUE,TRUE,Terracotta clay,Natural earthy clay tone,Category: Terracotta Home Decor | Material: Terracotta clay | Colour/finish: Natural earthy clay tone | Reference: 10290 | Size: H 33 cm | Stock: 1000
C:\Dev\ram-potteey-ecom\public\product-images-optimized\terracotta-pot-rs-2700-rf-10262-h25-d-40.webp,C:\Dev\ram-potteey-ecom\public\product-images-optimized,terracotta-pot-rs-2700-rf-10262-h25-d-40.webp,Terracotta Home Decor,Terracotta Home Decor,Terracotta Pot,terracotta-pot,2700,3375,Featured,,25,,"Handcrafted terracotta clay piece from Ram Pottery Mauritius, ideal for gardens, patios, balconies, hotel spaces and elegant indoor greenery.","Terracotta Pot is a premium terracotta home décor piece from Ram Pottery Mauritius, designed to bring warmth, texture and statement artisan style to any space.

This piece is ideal for gardens, patios, balconies, hotel spaces and elegant indoor greenery. Each item carries the natural charm of handmade pottery, with small variations in tone, texture and finish that make every product unique. It is a beautiful choice for customers looking for authentic Mauritian craftsmanship, meaningful gifts, traditional pieces and elegant décor.

Specifications:
- Category: Terracotta Home Decor
- Material: Terracotta clay
- Colour/finish: Natural earthy clay tone
- Approximate size: H 25 cm
- Price: Rs 2700
- Origin: Ram Pottery Mauritius
- Care: Handle with care; wipe gently with a soft cloth; avoid sudden impact or harsh cleaning chemicals.",Terracotta Pot | Handmade Pottery Mauritius,"Buy Terracotta Pot from Ram Pottery Mauritius. Handmade terracotta clay for terracotta home decor, décor, gifting and traditional use. Rs 2700.",Terracotta Pot - Terracotta Home Decor handmade by Ram Pottery Mauritius,terracotta-pot-rs-2700-rf-10262-h25-d-40.webp,C:\Dev\ram-potteey-ecom\public\product-images-optimized\terracotta-pot-rs-2700-rf-10262-h25-d-40.webp,1000,TRUE,TRUE,Terracotta clay,Natural earthy clay tone,Category: Terracotta Home Decor | Material: Terracotta clay | Colour/finish: Natural earthy clay tone | Size: H 25 cm | Stock: 1000
C:\Dev\ram-potteey-ecom\public\product-images-optimized\terracotta-pot-h16-d-16-rf-10187-rs-1500.webp,C:\Dev\ram-potteey-ecom\public\product-images-optimized,terracotta-pot-h16-d-16-rf-10187-rs-1500.webp,Terracotta Home Decor,Terracotta Home Decor,Terracotta Pot,terracotta-pot-2,1500,1875,,,16,,"Handcrafted terracotta clay piece from Ram Pottery Mauritius, ideal for gardens, patios, balconies, hotel spaces and elegant indoor greenery.","Terracotta Pot is a premium terracotta home décor piece from Ram Pottery Mauritius, designed to bring warmth, texture and statement artisan style to any space.

This piece is ideal for gardens, patios, balconies, hotel spaces and elegant indoor greenery. Each item carries the natural charm of handmade pottery, with small variations in tone, texture and finish that make every product unique. It is a beautiful choice for customers looking for authentic Mauritian craftsmanship, meaningful gifts, traditional pieces and elegant décor.

Specifications:
- Category: Terracotta Home Decor
- Material: Terracotta clay
- Colour/finish: Natural earthy clay tone
- Approximate size: H 16 cm
- Price: Rs 1500
- Origin: Ram Pottery Mauritius
- Care: Handle with care; wipe gently with a soft cloth; avoid sudden impact or harsh cleaning chemicals.",Terracotta Pot | Handmade Pottery Mauritius,"Buy Terracotta Pot from Ram Pottery Mauritius. Handmade terracotta clay for terracotta home decor, décor, gifting and traditional use. Rs 1500.",Terracotta Pot - Terracotta Home Decor handmade by Ram Pottery Mauritius,terracotta-pot-h16-d-16-rf-10187-rs-1500.webp,C:\Dev\ram-potteey-ecom\public\product-images-optimized\terracotta-pot-h16-d-16-rf-10187-rs-1500.webp,1000,TRUE,TRUE,Terracotta clay,Natural earthy clay tone,Category: Terracotta Home Decor | Material: Terracotta clay | Colour/finish: Natural earthy clay tone | Size: H 16 cm | Stock: 1000
C:\Dev\ram-potteey-ecom\public\product-images-optimized\terracotta-pot-rs-1500-d32-h-28.webp,C:\Dev\ram-potteey-ecom\public\product-images-optimized,terracotta-pot-rs-1500-d32-h-28.webp,Terracotta Home Decor,Terracotta Home Decor,Terracotta Pot,terracotta-pot-2-2,1500,1875,,,28,,"Handcrafted terracotta clay piece from Ram Pottery Mauritius, ideal for gardens, patios, balconies, hotel spaces and elegant indoor greenery.","Terracotta Pot is a premium terracotta home décor piece from Ram Pottery Mauritius, designed to bring warmth, texture and statement artisan style to any space.

This piece is ideal for gardens, patios, balconies, hotel spaces and elegant indoor greenery. Each item carries the natural charm of handmade pottery, with small variations in tone, texture and finish that make every product unique. It is a beautiful choice for customers looking for authentic Mauritian craftsmanship, meaningful gifts, traditional pieces and elegant décor.

Specifications:
- Category: Terracotta Home Decor
- Material: Terracotta clay
- Colour/finish: Natural earthy clay tone
- Approximate size: H 28 cm
- Price: Rs 1500
- Origin: Ram Pottery Mauritius
- Care: Handle with care; wipe gently with a soft cloth; avoid sudden impact or harsh cleaning chemicals.",Terracotta Pot | Handmade Pottery Mauritius,"Buy Terracotta Pot from Ram Pottery Mauritius. Handmade terracotta clay for terracotta home decor, décor, gifting and traditional use. Rs 1500.",Terracotta Pot - Terracotta Home Decor handmade by Ram Pottery Mauritius,terracotta-pot-rs-1500-d32-h-28.webp,C:\Dev\ram-potteey-ecom\public\product-images-optimized\terracotta-pot-rs-1500-d32-h-28.webp,1000,TRUE,TRUE,Terracotta clay,Natural earthy clay tone,Category: Terracotta Home Decor | Material: Terracotta clay | Colour/finish: Natural earthy clay tone | Size: H 28 cm | Stock: 1000
C:\Dev\ram-potteey-ecom\public\product-images-optimized\terracotta-pot-rs-2100-rf-10261-h20-d38.webp,C:\Dev\ram-potteey-ecom\public\product-images-optimized,terracotta-pot-rs-2100-rf-10261-h20-d38.webp,Terracotta Home Decor,Terracotta Home Decor,Terracotta Pot,terracotta-pot-2-3,2100,2625,Featured,,20,,"Handcrafted terracotta clay piece from Ram Pottery Mauritius, ideal for gardens, patios, balconies, hotel spaces and elegant indoor greenery.","Terracotta Pot is a premium terracotta home décor piece from Ram Pottery Mauritius, designed to bring warmth, texture and statement artisan style to any space.

This piece is ideal for gardens, patios, balconies, hotel spaces and elegant indoor greenery. Each item carries the natural charm of handmade pottery, with small variations in tone, texture and finish that make every product unique. It is a beautiful choice for customers looking for authentic Mauritian craftsmanship, meaningful gifts, traditional pieces and elegant décor.

Specifications:
- Category: Terracotta Home Decor
- Material: Terracotta clay
- Colour/finish: Natural earthy clay tone
- Approximate size: H 20 cm
- Price: Rs 2100
- Origin: Ram Pottery Mauritius
- Care: Handle with care; wipe gently with a soft cloth; avoid sudden impact or harsh cleaning chemicals.",Terracotta Pot | Handmade Pottery Mauritius,"Buy Terracotta Pot from Ram Pottery Mauritius. Handmade terracotta clay for terracotta home decor, décor, gifting and traditional use. Rs 2100.",Terracotta Pot - Terracotta Home Decor handmade by Ram Pottery Mauritius,terracotta-pot-rs-2100-rf-10261-h20-d38.webp,C:\Dev\ram-potteey-ecom\public\product-images-optimized\terracotta-pot-rs-2100-rf-10261-h20-d38.webp,1000,TRUE,TRUE,Terracotta clay,Natural earthy clay tone,Category: Terracotta Home Decor | Material: Terracotta clay | Colour/finish: Natural earthy clay tone | Size: H 20 cm | Stock: 1000
C:\Dev\ram-potteey-ecom\public\product-images-optimized\terracotta-pot-rs-2700-h40-d43-rf-10301.webp,C:\Dev\ram-potteey-ecom\public\product-images-optimized,terracotta-pot-rs-2700-h40-d43-rf-10301.webp,Terracotta Home Decor,Terracotta Home Decor,Terracotta Pot,terracotta-pot-2-4,2700,3375,Featured,,40,,"Handcrafted terracotta clay piece from Ram Pottery Mauritius, ideal for gardens, patios, balconies, hotel spaces and elegant indoor greenery.","Terracotta Pot is a premium terracotta home décor piece from Ram Pottery Mauritius, designed to bring warmth, texture and statement artisan style to any space.

This piece is ideal for gardens, patios, balconies, hotel spaces and elegant indoor greenery. Each item carries the natural charm of handmade pottery, with small variations in tone, texture and finish that make every product unique. It is a beautiful choice for customers looking for authentic Mauritian craftsmanship, meaningful gifts, traditional pieces and elegant décor.

Specifications:
- Category: Terracotta Home Decor
- Material: Terracotta clay
- Colour/finish: Natural earthy clay tone
- Approximate size: H 40 cm
- Price: Rs 2700
- Origin: Ram Pottery Mauritius
- Care: Handle with care; wipe gently with a soft cloth; avoid sudden impact or harsh cleaning chemicals.",Terracotta Pot | Handmade Pottery Mauritius,"Buy Terracotta Pot from Ram Pottery Mauritius. Handmade terracotta clay for terracotta home decor, décor, gifting and traditional use. Rs 2700.",Terracotta Pot - Terracotta Home Decor handmade by Ram Pottery Mauritius,terracotta-pot-rs-2700-h40-d43-rf-10301.webp,C:\Dev\ram-potteey-ecom\public\product-images-optimized\terracotta-pot-rs-2700-h40-d43-rf-10301.webp,1000,TRUE,TRUE,Terracotta clay,Natural earthy clay tone,Category: Terracotta Home Decor | Material: Terracotta clay | Colour/finish: Natural earthy clay tone | Size: H 40 cm | Stock: 1000
C:\Dev\ram-potteey-ecom\public\product-images-optimized\terracotta-pot-with-handle-rs-1600-ref10182-30x32cm.webp,C:\Dev\ram-potteey-ecom\public\product-images-optimized,terracotta-pot-with-handle-rs-1600-ref10182-30x32cm.webp,Terracotta Home Decor,Terracotta Home Decor,Terracotta Pot with Handle 30x32cm Ref 10182,terracotta-pot-with-handle-30x32cm-ref-10182,1600,2000,,10182,,,"Handcrafted terracotta clay piece from Ram Pottery Mauritius, ideal for gardens, patios, balconies, hotel spaces and elegant indoor greenery.","Terracotta Pot with Handle 30x32cm Ref 10182 is a premium terracotta home décor piece from Ram Pottery Mauritius, designed to bring warmth, texture and statement artisan style to any space.

This piece is ideal for gardens, patios, balconies, hotel spaces and elegant indoor greenery. Each item carries the natural charm of handmade pottery, with small variations in tone, texture and finish that make every product unique. It is a beautiful choice for customers looking for authentic Mauritian craftsmanship, meaningful gifts, traditional pieces and elegant décor.

Specifications:
- Category: Terracotta Home Decor
- Material: Terracotta clay
- Colour/finish: Natural earthy clay tone
- Reference code: 10182
- Approximate size: 30 cm × 32 cm
- Price: Rs 1600
- Origin: Ram Pottery Mauritius
- Care: Handle with care; wipe gently with a soft cloth; avoid sudden impact or harsh cleaning chemicals.",Terracotta Pot with Handle 30x32cm Ref 10182 | Handmade Pottery Mauritius,"Buy Terracotta Pot with Handle 30x32cm Ref 10182 from Ram Pottery Mauritius. Handmade terracotta clay for terracotta home decor, décor, gifting and traditional use. Ref 10182. Rs 1600.",Terracotta Pot with Handle 30x32cm Ref 10182 - Terracotta Home Decor handmade by Ram Pottery Mauritius,terracotta-pot-with-handle-rs-1600-ref10182-30x32cm.webp,C:\Dev\ram-potteey-ecom\public\product-images-optimized\terracotta-pot-with-handle-rs-1600-ref10182-30x32cm.webp,1000,TRUE,TRUE,Terracotta clay,Natural earthy clay tone,Category: Terracotta Home Decor | Material: Terracotta clay | Colour/finish: Natural earthy clay tone | Reference: 10182 | Size: 30 cm × 32 cm | Stock: 1000
C:\Dev\ram-potteey-ecom\public\product-images-optimized\terracotta-pot-with-handle-rs-2100-38-x-38cm-ref10183.webp,C:\Dev\ram-potteey-ecom\public\product-images-optimized,terracotta-pot-with-handle-rs-2100-38-x-38cm-ref10183.webp,Terracotta Home Decor,Terracotta Home Decor,Terracotta Pot with Handle 38 X Ref 10183,terracotta-pot-with-handle-38-x-ref-10183,2100,2625,Featured,10183,,,"Handcrafted terracotta clay piece from Ram Pottery Mauritius, ideal for gardens, patios, balconies, hotel spaces and elegant indoor greenery.","Terracotta Pot with Handle 38 X Ref 10183 is a premium terracotta home décor piece from Ram Pottery Mauritius, designed to bring warmth, texture and statement artisan style to any space.

This piece is ideal for gardens, patios, balconies, hotel spaces and elegant indoor greenery. Each item carries the natural charm of handmade pottery, with small variations in tone, texture and finish that make every product unique. It is a beautiful choice for customers looking for authentic Mauritian craftsmanship, meaningful gifts, traditional pieces and elegant décor.

Specifications:
- Category: Terracotta Home Decor
- Material: Terracotta clay
- Colour/finish: Natural earthy clay tone
- Reference code: 10183
- Approximate size: Approximate size shown in product image
- Price: Rs 2100
- Origin: Ram Pottery Mauritius
- Care: Handle with care; wipe gently with a soft cloth; avoid sudden impact or harsh cleaning chemicals.",Terracotta Pot with Handle 38 X Ref 10183 | Handmade Pottery Mauritius,"Buy Terracotta Pot with Handle 38 X Ref 10183 from Ram Pottery Mauritius. Handmade terracotta clay for terracotta home decor, décor, gifting and traditional use. Ref 10183. Rs 2100.",Terracotta Pot with Handle 38 X Ref 10183 - Terracotta Home Decor handmade by Ram Pottery Mauritius,terracotta-pot-with-handle-rs-2100-38-x-38cm-ref10183.webp,C:\Dev\ram-potteey-ecom\public\product-images-optimized\terracotta-pot-with-handle-rs-2100-38-x-38cm-ref10183.webp,1000,TRUE,TRUE,Terracotta clay,Natural earthy clay tone,Category: Terracotta Home Decor | Material: Terracotta clay | Colour/finish: Natural earthy clay tone | Reference: 10183 | Size: Approximate size shown in product image | Stock: 1000
C:\Dev\ram-potteey-ecom\public\product-images-optimized\terracotta-pot-with-handle-rs-2650-43x43cm-rf-10184.webp,C:\Dev\ram-potteey-ecom\public\product-images-optimized,terracotta-pot-with-handle-rs-2650-43x43cm-rf-10184.webp,Terracotta Home Decor,Terracotta Home Decor,Terracotta Pot with Handle 43x43cm,terracotta-pot-with-handle-43x43cm,2650,3313,Featured,,,,"Handcrafted terracotta clay piece from Ram Pottery Mauritius, ideal for gardens, patios, balconies, hotel spaces and elegant indoor greenery.","Terracotta Pot with Handle 43x43cm is a premium terracotta home décor piece from Ram Pottery Mauritius, designed to bring warmth, texture and statement artisan style to any space.

This piece is ideal for gardens, patios, balconies, hotel spaces and elegant indoor greenery. Each item carries the natural charm of handmade pottery, with small variations in tone, texture and finish that make every product unique. It is a beautiful choice for customers looking for authentic Mauritian craftsmanship, meaningful gifts, traditional pieces and elegant décor.

Specifications:
- Category: Terracotta Home Decor
- Material: Terracotta clay
- Colour/finish: Natural earthy clay tone
- Approximate size: 43 cm × 43 cm
- Price: Rs 2650
- Origin: Ram Pottery Mauritius
- Care: Handle with care; wipe gently with a soft cloth; avoid sudden impact or harsh cleaning chemicals.",Terracotta Pot with Handle 43x43cm | Handmade Pottery Mauritius,"Buy Terracotta Pot with Handle 43x43cm from Ram Pottery Mauritius. Handmade terracotta clay for terracotta home decor, décor, gifting and traditional use. Rs 2650.",Terracotta Pot with Handle 43x43cm - Terracotta Home Decor handmade by Ram Pottery Mauritius,terracotta-pot-with-handle-rs-2650-43x43cm-rf-10184.webp,C:\Dev\ram-potteey-ecom\public\product-images-optimized\terracotta-pot-with-handle-rs-2650-43x43cm-rf-10184.webp,1000,TRUE,TRUE,Terracotta clay,Natural earthy clay tone,Category: Terracotta Home Decor | Material: Terracotta clay | Colour/finish: Natural earthy clay tone | Size: 43 cm × 43 cm | Stock: 1000
C:\Dev\ram-potteey-ecom\public\product-images-optimized\terracotta-vase-h47-d25-rs-1900.webp,C:\Dev\ram-potteey-ecom\public\product-images-optimized,terracotta-vase-h47-d25-rs-1900.webp,Terracotta Home Decor,Terracotta Home Decor,Terracotta Vase,terracotta-vase,1900,2375,,,47,,"Handcrafted terracotta clay piece from Ram Pottery Mauritius, ideal for floral arrangements, console styling, hotel décor, gifting and premium interior decoration.","Terracotta Vase is a premium terracotta home décor piece from Ram Pottery Mauritius, designed to bring warmth, texture and statement artisan style to any space.

This piece is ideal for floral arrangements, console styling, hotel décor, gifting and premium interior decoration. Each item carries the natural charm of handmade pottery, with small variations in tone, texture and finish that make every product unique. It is a beautiful choice for customers looking for authentic Mauritian craftsmanship, meaningful gifts, traditional pieces and elegant décor.

Specifications:
- Category: Terracotta Home Decor
- Material: Terracotta clay
- Colour/finish: Natural earthy clay tone
- Approximate size: H 47 cm
- Price: Rs 1900
- Origin: Ram Pottery Mauritius
- Care: Handle with care; wipe gently with a soft cloth; avoid sudden impact or harsh cleaning chemicals.",Terracotta Vase | Handmade Pottery Mauritius,"Buy Terracotta Vase from Ram Pottery Mauritius. Handmade terracotta clay for terracotta home decor, décor, gifting and traditional use. Rs 1900.",Terracotta Vase - Terracotta Home Decor handmade by Ram Pottery Mauritius,terracotta-vase-h47-d25-rs-1900.webp,C:\Dev\ram-potteey-ecom\public\product-images-optimized\terracotta-vase-h47-d25-rs-1900.webp,1000,TRUE,TRUE,Terracotta clay,Natural earthy clay tone,Category: Terracotta Home Decor | Material: Terracotta clay | Colour/finish: Natural earthy clay tone | Size: H 47 cm | Stock: 1000
C:\Dev\ram-potteey-ecom\public\product-images-optimized\terracotta-vase-h78cm-rs-4200-rf-10254.webp,C:\Dev\ram-potteey-ecom\public\product-images-optimized,terracotta-vase-h78cm-rs-4200-rf-10254.webp,Terracotta Home Decor,Terracotta Home Decor,Terracotta Vase,terracotta-vase-2,4200,5250,Featured,,78,,"Handcrafted terracotta clay piece from Ram Pottery Mauritius, ideal for floral arrangements, console styling, hotel décor, gifting and premium interior decoration.","Terracotta Vase is a premium terracotta home décor piece from Ram Pottery Mauritius, designed to bring warmth, texture and statement artisan style to any space.

This piece is ideal for floral arrangements, console styling, hotel décor, gifting and premium interior decoration. Each item carries the natural charm of handmade pottery, with small variations in tone, texture and finish that make every product unique. It is a beautiful choice for customers looking for authentic Mauritian craftsmanship, meaningful gifts, traditional pieces and elegant décor.

Specifications:
- Category: Terracotta Home Decor
- Material: Terracotta clay
- Colour/finish: Natural earthy clay tone
- Approximate size: H 78 cm
- Price: Rs 4200
- Origin: Ram Pottery Mauritius
- Care: Handle with care; wipe gently with a soft cloth; avoid sudden impact or harsh cleaning chemicals.",Terracotta Vase | Handmade Pottery Mauritius,"Buy Terracotta Vase from Ram Pottery Mauritius. Handmade terracotta clay for terracotta home decor, décor, gifting and traditional use. Rs 4200.",Terracotta Vase - Terracotta Home Decor handmade by Ram Pottery Mauritius,terracotta-vase-h78cm-rs-4200-rf-10254.webp,C:\Dev\ram-potteey-ecom\public\product-images-optimized\terracotta-vase-h78cm-rs-4200-rf-10254.webp,1000,TRUE,TRUE,Terracotta clay,Natural earthy clay tone,Category: Terracotta Home Decor | Material: Terracotta clay | Colour/finish: Natural earthy clay tone | Size: H 78 cm | Stock: 1000
C:\Dev\ram-potteey-ecom\public\product-images-optimized\terracotta-vase-rf-10256-rs-3800-65cm.webp,C:\Dev\ram-potteey-ecom\public\product-images-optimized,terracotta-vase-rf-10256-rs-3800-65cm.webp,Terracotta Home Decor,Terracotta Home Decor,Terracotta Vase,terracotta-vase-2-2,3800,4750,Featured,,,,"Handcrafted terracotta clay piece from Ram Pottery Mauritius, ideal for floral arrangements, console styling, hotel décor, gifting and premium interior decoration.","Terracotta Vase is a premium terracotta home décor piece from Ram Pottery Mauritius, designed to bring warmth, texture and statement artisan style to any space.

This piece is ideal for floral arrangements, console styling, hotel décor, gifting and premium interior decoration. Each item carries the natural charm of handmade pottery, with small variations in tone, texture and finish that make every product unique. It is a beautiful choice for customers looking for authentic Mauritian craftsmanship, meaningful gifts, traditional pieces and elegant décor.

Specifications:
- Category: Terracotta Home Decor
- Material: Terracotta clay
- Colour/finish: Natural earthy clay tone
- Approximate size: Approximate size shown in product image
- Price: Rs 3800
- Origin: Ram Pottery Mauritius
- Care: Handle with care; wipe gently with a soft cloth; avoid sudden impact or harsh cleaning chemicals.",Terracotta Vase | Handmade Pottery Mauritius,"Buy Terracotta Vase from Ram Pottery Mauritius. Handmade terracotta clay for terracotta home decor, décor, gifting and traditional use. Rs 3800.",Terracotta Vase - Terracotta Home Decor handmade by Ram Pottery Mauritius,terracotta-vase-rf-10256-rs-3800-65cm.webp,C:\Dev\ram-potteey-ecom\public\product-images-optimized\terracotta-vase-rf-10256-rs-3800-65cm.webp,1000,TRUE,TRUE,Terracotta clay,Natural earthy clay tone,Category: Terracotta Home Decor | Material: Terracotta clay | Colour/finish: Natural earthy clay tone | Size: Approximate size shown in product image | Stock: 1000
C:\Dev\ram-potteey-ecom\public\product-images-optimized\terracotta-vase-rs-1550-rf-10295-h32cm.webp,C:\Dev\ram-potteey-ecom\public\product-images-optimized,terracotta-vase-rs-1550-rf-10295-h32cm.webp,Terracotta Home Decor,Terracotta Home Decor,Terracotta Vase,terracotta-vase-2-3,1550,1938,,,32,,"Handcrafted terracotta clay piece from Ram Pottery Mauritius, ideal for floral arrangements, console styling, hotel décor, gifting and premium interior decoration.","Terracotta Vase is a premium terracotta home décor piece from Ram Pottery Mauritius, designed to bring warmth, texture and statement artisan style to any space.

This piece is ideal for floral arrangements, console styling, hotel décor, gifting and premium interior decoration. Each item carries the natural charm of handmade pottery, with small variations in tone, texture and finish that make every product unique. It is a beautiful choice for customers looking for authentic Mauritian craftsmanship, meaningful gifts, traditional pieces and elegant décor.

Specifications:
- Category: Terracotta Home Decor
- Material: Terracotta clay
- Colour/finish: Natural earthy clay tone
- Approximate size: H 32 cm
- Price: Rs 1550
- Origin: Ram Pottery Mauritius
- Care: Handle with care; wipe gently with a soft cloth; avoid sudden impact or harsh cleaning chemicals.",Terracotta Vase | Handmade Pottery Mauritius,"Buy Terracotta Vase from Ram Pottery Mauritius. Handmade terracotta clay for terracotta home decor, décor, gifting and traditional use. Rs 1550.",Terracotta Vase - Terracotta Home Decor handmade by Ram Pottery Mauritius,terracotta-vase-rs-1550-rf-10295-h32cm.webp,C:\Dev\ram-potteey-ecom\public\product-images-optimized\terracotta-vase-rs-1550-rf-10295-h32cm.webp,1000,TRUE,TRUE,Terracotta clay,Natural earthy clay tone,Category: Terracotta Home Decor | Material: Terracotta clay | Colour/finish: Natural earthy clay tone | Size: H 32 cm | Stock: 1000
C:\Dev\ram-potteey-ecom\public\product-images-optimized\terracotta-vase-rs-1900-rf-10293-h48-d-23.webp,C:\Dev\ram-potteey-ecom\public\product-images-optimized,terracotta-vase-rs-1900-rf-10293-h48-d-23.webp,Terracotta Home Decor,Terracotta Home Decor,Terracotta Vase,terracotta-vase-2-4,1900,2375,,,48,,"Handcrafted terracotta clay piece from Ram Pottery Mauritius, ideal for floral arrangements, console styling, hotel décor, gifting and premium interior decoration.","Terracotta Vase is a premium terracotta home décor piece from Ram Pottery Mauritius, designed to bring warmth, texture and statement artisan style to any space.

This piece is ideal for floral arrangements, console styling, hotel décor, gifting and premium interior decoration. Each item carries the natural charm of handmade pottery, with small variations in tone, texture and finish that make every product unique. It is a beautiful choice for customers looking for authentic Mauritian craftsmanship, meaningful gifts, traditional pieces and elegant décor.

Specifications:
- Category: Terracotta Home Decor
- Material: Terracotta clay
- Colour/finish: Natural earthy clay tone
- Approximate size: H 48 cm
- Price: Rs 1900
- Origin: Ram Pottery Mauritius
- Care: Handle with care; wipe gently with a soft cloth; avoid sudden impact or harsh cleaning chemicals.",Terracotta Vase | Handmade Pottery Mauritius,"Buy Terracotta Vase from Ram Pottery Mauritius. Handmade terracotta clay for terracotta home decor, décor, gifting and traditional use. Rs 1900.",Terracotta Vase - Terracotta Home Decor handmade by Ram Pottery Mauritius,terracotta-vase-rs-1900-rf-10293-h48-d-23.webp,C:\Dev\ram-potteey-ecom\public\product-images-optimized\terracotta-vase-rs-1900-rf-10293-h48-d-23.webp,1000,TRUE,TRUE,Terracotta clay,Natural earthy clay tone,Category: Terracotta Home Decor | Material: Terracotta clay | Colour/finish: Natural earthy clay tone | Size: H 48 cm | Stock: 1000
C:\Dev\ram-potteey-ecom\public\product-images-optimized\terracotta-vase-rs-3800-rf-10257-h75cm.webp,C:\Dev\ram-potteey-ecom\public\product-images-optimized,terracotta-vase-rs-3800-rf-10257-h75cm.webp,Terracotta Home Decor,Terracotta Home Decor,Terracotta Vase,terracotta-vase-2-5,3800,4750,Featured,,75,,"Handcrafted terracotta clay piece from Ram Pottery Mauritius, ideal for floral arrangements, console styling, hotel décor, gifting and premium interior decoration.","Terracotta Vase is a premium terracotta home décor piece from Ram Pottery Mauritius, designed to bring warmth, texture and statement artisan style to any space.

This piece is ideal for floral arrangements, console styling, hotel décor, gifting and premium interior decoration. Each item carries the natural charm of handmade pottery, with small variations in tone, texture and finish that make every product unique. It is a beautiful choice for customers looking for authentic Mauritian craftsmanship, meaningful gifts, traditional pieces and elegant décor.

Specifications:
- Category: Terracotta Home Decor
- Material: Terracotta clay
- Colour/finish: Natural earthy clay tone
- Approximate size: H 75 cm
- Price: Rs 3800
- Origin: Ram Pottery Mauritius
- Care: Handle with care; wipe gently with a soft cloth; avoid sudden impact or harsh cleaning chemicals.",Terracotta Vase | Handmade Pottery Mauritius,"Buy Terracotta Vase from Ram Pottery Mauritius. Handmade terracotta clay for terracotta home decor, décor, gifting and traditional use. Rs 3800.",Terracotta Vase - Terracotta Home Decor handmade by Ram Pottery Mauritius,terracotta-vase-rs-3800-rf-10257-h75cm.webp,C:\Dev\ram-potteey-ecom\public\product-images-optimized\terracotta-vase-rs-3800-rf-10257-h75cm.webp,1000,TRUE,TRUE,Terracotta clay,Natural earthy clay tone,Category: Terracotta Home Decor | Material: Terracotta clay | Colour/finish: Natural earthy clay tone | Size: H 75 cm | Stock: 1000
C:\Dev\ram-potteey-ecom\public\product-images-optimized\terracotta-vase-rs-8500-rf-10258-h-107cm.webp,C:\Dev\ram-potteey-ecom\public\product-images-optimized,terracotta-vase-rs-8500-rf-10258-h-107cm.webp,Terracotta Home Decor,Terracotta Home Decor,Terracotta Vase,terracotta-vase-2-6,8500,10625,Featured,,107,,"Handcrafted terracotta clay piece from Ram Pottery Mauritius, ideal for floral arrangements, console styling, hotel décor, gifting and premium interior decoration.","Terracotta Vase is a premium terracotta home décor piece from Ram Pottery Mauritius, designed to bring warmth, texture and statement artisan style to any space.

This piece is ideal for floral arrangements, console styling, hotel décor, gifting and premium interior decoration. Each item carries the natural charm of handmade pottery, with small variations in tone, texture and finish that make every product unique. It is a beautiful choice for customers looking for authentic Mauritian craftsmanship, meaningful gifts, traditional pieces and elegant décor.

Specifications:
- Category: Terracotta Home Decor
- Material: Terracotta clay
- Colour/finish: Natural earthy clay tone
- Approximate size: H 107 cm
- Price: Rs 8500
- Origin: Ram Pottery Mauritius
- Care: Handle with care; wipe gently with a soft cloth; avoid sudden impact or harsh cleaning chemicals.",Terracotta Vase | Handmade Pottery Mauritius,"Buy Terracotta Vase from Ram Pottery Mauritius. Handmade terracotta clay for terracotta home decor, décor, gifting and traditional use. Rs 8500.",Terracotta Vase - Terracotta Home Decor handmade by Ram Pottery Mauritius,terracotta-vase-rs-8500-rf-10258-h-107cm.webp,C:\Dev\ram-potteey-ecom\public\product-images-optimized\terracotta-vase-rs-8500-rf-10258-h-107cm.webp,1000,TRUE,TRUE,Terracotta clay,Natural earthy clay tone,Category: Terracotta Home Decor | Material: Terracotta clay | Colour/finish: Natural earthy clay tone | Size: H 107 cm | Stock: 1000
C:\Dev\ram-potteey-ecom\public\product-images-optimized\terracotta-vase-with-face-design-52x-28cm-rf10292-rs-2100.webp,C:\Dev\ram-potteey-ecom\public\product-images-optimized,terracotta-vase-with-face-design-52x-28cm-rf10292-rs-2100.webp,Terracotta Home Decor,Terracotta Home Decor,Terracotta Vase with Face Design 52X,terracotta-vase-with-face-design-52x,2100,2625,Featured,,,,"Handcrafted terracotta clay piece from Ram Pottery Mauritius, ideal for floral arrangements, console styling, hotel décor, gifting and premium interior decoration.","Terracotta Vase with Face Design 52X is a premium terracotta home décor piece from Ram Pottery Mauritius, designed to bring warmth, texture and statement artisan style to any space.

This piece is ideal for floral arrangements, console styling, hotel décor, gifting and premium interior decoration. Each item carries the natural charm of handmade pottery, with small variations in tone, texture and finish that make every product unique. It is a beautiful choice for customers looking for authentic Mauritian craftsmanship, meaningful gifts, traditional pieces and elegant décor.

Specifications:
- Category: Terracotta Home Decor
- Material: Terracotta clay
- Colour/finish: Natural earthy clay tone
- Approximate size: Approximate size shown in product image
- Price: Rs 2100
- Origin: Ram Pottery Mauritius
- Care: Handle with care; wipe gently with a soft cloth; avoid sudden impact or harsh cleaning chemicals.",Terracotta Vase with Face Design 52X | Handmade Pottery Mauritius,"Buy Terracotta Vase with Face Design 52X from Ram Pottery Mauritius. Handmade terracotta clay for terracotta home decor, décor, gifting and traditional use. Rs 2100.",Terracotta Vase with Face Design 52X - Terracotta Home Decor handmade by Ram Pottery Mauritius,terracotta-vase-with-face-design-52x-28cm-rf10292-rs-2100.webp,C:\Dev\ram-potteey-ecom\public\product-images-optimized\terracotta-vase-with-face-design-52x-28cm-rf10292-rs-2100.webp,1000,TRUE,TRUE,Terracotta clay,Natural earthy clay tone,Category: Terracotta Home Decor | Material: Terracotta clay | Colour/finish: Natural earthy clay tone | Size: Approximate size shown in product image | Stock: 1000
C:\Dev\ram-potteey-ecom\public\product-images-optimized\terracotta-vase-with-jug-design-h57-d40-rs-3400-rf-10326.webp,C:\Dev\ram-potteey-ecom\public\product-images-optimized,terracotta-vase-with-jug-design-h57-d40-rs-3400-rf-10326.webp,Terracotta Home Decor,Terracotta Home Decor,Terracotta Vase with Jug Design,terracotta-vase-with-jug-design,3400,4250,Featured,,57,,"Handcrafted terracotta clay piece from Ram Pottery Mauritius, ideal for floral arrangements, console styling, hotel décor, gifting and premium interior decoration.","Terracotta Vase with Jug Design is a premium terracotta home décor piece from Ram Pottery Mauritius, designed to bring warmth, texture and statement artisan style to any space.

This piece is ideal for floral arrangements, console styling, hotel décor, gifting and premium interior decoration. Each item carries the natural charm of handmade pottery, with small variations in tone, texture and finish that make every product unique. It is a beautiful choice for customers looking for authentic Mauritian craftsmanship, meaningful gifts, traditional pieces and elegant décor.

Specifications:
- Category: Terracotta Home Decor
- Material: Terracotta clay
- Colour/finish: Natural earthy clay tone
- Approximate size: H 57 cm
- Price: Rs 3400
- Origin: Ram Pottery Mauritius
- Care: Handle with care; wipe gently with a soft cloth; avoid sudden impact or harsh cleaning chemicals.",Terracotta Vase with Jug Design | Handmade Pottery Mauritius,"Buy Terracotta Vase with Jug Design from Ram Pottery Mauritius. Handmade terracotta clay for terracotta home decor, décor, gifting and traditional use. Rs 3400.",Terracotta Vase with Jug Design - Terracotta Home Decor handmade by Ram Pottery Mauritius,terracotta-vase-with-jug-design-h57-d40-rs-3400-rf-10326.webp,C:\Dev\ram-potteey-ecom\public\product-images-optimized\terracotta-vase-with-jug-design-h57-d40-rs-3400-rf-10326.webp,1000,TRUE,TRUE,Terracotta clay,Natural earthy clay tone,Category: Terracotta Home Decor | Material: Terracotta clay | Colour/finish: Natural earthy clay tone | Size: H 57 cm | Stock: 1000
C:\Dev\ram-potteey-ecom\public\product-images-optimized\terracotta-vase-with-jug-design-rs-2000-rf-10298-h33-d37.webp,C:\Dev\ram-potteey-ecom\public\product-images-optimized,terracotta-vase-with-jug-design-rs-2000-rf-10298-h33-d37.webp,Terracotta Home Decor,Terracotta Home Decor,Terracotta Vase with Jug Design,terracotta-vase-with-jug-design-2,2000,2500,Featured,,33,,"Handcrafted terracotta clay piece from Ram Pottery Mauritius, ideal for floral arrangements, console styling, hotel décor, gifting and premium interior decoration.","Terracotta Vase with Jug Design is a premium terracotta home décor piece from Ram Pottery Mauritius, designed to bring warmth, texture and statement artisan style to any space.

This piece is ideal for floral arrangements, console styling, hotel décor, gifting and premium interior decoration. Each item carries the natural charm of handmade pottery, with small variations in tone, texture and finish that make every product unique. It is a beautiful choice for customers looking for authentic Mauritian craftsmanship, meaningful gifts, traditional pieces and elegant décor.

Specifications:
- Category: Terracotta Home Decor
- Material: Terracotta clay
- Colour/finish: Natural earthy clay tone
- Approximate size: H 33 cm
- Price: Rs 2000
- Origin: Ram Pottery Mauritius
- Care: Handle with care; wipe gently with a soft cloth; avoid sudden impact or harsh cleaning chemicals.",Terracotta Vase with Jug Design | Handmade Pottery Mauritius,"Buy Terracotta Vase with Jug Design from Ram Pottery Mauritius. Handmade terracotta clay for terracotta home decor, décor, gifting and traditional use. Rs 2000.",Terracotta Vase with Jug Design - Terracotta Home Decor handmade by Ram Pottery Mauritius,terracotta-vase-with-jug-design-rs-2000-rf-10298-h33-d37.webp,C:\Dev\ram-potteey-ecom\public\product-images-optimized\terracotta-vase-with-jug-design-rs-2000-rf-10298-h33-d37.webp,1000,TRUE,TRUE,Terracotta clay,Natural earthy clay tone,Category: Terracotta Home Decor | Material: Terracotta clay | Colour/finish: Natural earthy clay tone | Size: H 33 cm | Stock: 1000
C:\Dev\ram-potteey-ecom\public\product-images-optimized\terracotta-vase-with-jug-design-rs-3800-rf-10269-h48-d44.webp,C:\Dev\ram-potteey-ecom\public\product-images-optimized,terracotta-vase-with-jug-design-rs-3800-rf-10269-h48-d44.webp,Terracotta Home Decor,Terracotta Home Decor,Terracotta Vase with Jug Design,terracotta-vase-with-jug-design-2-2,3800,4750,Featured,,48,,"Handcrafted terracotta clay piece from Ram Pottery Mauritius, ideal for floral arrangements, console styling, hotel décor, gifting and premium interior decoration.","Terracotta Vase with Jug Design is a premium terracotta home décor piece from Ram Pottery Mauritius, designed to bring warmth, texture and statement artisan style to any space.

This piece is ideal for floral arrangements, console styling, hotel décor, gifting and premium interior decoration. Each item carries the natural charm of handmade pottery, with small variations in tone, texture and finish that make every product unique. It is a beautiful choice for customers looking for authentic Mauritian craftsmanship, meaningful gifts, traditional pieces and elegant décor.

Specifications:
- Category: Terracotta Home Decor
- Material: Terracotta clay
- Colour/finish: Natural earthy clay tone
- Approximate size: H 48 cm
- Price: Rs 3800
- Origin: Ram Pottery Mauritius
- Care: Handle with care; wipe gently with a soft cloth; avoid sudden impact or harsh cleaning chemicals.",Terracotta Vase with Jug Design | Handmade Pottery Mauritius,"Buy Terracotta Vase with Jug Design from Ram Pottery Mauritius. Handmade terracotta clay for terracotta home decor, décor, gifting and traditional use. Rs 3800.",Terracotta Vase with Jug Design - Terracotta Home Decor handmade by Ram Pottery Mauritius,terracotta-vase-with-jug-design-rs-3800-rf-10269-h48-d44.webp,C:\Dev\ram-potteey-ecom\public\product-images-optimized\terracotta-vase-with-jug-design-rs-3800-rf-10269-h48-d44.webp,1000,TRUE,TRUE,Terracotta clay,Natural earthy clay tone,Category: Terracotta Home Decor | Material: Terracotta clay | Colour/finish: Natural earthy clay tone | Size: H 48 cm | Stock: 1000
C:\Dev\ram-potteey-ecom\public\product-images-optimized\terracotta-vasewith-jug-design-rs-2900-rf-10297-40x40cm.webp,C:\Dev\ram-potteey-ecom\public\product-images-optimized,terracotta-vasewith-jug-design-rs-2900-rf-10297-40x40cm.webp,Terracotta Home Decor,Terracotta Home Decor,Terracotta Vasewith Jug Design 40x40cm,terracotta-vasewith-jug-design-40x40cm,2900,3625,Featured,,,,"Handcrafted terracotta clay piece from Ram Pottery Mauritius, ideal for floral arrangements, console styling, hotel décor, gifting and premium interior decoration.","Terracotta Vasewith Jug Design 40x40cm is a premium terracotta home décor piece from Ram Pottery Mauritius, designed to bring warmth, texture and statement artisan style to any space.

This piece is ideal for floral arrangements, console styling, hotel décor, gifting and premium interior decoration. Each item carries the natural charm of handmade pottery, with small variations in tone, texture and finish that make every product unique. It is a beautiful choice for customers looking for authentic Mauritian craftsmanship, meaningful gifts, traditional pieces and elegant décor.

Specifications:
- Category: Terracotta Home Decor
- Material: Terracotta clay
- Colour/finish: Natural earthy clay tone
- Approximate size: 40 cm × 40 cm
- Price: Rs 2900
- Origin: Ram Pottery Mauritius
- Care: Handle with care; wipe gently with a soft cloth; avoid sudden impact or harsh cleaning chemicals.",Terracotta Vasewith Jug Design 40x40cm | Handmade Pottery Mauritius,"Buy Terracotta Vasewith Jug Design 40x40cm from Ram Pottery Mauritius. Handmade terracotta clay for terracotta home decor, décor, gifting and traditional use. Rs 2900.",Terracotta Vasewith Jug Design 40x40cm - Terracotta Home Decor handmade by Ram Pottery Mauritius,terracotta-vasewith-jug-design-rs-2900-rf-10297-40x40cm.webp,C:\Dev\ram-potteey-ecom\public\product-images-optimized\terracotta-vasewith-jug-design-rs-2900-rf-10297-40x40cm.webp,1000,TRUE,TRUE,Terracotta clay,Natural earthy clay tone,Category: Terracotta Home Decor | Material: Terracotta clay | Colour/finish: Natural earthy clay tone | Size: 40 cm × 40 cm | Stock: 1000
